ISO-10303-21;
HEADER;
FILE_DESCRIPTION(('Open CASCADE Model'),'2;1');
FILE_NAME('Open CASCADE Shape Model','2026-10-03T14:57:31',('Author'),(
    'Open CASCADE'),'Open CASCADE STEP processor 8.0','build123d',
  'Unknown');
FILE_SCHEMA(('AUTOMOTIVE_DESIGN { 1 0 10303 214 1 1 1 1 }'));
ENDSEC;
DATA;
#1 = APPLICATION_PROTOCOL_DEFINITION('international standard',
  'automotive_design',2000,#2);
#2 = APPLICATION_CONTEXT(
  'core data for automotive mechanical design processes');
#3 = SHAPE_DEFINITION_REPRESENTATION(#4,#10);
#4 = PRODUCT_DEFINITION_SHAPE('','',#5);
#5 = PRODUCT_DEFINITION('design','',#6,#9);
#6 = PRODUCT_DEFINITION_FORMATION('','',#7);
#7 = PRODUCT('COMPOUND','COMPOUND','',(#8));
#8 = PRODUCT_CONTEXT('',#2,'mechanical');
#9 = PRODUCT_DEFINITION_CONTEXT('part definition',#2,'design');
#10 = ADVANCED_BREP_SHAPE_REPRESENTATION('',(#11,#15),#2760);
#11 = AXIS2_PLACEMENT_3D('',#12,#13,#14);
#12 = CARTESIAN_POINT('',(0.,0.,0.));
#13 = DIRECTION('',(0.,0.,1.));
#14 = DIRECTION('',(1.,0.,-0.));
#15 = MANIFOLD_SOLID_BREP('',#16);
#16 = CLOSED_SHELL('',(#17,#137,#445,#522,#773,#823,#855,#881,#908,#935,
    #962,#1009,#1036,#1063,#1070,#1097,#1124,#1150,#1894,#1929,#2119,
    #2309,#2499,#2689,#2756));
#17 = ADVANCED_FACE('',(#18),#32,.F.);
#18 = FACE_BOUND('',#19,.F.);
#19 = EDGE_LOOP('',(#20,#55,#83,#111));
#20 = ORIENTED_EDGE('',*,*,#21,.F.);
#21 = EDGE_CURVE('',#22,#24,#26,.T.);
#22 = VERTEX_POINT('',#23);
#23 = CARTESIAN_POINT('',(165.,-15.,505.));
#24 = VERTEX_POINT('',#25);
#25 = CARTESIAN_POINT('',(165.,-15.,553.));
#26 = SURFACE_CURVE('',#27,(#31,#43),.PCURVE_S1.);
#27 = LINE('',#28,#29);
#28 = CARTESIAN_POINT('',(165.,-15.,505.));
#29 = VECTOR('',#30,1.);
#30 = DIRECTION('',(0.,0.,1.));
#31 = PCURVE('',#32,#37);
#32 = PLANE('',#33);
#33 = AXIS2_PLACEMENT_3D('',#34,#35,#36);
#34 = CARTESIAN_POINT('',(165.,-15.,505.));
#35 = DIRECTION('',(1.,0.,-0.));
#36 = DIRECTION('',(0.,0.,1.));
#37 = DEFINITIONAL_REPRESENTATION('',(#38),#42);
#38 = LINE('',#39,#40);
#39 = CARTESIAN_POINT('',(0.,0.));
#40 = VECTOR('',#41,1.);
#41 = DIRECTION('',(1.,0.));
#42 = ( GEOMETRIC_REPRESENTATION_CONTEXT(2) 
PARAMETRIC_REPRESENTATION_CONTEXT() REPRESENTATION_CONTEXT('2D SPACE',''
  ) );
#43 = PCURVE('',#44,#49);
#44 = PLANE('',#45);
#45 = AXIS2_PLACEMENT_3D('',#46,#47,#48);
#46 = CARTESIAN_POINT('',(165.,-15.,505.));
#47 = DIRECTION('',(-0.,1.,0.));
#48 = DIRECTION('',(0.,0.,1.));
#49 = DEFINITIONAL_REPRESENTATION('',(#50),#54);
#50 = LINE('',#51,#52);
#51 = CARTESIAN_POINT('',(0.,0.));
#52 = VECTOR('',#53,1.);
#53 = DIRECTION('',(1.,0.));
#54 = ( GEOMETRIC_REPRESENTATION_CONTEXT(2) 
PARAMETRIC_REPRESENTATION_CONTEXT() REPRESENTATION_CONTEXT('2D SPACE',''
  ) );
#55 = ORIENTED_EDGE('',*,*,#56,.T.);
#56 = EDGE_CURVE('',#22,#57,#59,.T.);
#57 = VERTEX_POINT('',#58);
#58 = CARTESIAN_POINT('',(165.,15.,505.));
#59 = SURFACE_CURVE('',#60,(#64,#71),.PCURVE_S1.);
#60 = LINE('',#61,#62);
#61 = CARTESIAN_POINT('',(165.,-15.,505.));
#62 = VECTOR('',#63,1.);
#63 = DIRECTION('',(-0.,1.,0.));
#64 = PCURVE('',#32,#65);
#65 = DEFINITIONAL_REPRESENTATION('',(#66),#70);
#66 = LINE('',#67,#68);
#67 = CARTESIAN_POINT('',(0.,0.));
#68 = VECTOR('',#69,1.);
#69 = DIRECTION('',(0.,-1.));
#70 = ( GEOMETRIC_REPRESENTATION_CONTEXT(2) 
PARAMETRIC_REPRESENTATION_CONTEXT() REPRESENTATION_CONTEXT('2D SPACE',''
  ) );
#71 = PCURVE('',#72,#77);
#72 = PLANE('',#73);
#73 = AXIS2_PLACEMENT_3D('',#74,#75,#76);
#74 = CARTESIAN_POINT('',(165.,-15.,505.));
#75 = DIRECTION('',(0.,0.,1.));
#76 = DIRECTION('',(1.,0.,-0.));
#77 = DEFINITIONAL_REPRESENTATION('',(#78),#82);
#78 = LINE('',#79,#80);
#79 = CARTESIAN_POINT('',(0.,0.));
#80 = VECTOR('',#81,1.);
#81 = DIRECTION('',(0.,1.));
#82 = ( GEOMETRIC_REPRESENTATION_CONTEXT(2) 
PARAMETRIC_REPRESENTATION_CONTEXT() REPRESENTATION_CONTEXT('2D SPACE',''
  ) );
#83 = ORIENTED_EDGE('',*,*,#84,.T.);
#84 = EDGE_CURVE('',#57,#85,#87,.T.);
#85 = VERTEX_POINT('',#86);
#86 = CARTESIAN_POINT('',(165.,15.,553.));
#87 = SURFACE_CURVE('',#88,(#92,#99),.PCURVE_S1.);
#88 = LINE('',#89,#90);
#89 = CARTESIAN_POINT('',(165.,15.,505.));
#90 = VECTOR('',#91,1.);
#91 = DIRECTION('',(0.,0.,1.));
#92 = PCURVE('',#32,#93);
#93 = DEFINITIONAL_REPRESENTATION('',(#94),#98);
#94 = LINE('',#95,#96);
#95 = CARTESIAN_POINT('',(0.,-30.));
#96 = VECTOR('',#97,1.);
#97 = DIRECTION('',(1.,0.));
#98 = ( GEOMETRIC_REPRESENTATION_CONTEXT(2) 
PARAMETRIC_REPRESENTATION_CONTEXT() REPRESENTATION_CONTEXT('2D SPACE',''
  ) );
#99 = PCURVE('',#100,#105);
#100 = PLANE('',#101);
#101 = AXIS2_PLACEMENT_3D('',#102,#103,#104);
#102 = CARTESIAN_POINT('',(165.,15.,505.));
#103 = DIRECTION('',(-0.,1.,0.));
#104 = DIRECTION('',(0.,0.,1.));
#105 = DEFINITIONAL_REPRESENTATION('',(#106),#110);
#106 = LINE('',#107,#108);
#107 = CARTESIAN_POINT('',(0.,0.));
#108 = VECTOR('',#109,1.);
#109 = DIRECTION('',(1.,0.));
#110 = ( GEOMETRIC_REPRESENTATION_CONTEXT(2) 
PARAMETRIC_REPRESENTATION_CONTEXT() REPRESENTATION_CONTEXT('2D SPACE',''
  ) );
#111 = ORIENTED_EDGE('',*,*,#112,.F.);
#112 = EDGE_CURVE('',#24,#85,#113,.T.);
#113 = SURFACE_CURVE('',#114,(#118,#125),.PCURVE_S1.);
#114 = LINE('',#115,#116);
#115 = CARTESIAN_POINT('',(165.,-15.,553.));
#116 = VECTOR('',#117,1.);
#117 = DIRECTION('',(-0.,1.,0.));
#118 = PCURVE('',#32,#119);
#119 = DEFINITIONAL_REPRESENTATION('',(#120),#124);
#120 = LINE('',#121,#122);
#121 = CARTESIAN_POINT('',(48.,0.));
#122 = VECTOR('',#123,1.);
#123 = DIRECTION('',(0.,-1.));
#124 = ( GEOMETRIC_REPRESENTATION_CONTEXT(2) 
PARAMETRIC_REPRESENTATION_CONTEXT() REPRESENTATION_CONTEXT('2D SPACE',''
  ) );
#125 = PCURVE('',#126,#131);
#126 = PLANE('',#127);
#127 = AXIS2_PLACEMENT_3D('',#128,#129,#130);
#128 = CARTESIAN_POINT('',(165.,-15.,553.));
#129 = DIRECTION('',(0.,0.,1.));
#130 = DIRECTION('',(1.,0.,-0.));
#131 = DEFINITIONAL_REPRESENTATION('',(#132),#136);
#132 = LINE('',#133,#134);
#133 = CARTESIAN_POINT('',(0.,0.));
#134 = VECTOR('',#135,1.);
#135 = DIRECTION('',(0.,1.));
#136 = ( GEOMETRIC_REPRESENTATION_CONTEXT(2) 
PARAMETRIC_REPRESENTATION_CONTEXT() REPRESENTATION_CONTEXT('2D SPACE',''
  ) );
#137 = ADVANCED_FACE('',(#138,#269,#304,#339),#44,.F.);
#138 = FACE_BOUND('',#139,.F.);
#139 = EDGE_LOOP('',(#140,#163,#164,#187,#215,#243));
#140 = ORIENTED_EDGE('',*,*,#141,.F.);
#141 = EDGE_CURVE('',#22,#142,#144,.T.);
#142 = VERTEX_POINT('',#143);
#143 = CARTESIAN_POINT('',(230.,-15.,505.));
#144 = SURFACE_CURVE('',#145,(#149,#156),.PCURVE_S1.);
#145 = LINE('',#146,#147);
#146 = CARTESIAN_POINT('',(165.,-15.,505.));
#147 = VECTOR('',#148,1.);
#148 = DIRECTION('',(1.,0.,-0.));
#149 = PCURVE('',#44,#150);
#150 = DEFINITIONAL_REPRESENTATION('',(#151),#155);
#151 = LINE('',#152,#153);
#152 = CARTESIAN_POINT('',(0.,0.));
#153 = VECTOR('',#154,1.);
#154 = DIRECTION('',(0.,1.));
#155 = ( GEOMETRIC_REPRESENTATION_CONTEXT(2) 
PARAMETRIC_REPRESENTATION_CONTEXT() REPRESENTATION_CONTEXT('2D SPACE',''
  ) );
#156 = PCURVE('',#72,#157);
#157 = DEFINITIONAL_REPRESENTATION('',(#158),#162);
#158 = LINE('',#159,#160);
#159 = CARTESIAN_POINT('',(0.,0.));
#160 = VECTOR('',#161,1.);
#161 = DIRECTION('',(1.,0.));
#162 = ( GEOMETRIC_REPRESENTATION_CONTEXT(2) 
PARAMETRIC_REPRESENTATION_CONTEXT() REPRESENTATION_CONTEXT('2D SPACE',''
  ) );
#163 = ORIENTED_EDGE('',*,*,#21,.T.);
#164 = ORIENTED_EDGE('',*,*,#165,.T.);
#165 = EDGE_CURVE('',#24,#166,#168,.T.);
#166 = VERTEX_POINT('',#167);
#167 = CARTESIAN_POINT('',(230.,-15.,553.));
#168 = SURFACE_CURVE('',#169,(#173,#180),.PCURVE_S1.);
#169 = LINE('',#170,#171);
#170 = CARTESIAN_POINT('',(165.,-15.,553.));
#171 = VECTOR('',#172,1.);
#172 = DIRECTION('',(1.,0.,-0.));
#173 = PCURVE('',#44,#174);
#174 = DEFINITIONAL_REPRESENTATION('',(#175),#179);
#175 = LINE('',#176,#177);
#176 = CARTESIAN_POINT('',(48.,0.));
#177 = VECTOR('',#178,1.);
#178 = DIRECTION('',(0.,1.));
#179 = ( GEOMETRIC_REPRESENTATION_CONTEXT(2) 
PARAMETRIC_REPRESENTATION_CONTEXT() REPRESENTATION_CONTEXT('2D SPACE',''
  ) );
#180 = PCURVE('',#126,#181);
#181 = DEFINITIONAL_REPRESENTATION('',(#182),#186);
#182 = LINE('',#183,#184);
#183 = CARTESIAN_POINT('',(0.,0.));
#184 = VECTOR('',#185,1.);
#185 = DIRECTION('',(1.,0.));
#186 = ( GEOMETRIC_REPRESENTATION_CONTEXT(2) 
PARAMETRIC_REPRESENTATION_CONTEXT() REPRESENTATION_CONTEXT('2D SPACE',''
  ) );
#187 = ORIENTED_EDGE('',*,*,#188,.F.);
#188 = EDGE_CURVE('',#189,#166,#191,.T.);
#189 = VERTEX_POINT('',#190);
#190 = CARTESIAN_POINT('',(230.,-15.,547.73499399519));
#191 = SURFACE_CURVE('',#192,(#196,#203),.PCURVE_S1.);
#192 = LINE('',#193,#194);
#193 = CARTESIAN_POINT('',(230.,-15.,505.));
#194 = VECTOR('',#195,1.);
#195 = DIRECTION('',(0.,0.,1.));
#196 = PCURVE('',#44,#197);
#197 = DEFINITIONAL_REPRESENTATION('',(#198),#202);
#198 = LINE('',#199,#200);
#199 = CARTESIAN_POINT('',(0.,65.));
#200 = VECTOR('',#201,1.);
#201 = DIRECTION('',(1.,0.));
#202 = ( GEOMETRIC_REPRESENTATION_CONTEXT(2) 
PARAMETRIC_REPRESENTATION_CONTEXT() REPRESENTATION_CONTEXT('2D SPACE',''
  ) );
#203 = PCURVE('',#204,#209);
#204 = PLANE('',#205);
#205 = AXIS2_PLACEMENT_3D('',#206,#207,#208);
#206 = CARTESIAN_POINT('',(230.,-15.,505.));
#207 = DIRECTION('',(1.,0.,-0.));
#208 = DIRECTION('',(0.,0.,1.));
#209 = DEFINITIONAL_REPRESENTATION('',(#210),#214);
#210 = LINE('',#211,#212);
#211 = CARTESIAN_POINT('',(0.,0.));
#212 = VECTOR('',#213,1.);
#213 = DIRECTION('',(1.,0.));
#214 = ( GEOMETRIC_REPRESENTATION_CONTEXT(2) 
PARAMETRIC_REPRESENTATION_CONTEXT() REPRESENTATION_CONTEXT('2D SPACE',''
  ) );
#215 = ORIENTED_EDGE('',*,*,#216,.F.);
#216 = EDGE_CURVE('',#217,#189,#219,.T.);
#217 = VERTEX_POINT('',#218);
#218 = CARTESIAN_POINT('',(230.,-15.,510.2650060048));
#219 = SURFACE_CURVE('',#220,(#224,#231),.PCURVE_S1.);
#220 = LINE('',#221,#222);
#221 = CARTESIAN_POINT('',(230.,-15.,505.));
#222 = VECTOR('',#223,1.);
#223 = DIRECTION('',(0.,0.,1.));
#224 = PCURVE('',#44,#225);
#225 = DEFINITIONAL_REPRESENTATION('',(#226),#230);
#226 = LINE('',#227,#228);
#227 = CARTESIAN_POINT('',(0.,65.));
#228 = VECTOR('',#229,1.);
#229 = DIRECTION('',(1.,0.));
#230 = ( GEOMETRIC_REPRESENTATION_CONTEXT(2) 
PARAMETRIC_REPRESENTATION_CONTEXT() REPRESENTATION_CONTEXT('2D SPACE',''
  ) );
#231 = PCURVE('',#232,#237);
#232 = PLANE('',#233);
#233 = AXIS2_PLACEMENT_3D('',#234,#235,#236);
#234 = CARTESIAN_POINT('',(230.,0.,529.));
#235 = DIRECTION('',(1.,0.,2.22044604925E-16));
#236 = DIRECTION('',(2.22044604925E-16,0.,-1.));
#237 = DEFINITIONAL_REPRESENTATION('',(#238),#242);
#238 = LINE('',#239,#240);
#239 = CARTESIAN_POINT('',(24.,-15.));
#240 = VECTOR('',#241,1.);
#241 = DIRECTION('',(-1.,0.));
#242 = ( GEOMETRIC_REPRESENTATION_CONTEXT(2) 
PARAMETRIC_REPRESENTATION_CONTEXT() REPRESENTATION_CONTEXT('2D SPACE',''
  ) );
#243 = ORIENTED_EDGE('',*,*,#244,.F.);
#244 = EDGE_CURVE('',#142,#217,#245,.T.);
#245 = SURFACE_CURVE('',#246,(#250,#257),.PCURVE_S1.);
#246 = LINE('',#247,#248);
#247 = CARTESIAN_POINT('',(230.,-15.,505.));
#248 = VECTOR('',#249,1.);
#249 = DIRECTION('',(0.,0.,1.));
#250 = PCURVE('',#44,#251);
#251 = DEFINITIONAL_REPRESENTATION('',(#252),#256);
#252 = LINE('',#253,#254);
#253 = CARTESIAN_POINT('',(0.,65.));
#254 = VECTOR('',#255,1.);
#255 = DIRECTION('',(1.,0.));
#256 = ( GEOMETRIC_REPRESENTATION_CONTEXT(2) 
PARAMETRIC_REPRESENTATION_CONTEXT() REPRESENTATION_CONTEXT('2D SPACE',''
  ) );
#257 = PCURVE('',#258,#263);
#258 = PLANE('',#259);
#259 = AXIS2_PLACEMENT_3D('',#260,#261,#262);
#260 = CARTESIAN_POINT('',(230.,-15.,505.));
#261 = DIRECTION('',(1.,0.,-0.));
#262 = DIRECTION('',(0.,0.,1.));
#263 = DEFINITIONAL_REPRESENTATION('',(#264),#268);
#264 = LINE('',#265,#266);
#265 = CARTESIAN_POINT('',(0.,0.));
#266 = VECTOR('',#267,1.);
#267 = DIRECTION('',(1.,0.));
#268 = ( GEOMETRIC_REPRESENTATION_CONTEXT(2) 
PARAMETRIC_REPRESENTATION_CONTEXT() REPRESENTATION_CONTEXT('2D SPACE',''
  ) );
#269 = FACE_BOUND('',#270,.F.);
#270 = EDGE_LOOP('',(#271));
#271 = ORIENTED_EDGE('',*,*,#272,.T.);
#272 = EDGE_CURVE('',#273,#273,#275,.T.);
#273 = VERTEX_POINT('',#274);
#274 = CARTESIAN_POINT('',(184.05,-15.,517.));
#275 = SURFACE_CURVE('',#276,(#281,#292),.PCURVE_S1.);
#276 = CIRCLE('',#277,4.05);
#277 = AXIS2_PLACEMENT_3D('',#278,#279,#280);
#278 = CARTESIAN_POINT('',(180.,-15.,517.));
#279 = DIRECTION('',(0.,-1.,2.22044604925E-16));
#280 = DIRECTION('',(1.,0.,0.));
#281 = PCURVE('',#44,#282);
#282 = DEFINITIONAL_REPRESENTATION('',(#283),#291);
#283 = ( BOUNDED_CURVE() B_SPLINE_CURVE(2,(#284,#285,#286,#287,#288,#289
,#290),.UNSPECIFIED.,.T.,.F.) B_SPLINE_CURVE_WITH_KNOTS((1,2,2,2,2,1),(
    -2.094395102393,0.,2.094395102393,4.188790204786,6.28318530718,
8.377580409573),.UNSPECIFIED.) CURVE() GEOMETRIC_REPRESENTATION_ITEM() 
RATIONAL_B_SPLINE_CURVE((1.,0.5,1.,0.5,1.,0.5,1.)) REPRESENTATION_ITEM(
  '') );
#284 = CARTESIAN_POINT('',(12.,19.05));
#285 = CARTESIAN_POINT('',(19.014805770654,19.05));
#286 = CARTESIAN_POINT('',(15.507402885327,12.975));
#287 = CARTESIAN_POINT('',(12.,6.9));
#288 = CARTESIAN_POINT('',(8.492597114673,12.975));
#289 = CARTESIAN_POINT('',(4.985194229346,19.05));
#290 = CARTESIAN_POINT('',(12.,19.05));
#291 = ( GEOMETRIC_REPRESENTATION_CONTEXT(2) 
PARAMETRIC_REPRESENTATION_CONTEXT() REPRESENTATION_CONTEXT('2D SPACE',''
  ) );
#292 = PCURVE('',#293,#298);
#293 = CYLINDRICAL_SURFACE('',#294,4.05);
#294 = AXIS2_PLACEMENT_3D('',#295,#296,#297);
#295 = CARTESIAN_POINT('',(180.,16.,517.));
#296 = DIRECTION('',(0.,-1.,2.22044604925E-16));
#297 = DIRECTION('',(1.,0.,0.));
#298 = DEFINITIONAL_REPRESENTATION('',(#299),#303);
#299 = LINE('',#300,#301);
#300 = CARTESIAN_POINT('',(0.,31.));
#301 = VECTOR('',#302,1.);
#302 = DIRECTION('',(1.,0.));
#303 = ( GEOMETRIC_REPRESENTATION_CONTEXT(2) 
PARAMETRIC_REPRESENTATION_CONTEXT() REPRESENTATION_CONTEXT('2D SPACE',''
  ) );
#304 = FACE_BOUND('',#305,.F.);
#305 = EDGE_LOOP('',(#306));
#306 = ORIENTED_EDGE('',*,*,#307,.T.);
#307 = EDGE_CURVE('',#308,#308,#310,.T.);
#308 = VERTEX_POINT('',#309);
#309 = CARTESIAN_POINT('',(197.1,-15.,540.));
#310 = SURFACE_CURVE('',#311,(#316,#327),.PCURVE_S1.);
#311 = CIRCLE('',#312,4.1);
#312 = AXIS2_PLACEMENT_3D('',#313,#314,#315);
#313 = CARTESIAN_POINT('',(193.,-15.,540.));
#314 = DIRECTION('',(0.,-1.,2.22044604925E-16));
#315 = DIRECTION('',(1.,0.,0.));
#316 = PCURVE('',#44,#317);
#317 = DEFINITIONAL_REPRESENTATION('',(#318),#326);
#318 = ( BOUNDED_CURVE() B_SPLINE_CURVE(2,(#319,#320,#321,#322,#323,#324
,#325),.UNSPECIFIED.,.T.,.F.) B_SPLINE_CURVE_WITH_KNOTS((1,2,2,2,2,1),(
    -2.094395102393,0.,2.094395102393,4.188790204786,6.28318530718,
8.377580409573),.UNSPECIFIED.) CURVE() GEOMETRIC_REPRESENTATION_ITEM() 
RATIONAL_B_SPLINE_CURVE((1.,0.5,1.,0.5,1.,0.5,1.)) REPRESENTATION_ITEM(
  '') );
#319 = CARTESIAN_POINT('',(35.,32.1));
#320 = CARTESIAN_POINT('',(42.101408311032,32.1));
#321 = CARTESIAN_POINT('',(38.550704155516,25.95));
#322 = CARTESIAN_POINT('',(35.,19.8));
#323 = CARTESIAN_POINT('',(31.449295844484,25.95));
#324 = CARTESIAN_POINT('',(27.898591688968,32.1));
#325 = CARTESIAN_POINT('',(35.,32.1));
#326 = ( GEOMETRIC_REPRESENTATION_CONTEXT(2) 
PARAMETRIC_REPRESENTATION_CONTEXT() REPRESENTATION_CONTEXT('2D SPACE',''
  ) );
#327 = PCURVE('',#328,#333);
#328 = CYLINDRICAL_SURFACE('',#329,4.1);
#329 = AXIS2_PLACEMENT_3D('',#330,#331,#332);
#330 = CARTESIAN_POINT('',(193.,16.,540.));
#331 = DIRECTION('',(0.,-1.,2.22044604925E-16));
#332 = DIRECTION('',(1.,0.,0.));
#333 = DEFINITIONAL_REPRESENTATION('',(#334),#338);
#334 = LINE('',#335,#336);
#335 = CARTESIAN_POINT('',(0.,31.));
#336 = VECTOR('',#337,1.);
#337 = DIRECTION('',(1.,0.));
#338 = ( GEOMETRIC_REPRESENTATION_CONTEXT(2) 
PARAMETRIC_REPRESENTATION_CONTEXT() REPRESENTATION_CONTEXT('2D SPACE',''
  ) );
#339 = FACE_BOUND('',#340,.F.);
#340 = EDGE_LOOP('',(#341,#369,#395,#421));
#341 = ORIENTED_EDGE('',*,*,#342,.F.);
#342 = EDGE_CURVE('',#343,#345,#347,.T.);
#343 = VERTEX_POINT('',#344);
#344 = CARTESIAN_POINT('',(206.,-15.,541.));
#345 = VERTEX_POINT('',#346);
#346 = CARTESIAN_POINT('',(228.,-15.,541.));
#347 = SURFACE_CURVE('',#348,(#352,#358),.PCURVE_S1.);
#348 = LINE('',#349,#350);
#349 = CARTESIAN_POINT('',(185.5,-15.,541.));
#350 = VECTOR('',#351,1.);
#351 = DIRECTION('',(1.,0.,-0.));
#352 = PCURVE('',#44,#353);
#353 = DEFINITIONAL_REPRESENTATION('',(#354),#357);
#354 = B_SPLINE_CURVE_WITH_KNOTS('',1,(#355,#356),.UNSPECIFIED.,.F.,.F.,
  (2,2),(20.5,42.5),.PIECEWISE_BEZIER_KNOTS.);
#355 = CARTESIAN_POINT('',(36.,41.));
#356 = CARTESIAN_POINT('',(36.,63.));
#357 = ( GEOMETRIC_REPRESENTATION_CONTEXT(2) 
PARAMETRIC_REPRESENTATION_CONTEXT() REPRESENTATION_CONTEXT('2D SPACE',''
  ) );
#358 = PCURVE('',#359,#364);
#359 = PLANE('',#360);
#360 = AXIS2_PLACEMENT_3D('',#361,#362,#363);
#361 = CARTESIAN_POINT('',(206.,-16.,541.));
#362 = DIRECTION('',(0.,0.,1.));
#363 = DIRECTION('',(1.,0.,-0.));
#364 = DEFINITIONAL_REPRESENTATION('',(#365),#368);
#365 = B_SPLINE_CURVE_WITH_KNOTS('',1,(#366,#367),.UNSPECIFIED.,.F.,.F.,
  (2,2),(20.5,42.5),.PIECEWISE_BEZIER_KNOTS.);
#366 = CARTESIAN_POINT('',(0.,1.));
#367 = CARTESIAN_POINT('',(22.,1.));
#368 = ( GEOMETRIC_REPRESENTATION_CONTEXT(2) 
PARAMETRIC_REPRESENTATION_CONTEXT() REPRESENTATION_CONTEXT('2D SPACE',''
  ) );
#369 = ORIENTED_EDGE('',*,*,#370,.T.);
#370 = EDGE_CURVE('',#343,#371,#373,.T.);
#371 = VERTEX_POINT('',#372);
#372 = CARTESIAN_POINT('',(206.,-15.,517.));
#373 = SURFACE_CURVE('',#374,(#378,#384),.PCURVE_S1.);
#374 = LINE('',#375,#376);
#375 = CARTESIAN_POINT('',(206.,-15.,511.));
#376 = VECTOR('',#377,1.);
#377 = DIRECTION('',(-0.,0.,-1.));
#378 = PCURVE('',#44,#379);
#379 = DEFINITIONAL_REPRESENTATION('',(#380),#383);
#380 = B_SPLINE_CURVE_WITH_KNOTS('',1,(#381,#382),.UNSPECIFIED.,.F.,.F.,
  (2,2),(-30.,-6.),.PIECEWISE_BEZIER_KNOTS.);
#381 = CARTESIAN_POINT('',(36.,41.));
#382 = CARTESIAN_POINT('',(12.,41.));
#383 = ( GEOMETRIC_REPRESENTATION_CONTEXT(2) 
PARAMETRIC_REPRESENTATION_CONTEXT() REPRESENTATION_CONTEXT('2D SPACE',''
  ) );
#384 = PCURVE('',#385,#390);
#385 = PLANE('',#386);
#386 = AXIS2_PLACEMENT_3D('',#387,#388,#389);
#387 = CARTESIAN_POINT('',(206.,-16.,517.));
#388 = DIRECTION('',(1.,0.,-0.));
#389 = DIRECTION('',(0.,0.,1.));
#390 = DEFINITIONAL_REPRESENTATION('',(#391),#394);
#391 = B_SPLINE_CURVE_WITH_KNOTS('',1,(#392,#393),.UNSPECIFIED.,.F.,.F.,
  (2,2),(-30.,-6.),.PIECEWISE_BEZIER_KNOTS.);
#392 = CARTESIAN_POINT('',(24.,-1.));
#393 = CARTESIAN_POINT('',(0.,-1.));
#394 = ( GEOMETRIC_REPRESENTATION_CONTEXT(2) 
PARAMETRIC_REPRESENTATION_CONTEXT() REPRESENTATION_CONTEXT('2D SPACE',''
  ) );
#395 = ORIENTED_EDGE('',*,*,#396,.T.);
#396 = EDGE_CURVE('',#371,#397,#399,.T.);
#397 = VERTEX_POINT('',#398);
#398 = CARTESIAN_POINT('',(228.,-15.,517.));
#399 = SURFACE_CURVE('',#400,(#404,#410),.PCURVE_S1.);
#400 = LINE('',#401,#402);
#401 = CARTESIAN_POINT('',(185.5,-15.,517.));
#402 = VECTOR('',#403,1.);
#403 = DIRECTION('',(1.,0.,-0.));
#404 = PCURVE('',#44,#405);
#405 = DEFINITIONAL_REPRESENTATION('',(#406),#409);
#406 = B_SPLINE_CURVE_WITH_KNOTS('',1,(#407,#408),.UNSPECIFIED.,.F.,.F.,
  (2,2),(20.5,42.5),.PIECEWISE_BEZIER_KNOTS.);
#407 = CARTESIAN_POINT('',(12.,41.));
#408 = CARTESIAN_POINT('',(12.,63.));
#409 = ( GEOMETRIC_REPRESENTATION_CONTEXT(2) 
PARAMETRIC_REPRESENTATION_CONTEXT() REPRESENTATION_CONTEXT('2D SPACE',''
  ) );
#410 = PCURVE('',#411,#416);
#411 = PLANE('',#412);
#412 = AXIS2_PLACEMENT_3D('',#413,#414,#415);
#413 = CARTESIAN_POINT('',(206.,-16.,517.));
#414 = DIRECTION('',(0.,0.,1.));
#415 = DIRECTION('',(1.,0.,-0.));
#416 = DEFINITIONAL_REPRESENTATION('',(#417),#420);
#417 = B_SPLINE_CURVE_WITH_KNOTS('',1,(#418,#419),.UNSPECIFIED.,.F.,.F.,
  (2,2),(20.5,42.5),.PIECEWISE_BEZIER_KNOTS.);
#418 = CARTESIAN_POINT('',(0.,1.));
#419 = CARTESIAN_POINT('',(22.,1.));
#420 = ( GEOMETRIC_REPRESENTATION_CONTEXT(2) 
PARAMETRIC_REPRESENTATION_CONTEXT() REPRESENTATION_CONTEXT('2D SPACE',''
  ) );
#421 = ORIENTED_EDGE('',*,*,#422,.F.);
#422 = EDGE_CURVE('',#345,#397,#423,.T.);
#423 = SURFACE_CURVE('',#424,(#428,#434),.PCURVE_S1.);
#424 = LINE('',#425,#426);
#425 = CARTESIAN_POINT('',(228.,-15.,511.));
#426 = VECTOR('',#427,1.);
#427 = DIRECTION('',(-0.,0.,-1.));
#428 = PCURVE('',#44,#429);
#429 = DEFINITIONAL_REPRESENTATION('',(#430),#433);
#430 = B_SPLINE_CURVE_WITH_KNOTS('',1,(#431,#432),.UNSPECIFIED.,.F.,.F.,
  (2,2),(-30.,-6.),.PIECEWISE_BEZIER_KNOTS.);
#431 = CARTESIAN_POINT('',(36.,63.));
#432 = CARTESIAN_POINT('',(12.,63.));
#433 = ( GEOMETRIC_REPRESENTATION_CONTEXT(2) 
PARAMETRIC_REPRESENTATION_CONTEXT() REPRESENTATION_CONTEXT('2D SPACE',''
  ) );
#434 = PCURVE('',#435,#440);
#435 = PLANE('',#436);
#436 = AXIS2_PLACEMENT_3D('',#437,#438,#439);
#437 = CARTESIAN_POINT('',(228.,-16.,517.));
#438 = DIRECTION('',(1.,0.,-0.));
#439 = DIRECTION('',(0.,0.,1.));
#440 = DEFINITIONAL_REPRESENTATION('',(#441),#444);
#441 = B_SPLINE_CURVE_WITH_KNOTS('',1,(#442,#443),.UNSPECIFIED.,.F.,.F.,
  (2,2),(-30.,-6.),.PIECEWISE_BEZIER_KNOTS.);
#442 = CARTESIAN_POINT('',(24.,-1.));
#443 = CARTESIAN_POINT('',(0.,-1.));
#444 = ( GEOMETRIC_REPRESENTATION_CONTEXT(2) 
PARAMETRIC_REPRESENTATION_CONTEXT() REPRESENTATION_CONTEXT('2D SPACE',''
  ) );
#445 = ADVANCED_FACE('',(#446),#126,.T.);
#446 = FACE_BOUND('',#447,.T.);
#447 = EDGE_LOOP('',(#448,#449,#450,#473,#501));
#448 = ORIENTED_EDGE('',*,*,#112,.F.);
#449 = ORIENTED_EDGE('',*,*,#165,.T.);
#450 = ORIENTED_EDGE('',*,*,#451,.T.);
#451 = EDGE_CURVE('',#166,#452,#454,.T.);
#452 = VERTEX_POINT('',#453);
#453 = CARTESIAN_POINT('',(230.,-6.877633470252E-07,553.));
#454 = SURFACE_CURVE('',#455,(#459,#466),.PCURVE_S1.);
#455 = LINE('',#456,#457);
#456 = CARTESIAN_POINT('',(230.,-15.,553.));
#457 = VECTOR('',#458,1.);
#458 = DIRECTION('',(-0.,1.,0.));
#459 = PCURVE('',#126,#460);
#460 = DEFINITIONAL_REPRESENTATION('',(#461),#465);
#461 = LINE('',#462,#463);
#462 = CARTESIAN_POINT('',(65.,0.));
#463 = VECTOR('',#464,1.);
#464 = DIRECTION('',(0.,1.));
#465 = ( GEOMETRIC_REPRESENTATION_CONTEXT(2) 
PARAMETRIC_REPRESENTATION_CONTEXT() REPRESENTATION_CONTEXT('2D SPACE',''
  ) );
#466 = PCURVE('',#204,#467);
#467 = DEFINITIONAL_REPRESENTATION('',(#468),#472);
#468 = LINE('',#469,#470);
#469 = CARTESIAN_POINT('',(48.,0.));
#470 = VECTOR('',#471,1.);
#471 = DIRECTION('',(0.,-1.));
#472 = ( GEOMETRIC_REPRESENTATION_CONTEXT(2) 
PARAMETRIC_REPRESENTATION_CONTEXT() REPRESENTATION_CONTEXT('2D SPACE',''
  ) );
#473 = ORIENTED_EDGE('',*,*,#474,.T.);
#474 = EDGE_CURVE('',#452,#475,#477,.T.);
#475 = VERTEX_POINT('',#476);
#476 = CARTESIAN_POINT('',(230.,15.,553.));
#477 = SURFACE_CURVE('',#478,(#482,#489),.PCURVE_S1.);
#478 = LINE('',#479,#480);
#479 = CARTESIAN_POINT('',(230.,-15.,553.));
#480 = VECTOR('',#481,1.);
#481 = DIRECTION('',(-0.,1.,0.));
#482 = PCURVE('',#126,#483);
#483 = DEFINITIONAL_REPRESENTATION('',(#484),#488);
#484 = LINE('',#485,#486);
#485 = CARTESIAN_POINT('',(65.,0.));
#486 = VECTOR('',#487,1.);
#487 = DIRECTION('',(0.,1.));
#488 = ( GEOMETRIC_REPRESENTATION_CONTEXT(2) 
PARAMETRIC_REPRESENTATION_CONTEXT() REPRESENTATION_CONTEXT('2D SPACE',''
  ) );
#489 = PCURVE('',#490,#495);
#490 = PLANE('',#491);
#491 = AXIS2_PLACEMENT_3D('',#492,#493,#494);
#492 = CARTESIAN_POINT('',(230.,-15.,505.));
#493 = DIRECTION('',(1.,0.,-0.));
#494 = DIRECTION('',(0.,0.,1.));
#495 = DEFINITIONAL_REPRESENTATION('',(#496),#500);
#496 = LINE('',#497,#498);
#497 = CARTESIAN_POINT('',(48.,0.));
#498 = VECTOR('',#499,1.);
#499 = DIRECTION('',(0.,-1.));
#500 = ( GEOMETRIC_REPRESENTATION_CONTEXT(2) 
PARAMETRIC_REPRESENTATION_CONTEXT() REPRESENTATION_CONTEXT('2D SPACE',''
  ) );
#501 = ORIENTED_EDGE('',*,*,#502,.F.);
#502 = EDGE_CURVE('',#85,#475,#503,.T.);
#503 = SURFACE_CURVE('',#504,(#508,#515),.PCURVE_S1.);
#504 = LINE('',#505,#506);
#505 = CARTESIAN_POINT('',(165.,15.,553.));
#506 = VECTOR('',#507,1.);
#507 = DIRECTION('',(1.,0.,-0.));
#508 = PCURVE('',#126,#509);
#509 = DEFINITIONAL_REPRESENTATION('',(#510),#514);
#510 = LINE('',#511,#512);
#511 = CARTESIAN_POINT('',(0.,30.));
#512 = VECTOR('',#513,1.);
#513 = DIRECTION('',(1.,0.));
#514 = ( GEOMETRIC_REPRESENTATION_CONTEXT(2) 
PARAMETRIC_REPRESENTATION_CONTEXT() REPRESENTATION_CONTEXT('2D SPACE',''
  ) );
#515 = PCURVE('',#100,#516);
#516 = DEFINITIONAL_REPRESENTATION('',(#517),#521);
#517 = LINE('',#518,#519);
#518 = CARTESIAN_POINT('',(48.,0.));
#519 = VECTOR('',#520,1.);
#520 = DIRECTION('',(0.,1.));
#521 = ( GEOMETRIC_REPRESENTATION_CONTEXT(2) 
PARAMETRIC_REPRESENTATION_CONTEXT() REPRESENTATION_CONTEXT('2D SPACE',''
  ) );
#522 = ADVANCED_FACE('',(#523,#627,#657,#687),#100,.T.);
#523 = FACE_BOUND('',#524,.T.);
#524 = EDGE_LOOP('',(#525,#548,#549,#550,#573,#601));
#525 = ORIENTED_EDGE('',*,*,#526,.F.);
#526 = EDGE_CURVE('',#57,#527,#529,.T.);
#527 = VERTEX_POINT('',#528);
#528 = CARTESIAN_POINT('',(230.,15.,505.));
#529 = SURFACE_CURVE('',#530,(#534,#541),.PCURVE_S1.);
#530 = LINE('',#531,#532);
#531 = CARTESIAN_POINT('',(165.,15.,505.));
#532 = VECTOR('',#533,1.);
#533 = DIRECTION('',(1.,0.,-0.));
#534 = PCURVE('',#100,#535);
#535 = DEFINITIONAL_REPRESENTATION('',(#536),#540);
#536 = LINE('',#537,#538);
#537 = CARTESIAN_POINT('',(0.,0.));
#538 = VECTOR('',#539,1.);
#539 = DIRECTION('',(0.,1.));
#540 = ( GEOMETRIC_REPRESENTATION_CONTEXT(2) 
PARAMETRIC_REPRESENTATION_CONTEXT() REPRESENTATION_CONTEXT('2D SPACE',''
  ) );
#541 = PCURVE('',#72,#542);
#542 = DEFINITIONAL_REPRESENTATION('',(#543),#547);
#543 = LINE('',#544,#545);
#544 = CARTESIAN_POINT('',(0.,30.));
#545 = VECTOR('',#546,1.);
#546 = DIRECTION('',(1.,0.));
#547 = ( GEOMETRIC_REPRESENTATION_CONTEXT(2) 
PARAMETRIC_REPRESENTATION_CONTEXT() REPRESENTATION_CONTEXT('2D SPACE',''
  ) );
#548 = ORIENTED_EDGE('',*,*,#84,.T.);
#549 = ORIENTED_EDGE('',*,*,#502,.T.);
#550 = ORIENTED_EDGE('',*,*,#551,.F.);
#551 = EDGE_CURVE('',#552,#475,#554,.T.);
#552 = VERTEX_POINT('',#553);
#553 = CARTESIAN_POINT('',(230.,15.,547.73499399519));
#554 = SURFACE_CURVE('',#555,(#559,#566),.PCURVE_S1.);
#555 = LINE('',#556,#557);
#556 = CARTESIAN_POINT('',(230.,15.,505.));
#557 = VECTOR('',#558,1.);
#558 = DIRECTION('',(0.,0.,1.));
#559 = PCURVE('',#100,#560);
#560 = DEFINITIONAL_REPRESENTATION('',(#561),#565);
#561 = LINE('',#562,#563);
#562 = CARTESIAN_POINT('',(0.,65.));
#563 = VECTOR('',#564,1.);
#564 = DIRECTION('',(1.,0.));
#565 = ( GEOMETRIC_REPRESENTATION_CONTEXT(2) 
PARAMETRIC_REPRESENTATION_CONTEXT() REPRESENTATION_CONTEXT('2D SPACE',''
  ) );
#566 = PCURVE('',#490,#567);
#567 = DEFINITIONAL_REPRESENTATION('',(#568),#572);
#568 = LINE('',#569,#570);
#569 = CARTESIAN_POINT('',(0.,-30.));
#570 = VECTOR('',#571,1.);
#571 = DIRECTION('',(1.,0.));
#572 = ( GEOMETRIC_REPRESENTATION_CONTEXT(2) 
PARAMETRIC_REPRESENTATION_CONTEXT() REPRESENTATION_CONTEXT('2D SPACE',''
  ) );
#573 = ORIENTED_EDGE('',*,*,#574,.F.);
#574 = EDGE_CURVE('',#575,#552,#577,.T.);
#575 = VERTEX_POINT('',#576);
#576 = CARTESIAN_POINT('',(230.,15.,510.2650060048));
#577 = SURFACE_CURVE('',#578,(#582,#589),.PCURVE_S1.);
#578 = LINE('',#579,#580);
#579 = CARTESIAN_POINT('',(230.,15.,505.));
#580 = VECTOR('',#581,1.);
#581 = DIRECTION('',(0.,0.,1.));
#582 = PCURVE('',#100,#583);
#583 = DEFINITIONAL_REPRESENTATION('',(#584),#588);
#584 = LINE('',#585,#586);
#585 = CARTESIAN_POINT('',(0.,65.));
#586 = VECTOR('',#587,1.);
#587 = DIRECTION('',(1.,0.));
#588 = ( GEOMETRIC_REPRESENTATION_CONTEXT(2) 
PARAMETRIC_REPRESENTATION_CONTEXT() REPRESENTATION_CONTEXT('2D SPACE',''
  ) );
#589 = PCURVE('',#590,#595);
#590 = PLANE('',#591);
#591 = AXIS2_PLACEMENT_3D('',#592,#593,#594);
#592 = CARTESIAN_POINT('',(230.,0.,529.));
#593 = DIRECTION('',(1.,0.,2.22044604925E-16));
#594 = DIRECTION('',(2.22044604925E-16,0.,-1.));
#595 = DEFINITIONAL_REPRESENTATION('',(#596),#600);
#596 = LINE('',#597,#598);
#597 = CARTESIAN_POINT('',(24.,15.));
#598 = VECTOR('',#599,1.);
#599 = DIRECTION('',(-1.,0.));
#600 = ( GEOMETRIC_REPRESENTATION_CONTEXT(2) 
PARAMETRIC_REPRESENTATION_CONTEXT() REPRESENTATION_CONTEXT('2D SPACE',''
  ) );
#601 = ORIENTED_EDGE('',*,*,#602,.F.);
#602 = EDGE_CURVE('',#527,#575,#603,.T.);
#603 = SURFACE_CURVE('',#604,(#608,#615),.PCURVE_S1.);
#604 = LINE('',#605,#606);
#605 = CARTESIAN_POINT('',(230.,15.,505.));
#606 = VECTOR('',#607,1.);
#607 = DIRECTION('',(0.,0.,1.));
#608 = PCURVE('',#100,#609);
#609 = DEFINITIONAL_REPRESENTATION('',(#610),#614);
#610 = LINE('',#611,#612);
#611 = CARTESIAN_POINT('',(0.,65.));
#612 = VECTOR('',#613,1.);
#613 = DIRECTION('',(1.,0.));
#614 = ( GEOMETRIC_REPRESENTATION_CONTEXT(2) 
PARAMETRIC_REPRESENTATION_CONTEXT() REPRESENTATION_CONTEXT('2D SPACE',''
  ) );
#615 = PCURVE('',#616,#621);
#616 = PLANE('',#617);
#617 = AXIS2_PLACEMENT_3D('',#618,#619,#620);
#618 = CARTESIAN_POINT('',(230.,-15.,505.));
#619 = DIRECTION('',(1.,0.,-0.));
#620 = DIRECTION('',(0.,0.,1.));
#621 = DEFINITIONAL_REPRESENTATION('',(#622),#626);
#622 = LINE('',#623,#624);
#623 = CARTESIAN_POINT('',(0.,-30.));
#624 = VECTOR('',#625,1.);
#625 = DIRECTION('',(1.,0.));
#626 = ( GEOMETRIC_REPRESENTATION_CONTEXT(2) 
PARAMETRIC_REPRESENTATION_CONTEXT() REPRESENTATION_CONTEXT('2D SPACE',''
  ) );
#627 = FACE_BOUND('',#628,.T.);
#628 = EDGE_LOOP('',(#629));
#629 = ORIENTED_EDGE('',*,*,#630,.T.);
#630 = EDGE_CURVE('',#631,#631,#633,.T.);
#631 = VERTEX_POINT('',#632);
#632 = CARTESIAN_POINT('',(184.05,15.,517.));
#633 = SURFACE_CURVE('',#634,(#639,#650),.PCURVE_S1.);
#634 = CIRCLE('',#635,4.05);
#635 = AXIS2_PLACEMENT_3D('',#636,#637,#638);
#636 = CARTESIAN_POINT('',(180.,15.,517.));
#637 = DIRECTION('',(0.,-1.,2.22044604925E-16));
#638 = DIRECTION('',(1.,0.,0.));
#639 = PCURVE('',#100,#640);
#640 = DEFINITIONAL_REPRESENTATION('',(#641),#649);
#641 = ( BOUNDED_CURVE() B_SPLINE_CURVE(2,(#642,#643,#644,#645,#646,#647
,#648),.UNSPECIFIED.,.T.,.F.) B_SPLINE_CURVE_WITH_KNOTS((1,2,2,2,2,1),(
    -2.094395102393,0.,2.094395102393,4.188790204786,6.28318530718,
8.377580409573),.UNSPECIFIED.) CURVE() GEOMETRIC_REPRESENTATION_ITEM() 
RATIONAL_B_SPLINE_CURVE((1.,0.5,1.,0.5,1.,0.5,1.)) REPRESENTATION_ITEM(
  '') );
#642 = CARTESIAN_POINT('',(12.,19.05));
#643 = CARTESIAN_POINT('',(19.014805770654,19.05));
#644 = CARTESIAN_POINT('',(15.507402885327,12.975));
#645 = CARTESIAN_POINT('',(12.,6.9));
#646 = CARTESIAN_POINT('',(8.492597114673,12.975));
#647 = CARTESIAN_POINT('',(4.985194229346,19.05));
#648 = CARTESIAN_POINT('',(12.,19.05));
#649 = ( GEOMETRIC_REPRESENTATION_CONTEXT(2) 
PARAMETRIC_REPRESENTATION_CONTEXT() REPRESENTATION_CONTEXT('2D SPACE',''
  ) );
#650 = PCURVE('',#293,#651);
#651 = DEFINITIONAL_REPRESENTATION('',(#652),#656);
#652 = LINE('',#653,#654);
#653 = CARTESIAN_POINT('',(0.,1.));
#654 = VECTOR('',#655,1.);
#655 = DIRECTION('',(1.,0.));
#656 = ( GEOMETRIC_REPRESENTATION_CONTEXT(2) 
PARAMETRIC_REPRESENTATION_CONTEXT() REPRESENTATION_CONTEXT('2D SPACE',''
  ) );
#657 = FACE_BOUND('',#658,.T.);
#658 = EDGE_LOOP('',(#659));
#659 = ORIENTED_EDGE('',*,*,#660,.T.);
#660 = EDGE_CURVE('',#661,#661,#663,.T.);
#661 = VERTEX_POINT('',#662);
#662 = CARTESIAN_POINT('',(197.1,15.,540.));
#663 = SURFACE_CURVE('',#664,(#669,#680),.PCURVE_S1.);
#664 = CIRCLE('',#665,4.1);
#665 = AXIS2_PLACEMENT_3D('',#666,#667,#668);
#666 = CARTESIAN_POINT('',(193.,15.,540.));
#667 = DIRECTION('',(0.,-1.,2.22044604925E-16));
#668 = DIRECTION('',(1.,0.,0.));
#669 = PCURVE('',#100,#670);
#670 = DEFINITIONAL_REPRESENTATION('',(#671),#679);
#671 = ( BOUNDED_CURVE() B_SPLINE_CURVE(2,(#672,#673,#674,#675,#676,#677
,#678),.UNSPECIFIED.,.T.,.F.) B_SPLINE_CURVE_WITH_KNOTS((1,2,2,2,2,1),(
    -2.094395102393,0.,2.094395102393,4.188790204786,6.28318530718,
8.377580409573),.UNSPECIFIED.) CURVE() GEOMETRIC_REPRESENTATION_ITEM() 
RATIONAL_B_SPLINE_CURVE((1.,0.5,1.,0.5,1.,0.5,1.)) REPRESENTATION_ITEM(
  '') );
#672 = CARTESIAN_POINT('',(35.,32.1));
#673 = CARTESIAN_POINT('',(42.101408311032,32.1));
#674 = CARTESIAN_POINT('',(38.550704155516,25.95));
#675 = CARTESIAN_POINT('',(35.,19.8));
#676 = CARTESIAN_POINT('',(31.449295844484,25.95));
#677 = CARTESIAN_POINT('',(27.898591688968,32.1));
#678 = CARTESIAN_POINT('',(35.,32.1));
#679 = ( GEOMETRIC_REPRESENTATION_CONTEXT(2) 
PARAMETRIC_REPRESENTATION_CONTEXT() REPRESENTATION_CONTEXT('2D SPACE',''
  ) );
#680 = PCURVE('',#328,#681);
#681 = DEFINITIONAL_REPRESENTATION('',(#682),#686);
#682 = LINE('',#683,#684);
#683 = CARTESIAN_POINT('',(0.,1.));
#684 = VECTOR('',#685,1.);
#685 = DIRECTION('',(1.,0.));
#686 = ( GEOMETRIC_REPRESENTATION_CONTEXT(2) 
PARAMETRIC_REPRESENTATION_CONTEXT() REPRESENTATION_CONTEXT('2D SPACE',''
  ) );
#687 = FACE_BOUND('',#688,.T.);
#688 = EDGE_LOOP('',(#689,#712,#733,#754));
#689 = ORIENTED_EDGE('',*,*,#690,.F.);
#690 = EDGE_CURVE('',#691,#693,#695,.T.);
#691 = VERTEX_POINT('',#692);
#692 = CARTESIAN_POINT('',(206.,15.,541.));
#693 = VERTEX_POINT('',#694);
#694 = CARTESIAN_POINT('',(228.,15.,541.));
#695 = SURFACE_CURVE('',#696,(#700,#706),.PCURVE_S1.);
#696 = LINE('',#697,#698);
#697 = CARTESIAN_POINT('',(185.5,15.,541.));
#698 = VECTOR('',#699,1.);
#699 = DIRECTION('',(1.,0.,-0.));
#700 = PCURVE('',#100,#701);
#701 = DEFINITIONAL_REPRESENTATION('',(#702),#705);
#702 = B_SPLINE_CURVE_WITH_KNOTS('',1,(#703,#704),.UNSPECIFIED.,.F.,.F.,
  (2,2),(20.5,42.5),.PIECEWISE_BEZIER_KNOTS.);
#703 = CARTESIAN_POINT('',(36.,41.));
#704 = CARTESIAN_POINT('',(36.,63.));
#705 = ( GEOMETRIC_REPRESENTATION_CONTEXT(2) 
PARAMETRIC_REPRESENTATION_CONTEXT() REPRESENTATION_CONTEXT('2D SPACE',''
  ) );
#706 = PCURVE('',#359,#707);
#707 = DEFINITIONAL_REPRESENTATION('',(#708),#711);
#708 = B_SPLINE_CURVE_WITH_KNOTS('',1,(#709,#710),.UNSPECIFIED.,.F.,.F.,
  (2,2),(20.5,42.5),.PIECEWISE_BEZIER_KNOTS.);
#709 = CARTESIAN_POINT('',(0.,31.));
#710 = CARTESIAN_POINT('',(22.,31.));
#711 = ( GEOMETRIC_REPRESENTATION_CONTEXT(2) 
PARAMETRIC_REPRESENTATION_CONTEXT() REPRESENTATION_CONTEXT('2D SPACE',''
  ) );
#712 = ORIENTED_EDGE('',*,*,#713,.T.);
#713 = EDGE_CURVE('',#691,#714,#716,.T.);
#714 = VERTEX_POINT('',#715);
#715 = CARTESIAN_POINT('',(206.,15.,517.));
#716 = SURFACE_CURVE('',#717,(#721,#727),.PCURVE_S1.);
#717 = LINE('',#718,#719);
#718 = CARTESIAN_POINT('',(206.,15.,511.));
#719 = VECTOR('',#720,1.);
#720 = DIRECTION('',(-0.,0.,-1.));
#721 = PCURVE('',#100,#722);
#722 = DEFINITIONAL_REPRESENTATION('',(#723),#726);
#723 = B_SPLINE_CURVE_WITH_KNOTS('',1,(#724,#725),.UNSPECIFIED.,.F.,.F.,
  (2,2),(-30.,-6.),.PIECEWISE_BEZIER_KNOTS.);
#724 = CARTESIAN_POINT('',(36.,41.));
#725 = CARTESIAN_POINT('',(12.,41.));
#726 = ( GEOMETRIC_REPRESENTATION_CONTEXT(2) 
PARAMETRIC_REPRESENTATION_CONTEXT() REPRESENTATION_CONTEXT('2D SPACE',''
  ) );
#727 = PCURVE('',#385,#728);
#728 = DEFINITIONAL_REPRESENTATION('',(#729),#732);
#729 = B_SPLINE_CURVE_WITH_KNOTS('',1,(#730,#731),.UNSPECIFIED.,.F.,.F.,
  (2,2),(-30.,-6.),.PIECEWISE_BEZIER_KNOTS.);
#730 = CARTESIAN_POINT('',(24.,-31.));
#731 = CARTESIAN_POINT('',(0.,-31.));
#732 = ( GEOMETRIC_REPRESENTATION_CONTEXT(2) 
PARAMETRIC_REPRESENTATION_CONTEXT() REPRESENTATION_CONTEXT('2D SPACE',''
  ) );
#733 = ORIENTED_EDGE('',*,*,#734,.T.);
#734 = EDGE_CURVE('',#714,#735,#737,.T.);
#735 = VERTEX_POINT('',#736);
#736 = CARTESIAN_POINT('',(228.,15.,517.));
#737 = SURFACE_CURVE('',#738,(#742,#748),.PCURVE_S1.);
#738 = LINE('',#739,#740);
#739 = CARTESIAN_POINT('',(185.5,15.,517.));
#740 = VECTOR('',#741,1.);
#741 = DIRECTION('',(1.,0.,-0.));
#742 = PCURVE('',#100,#743);
#743 = DEFINITIONAL_REPRESENTATION('',(#744),#747);
#744 = B_SPLINE_CURVE_WITH_KNOTS('',1,(#745,#746),.UNSPECIFIED.,.F.,.F.,
  (2,2),(20.5,42.5),.PIECEWISE_BEZIER_KNOTS.);
#745 = CARTESIAN_POINT('',(12.,41.));
#746 = CARTESIAN_POINT('',(12.,63.));
#747 = ( GEOMETRIC_REPRESENTATION_CONTEXT(2) 
PARAMETRIC_REPRESENTATION_CONTEXT() REPRESENTATION_CONTEXT('2D SPACE',''
  ) );
#748 = PCURVE('',#411,#749);
#749 = DEFINITIONAL_REPRESENTATION('',(#750),#753);
#750 = B_SPLINE_CURVE_WITH_KNOTS('',1,(#751,#752),.UNSPECIFIED.,.F.,.F.,
  (2,2),(20.5,42.5),.PIECEWISE_BEZIER_KNOTS.);
#751 = CARTESIAN_POINT('',(0.,31.));
#752 = CARTESIAN_POINT('',(22.,31.));
#753 = ( GEOMETRIC_REPRESENTATION_CONTEXT(2) 
PARAMETRIC_REPRESENTATION_CONTEXT() REPRESENTATION_CONTEXT('2D SPACE',''
  ) );
#754 = ORIENTED_EDGE('',*,*,#755,.F.);
#755 = EDGE_CURVE('',#693,#735,#756,.T.);
#756 = SURFACE_CURVE('',#757,(#761,#767),.PCURVE_S1.);
#757 = LINE('',#758,#759);
#758 = CARTESIAN_POINT('',(228.,15.,511.));
#759 = VECTOR('',#760,1.);
#760 = DIRECTION('',(-0.,0.,-1.));
#761 = PCURVE('',#100,#762);
#762 = DEFINITIONAL_REPRESENTATION('',(#763),#766);
#763 = B_SPLINE_CURVE_WITH_KNOTS('',1,(#764,#765),.UNSPECIFIED.,.F.,.F.,
  (2,2),(-30.,-6.),.PIECEWISE_BEZIER_KNOTS.);
#764 = CARTESIAN_POINT('',(36.,63.));
#765 = CARTESIAN_POINT('',(12.,63.));
#766 = ( GEOMETRIC_REPRESENTATION_CONTEXT(2) 
PARAMETRIC_REPRESENTATION_CONTEXT() REPRESENTATION_CONTEXT('2D SPACE',''
  ) );
#767 = PCURVE('',#435,#768);
#768 = DEFINITIONAL_REPRESENTATION('',(#769),#772);
#769 = B_SPLINE_CURVE_WITH_KNOTS('',1,(#770,#771),.UNSPECIFIED.,.F.,.F.,
  (2,2),(-30.,-6.),.PIECEWISE_BEZIER_KNOTS.);
#770 = CARTESIAN_POINT('',(24.,-31.));
#771 = CARTESIAN_POINT('',(0.,-31.));
#772 = ( GEOMETRIC_REPRESENTATION_CONTEXT(2) 
PARAMETRIC_REPRESENTATION_CONTEXT() REPRESENTATION_CONTEXT('2D SPACE',''
  ) );
#773 = ADVANCED_FACE('',(#774),#72,.F.);
#774 = FACE_BOUND('',#775,.F.);
#775 = EDGE_LOOP('',(#776,#777,#778,#801,#822));
#776 = ORIENTED_EDGE('',*,*,#56,.F.);
#777 = ORIENTED_EDGE('',*,*,#141,.T.);
#778 = ORIENTED_EDGE('',*,*,#779,.T.);
#779 = EDGE_CURVE('',#142,#780,#782,.T.);
#780 = VERTEX_POINT('',#781);
#781 = CARTESIAN_POINT('',(230.,-5.878304635907E-15,505.));
#782 = SURFACE_CURVE('',#783,(#787,#794),.PCURVE_S1.);
#783 = LINE('',#784,#785);
#784 = CARTESIAN_POINT('',(230.,-15.,505.));
#785 = VECTOR('',#786,1.);
#786 = DIRECTION('',(-0.,1.,0.));
#787 = PCURVE('',#72,#788);
#788 = DEFINITIONAL_REPRESENTATION('',(#789),#793);
#789 = LINE('',#790,#791);
#790 = CARTESIAN_POINT('',(65.,0.));
#791 = VECTOR('',#792,1.);
#792 = DIRECTION('',(0.,1.));
#793 = ( GEOMETRIC_REPRESENTATION_CONTEXT(2) 
PARAMETRIC_REPRESENTATION_CONTEXT() REPRESENTATION_CONTEXT('2D SPACE',''
  ) );
#794 = PCURVE('',#258,#795);
#795 = DEFINITIONAL_REPRESENTATION('',(#796),#800);
#796 = LINE('',#797,#798);
#797 = CARTESIAN_POINT('',(0.,0.));
#798 = VECTOR('',#799,1.);
#799 = DIRECTION('',(0.,-1.));
#800 = ( GEOMETRIC_REPRESENTATION_CONTEXT(2) 
PARAMETRIC_REPRESENTATION_CONTEXT() REPRESENTATION_CONTEXT('2D SPACE',''
  ) );
#801 = ORIENTED_EDGE('',*,*,#802,.T.);
#802 = EDGE_CURVE('',#780,#527,#803,.T.);
#803 = SURFACE_CURVE('',#804,(#808,#815),.PCURVE_S1.);
#804 = LINE('',#805,#806);
#805 = CARTESIAN_POINT('',(230.,-15.,505.));
#806 = VECTOR('',#807,1.);
#807 = DIRECTION('',(-0.,1.,0.));
#808 = PCURVE('',#72,#809);
#809 = DEFINITIONAL_REPRESENTATION('',(#810),#814);
#810 = LINE('',#811,#812);
#811 = CARTESIAN_POINT('',(65.,0.));
#812 = VECTOR('',#813,1.);
#813 = DIRECTION('',(0.,1.));
#814 = ( GEOMETRIC_REPRESENTATION_CONTEXT(2) 
PARAMETRIC_REPRESENTATION_CONTEXT() REPRESENTATION_CONTEXT('2D SPACE',''
  ) );
#815 = PCURVE('',#616,#816);
#816 = DEFINITIONAL_REPRESENTATION('',(#817),#821);
#817 = LINE('',#818,#819);
#818 = CARTESIAN_POINT('',(0.,0.));
#819 = VECTOR('',#820,1.);
#820 = DIRECTION('',(0.,-1.));
#821 = ( GEOMETRIC_REPRESENTATION_CONTEXT(2) 
PARAMETRIC_REPRESENTATION_CONTEXT() REPRESENTATION_CONTEXT('2D SPACE',''
  ) );
#822 = ORIENTED_EDGE('',*,*,#526,.F.);
#823 = ADVANCED_FACE('',(#824),#258,.T.);
#824 = FACE_BOUND('',#825,.T.);
#825 = EDGE_LOOP('',(#826,#827,#828));
#826 = ORIENTED_EDGE('',*,*,#244,.F.);
#827 = ORIENTED_EDGE('',*,*,#779,.T.);
#828 = ORIENTED_EDGE('',*,*,#829,.F.);
#829 = EDGE_CURVE('',#217,#780,#830,.T.);
#830 = SURFACE_CURVE('',#831,(#836,#843),.PCURVE_S1.);
#831 = CIRCLE('',#832,24.);
#832 = AXIS2_PLACEMENT_3D('',#833,#834,#835);
#833 = CARTESIAN_POINT('',(230.,0.,529.));
#834 = DIRECTION('',(1.,-0.,2.22044604925E-16));
#835 = DIRECTION('',(2.22044604925E-16,0.,-1.));
#836 = PCURVE('',#258,#837);
#837 = DEFINITIONAL_REPRESENTATION('',(#838),#842);
#838 = CIRCLE('',#839,24.);
#839 = AXIS2_PLACEMENT_2D('',#840,#841);
#840 = CARTESIAN_POINT('',(24.,-15.));
#841 = DIRECTION('',(-1.,0.));
#842 = ( GEOMETRIC_REPRESENTATION_CONTEXT(2) 
PARAMETRIC_REPRESENTATION_CONTEXT() REPRESENTATION_CONTEXT('2D SPACE',''
  ) );
#843 = PCURVE('',#844,#849);
#844 = CYLINDRICAL_SURFACE('',#845,24.);
#845 = AXIS2_PLACEMENT_3D('',#846,#847,#848);
#846 = CARTESIAN_POINT('',(230.,0.,529.));
#847 = DIRECTION('',(1.,0.,2.22044604925E-16));
#848 = DIRECTION('',(2.22044604925E-16,0.,-1.));
#849 = DEFINITIONAL_REPRESENTATION('',(#850),#854);
#850 = LINE('',#851,#852);
#851 = CARTESIAN_POINT('',(0.,0.));
#852 = VECTOR('',#853,1.);
#853 = DIRECTION('',(1.,0.));
#854 = ( GEOMETRIC_REPRESENTATION_CONTEXT(2) 
PARAMETRIC_REPRESENTATION_CONTEXT() REPRESENTATION_CONTEXT('2D SPACE',''
  ) );
#855 = ADVANCED_FACE('',(#856),#232,.F.);
#856 = FACE_BOUND('',#857,.F.);
#857 = EDGE_LOOP('',(#858,#880));
#858 = ORIENTED_EDGE('',*,*,#859,.T.);
#859 = EDGE_CURVE('',#189,#217,#860,.T.);
#860 = SURFACE_CURVE('',#861,(#866,#873),.PCURVE_S1.);
#861 = CIRCLE('',#862,24.);
#862 = AXIS2_PLACEMENT_3D('',#863,#864,#865);
#863 = CARTESIAN_POINT('',(230.,0.,529.));
#864 = DIRECTION('',(1.,-0.,2.22044604925E-16));
#865 = DIRECTION('',(2.22044604925E-16,0.,-1.));
#866 = PCURVE('',#232,#867);
#867 = DEFINITIONAL_REPRESENTATION('',(#868),#872);
#868 = CIRCLE('',#869,24.);
#869 = AXIS2_PLACEMENT_2D('',#870,#871);
#870 = CARTESIAN_POINT('',(0.,0.));
#871 = DIRECTION('',(1.,0.));
#872 = ( GEOMETRIC_REPRESENTATION_CONTEXT(2) 
PARAMETRIC_REPRESENTATION_CONTEXT() REPRESENTATION_CONTEXT('2D SPACE',''
  ) );
#873 = PCURVE('',#844,#874);
#874 = DEFINITIONAL_REPRESENTATION('',(#875),#879);
#875 = LINE('',#876,#877);
#876 = CARTESIAN_POINT('',(0.,0.));
#877 = VECTOR('',#878,1.);
#878 = DIRECTION('',(1.,0.));
#879 = ( GEOMETRIC_REPRESENTATION_CONTEXT(2) 
PARAMETRIC_REPRESENTATION_CONTEXT() REPRESENTATION_CONTEXT('2D SPACE',''
  ) );
#880 = ORIENTED_EDGE('',*,*,#216,.T.);
#881 = ADVANCED_FACE('',(#882),#204,.T.);
#882 = FACE_BOUND('',#883,.T.);
#883 = EDGE_LOOP('',(#884,#885,#907));
#884 = ORIENTED_EDGE('',*,*,#188,.F.);
#885 = ORIENTED_EDGE('',*,*,#886,.F.);
#886 = EDGE_CURVE('',#452,#189,#887,.T.);
#887 = SURFACE_CURVE('',#888,(#893,#900),.PCURVE_S1.);
#888 = CIRCLE('',#889,24.);
#889 = AXIS2_PLACEMENT_3D('',#890,#891,#892);
#890 = CARTESIAN_POINT('',(230.,0.,529.));
#891 = DIRECTION('',(1.,-0.,2.22044604925E-16));
#892 = DIRECTION('',(2.22044604925E-16,0.,-1.));
#893 = PCURVE('',#204,#894);
#894 = DEFINITIONAL_REPRESENTATION('',(#895),#899);
#895 = CIRCLE('',#896,24.);
#896 = AXIS2_PLACEMENT_2D('',#897,#898);
#897 = CARTESIAN_POINT('',(24.,-15.));
#898 = DIRECTION('',(-1.,0.));
#899 = ( GEOMETRIC_REPRESENTATION_CONTEXT(2) 
PARAMETRIC_REPRESENTATION_CONTEXT() REPRESENTATION_CONTEXT('2D SPACE',''
  ) );
#900 = PCURVE('',#844,#901);
#901 = DEFINITIONAL_REPRESENTATION('',(#902),#906);
#902 = LINE('',#903,#904);
#903 = CARTESIAN_POINT('',(0.,0.));
#904 = VECTOR('',#905,1.);
#905 = DIRECTION('',(1.,0.));
#906 = ( GEOMETRIC_REPRESENTATION_CONTEXT(2) 
PARAMETRIC_REPRESENTATION_CONTEXT() REPRESENTATION_CONTEXT('2D SPACE',''
  ) );
#907 = ORIENTED_EDGE('',*,*,#451,.F.);
#908 = ADVANCED_FACE('',(#909),#293,.F.);
#909 = FACE_BOUND('',#910,.F.);
#910 = EDGE_LOOP('',(#911,#912,#933,#934));
#911 = ORIENTED_EDGE('',*,*,#272,.F.);
#912 = ORIENTED_EDGE('',*,*,#913,.F.);
#913 = EDGE_CURVE('',#631,#273,#914,.T.);
#914 = SEAM_CURVE('',#915,(#919,#926),.PCURVE_S1.);
#915 = LINE('',#916,#917);
#916 = CARTESIAN_POINT('',(184.05,16.,517.));
#917 = VECTOR('',#918,1.);
#918 = DIRECTION('',(0.,-1.,2.22044604925E-16));
#919 = PCURVE('',#293,#920);
#920 = DEFINITIONAL_REPRESENTATION('',(#921),#925);
#921 = LINE('',#922,#923);
#922 = CARTESIAN_POINT('',(6.28318530718,-0.));
#923 = VECTOR('',#924,1.);
#924 = DIRECTION('',(0.,1.));
#925 = ( GEOMETRIC_REPRESENTATION_CONTEXT(2) 
PARAMETRIC_REPRESENTATION_CONTEXT() REPRESENTATION_CONTEXT('2D SPACE',''
  ) );
#926 = PCURVE('',#293,#927);
#927 = DEFINITIONAL_REPRESENTATION('',(#928),#932);
#928 = LINE('',#929,#930);
#929 = CARTESIAN_POINT('',(0.,-0.));
#930 = VECTOR('',#931,1.);
#931 = DIRECTION('',(0.,1.));
#932 = ( GEOMETRIC_REPRESENTATION_CONTEXT(2) 
PARAMETRIC_REPRESENTATION_CONTEXT() REPRESENTATION_CONTEXT('2D SPACE',''
  ) );
#933 = ORIENTED_EDGE('',*,*,#630,.T.);
#934 = ORIENTED_EDGE('',*,*,#913,.T.);
#935 = ADVANCED_FACE('',(#936),#328,.F.);
#936 = FACE_BOUND('',#937,.F.);
#937 = EDGE_LOOP('',(#938,#939,#960,#961));
#938 = ORIENTED_EDGE('',*,*,#307,.F.);
#939 = ORIENTED_EDGE('',*,*,#940,.F.);
#940 = EDGE_CURVE('',#661,#308,#941,.T.);
#941 = SEAM_CURVE('',#942,(#946,#953),.PCURVE_S1.);
#942 = LINE('',#943,#944);
#943 = CARTESIAN_POINT('',(197.1,16.,540.));
#944 = VECTOR('',#945,1.);
#945 = DIRECTION('',(0.,-1.,2.22044604925E-16));
#946 = PCURVE('',#328,#947);
#947 = DEFINITIONAL_REPRESENTATION('',(#948),#952);
#948 = LINE('',#949,#950);
#949 = CARTESIAN_POINT('',(6.28318530718,-0.));
#950 = VECTOR('',#951,1.);
#951 = DIRECTION('',(0.,1.));
#952 = ( GEOMETRIC_REPRESENTATION_CONTEXT(2) 
PARAMETRIC_REPRESENTATION_CONTEXT() REPRESENTATION_CONTEXT('2D SPACE',''
  ) );
#953 = PCURVE('',#328,#954);
#954 = DEFINITIONAL_REPRESENTATION('',(#955),#959);
#955 = LINE('',#956,#957);
#956 = CARTESIAN_POINT('',(0.,-0.));
#957 = VECTOR('',#958,1.);
#958 = DIRECTION('',(0.,1.));
#959 = ( GEOMETRIC_REPRESENTATION_CONTEXT(2) 
PARAMETRIC_REPRESENTATION_CONTEXT() REPRESENTATION_CONTEXT('2D SPACE',''
  ) );
#960 = ORIENTED_EDGE('',*,*,#660,.T.);
#961 = ORIENTED_EDGE('',*,*,#940,.T.);
#962 = ADVANCED_FACE('',(#963),#359,.F.);
#963 = FACE_BOUND('',#964,.F.);
#964 = EDGE_LOOP('',(#965,#986,#987,#1008));
#965 = ORIENTED_EDGE('',*,*,#966,.F.);
#966 = EDGE_CURVE('',#343,#691,#967,.T.);
#967 = SURFACE_CURVE('',#968,(#972,#979),.PCURVE_S1.);
#968 = LINE('',#969,#970);
#969 = CARTESIAN_POINT('',(206.,-16.,541.));
#970 = VECTOR('',#971,1.);
#971 = DIRECTION('',(-0.,1.,0.));
#972 = PCURVE('',#359,#973);
#973 = DEFINITIONAL_REPRESENTATION('',(#974),#978);
#974 = LINE('',#975,#976);
#975 = CARTESIAN_POINT('',(0.,0.));
#976 = VECTOR('',#977,1.);
#977 = DIRECTION('',(0.,1.));
#978 = ( GEOMETRIC_REPRESENTATION_CONTEXT(2) 
PARAMETRIC_REPRESENTATION_CONTEXT() REPRESENTATION_CONTEXT('2D SPACE',''
  ) );
#979 = PCURVE('',#385,#980);
#980 = DEFINITIONAL_REPRESENTATION('',(#981),#985);
#981 = LINE('',#982,#983);
#982 = CARTESIAN_POINT('',(24.,0.));
#983 = VECTOR('',#984,1.);
#984 = DIRECTION('',(0.,-1.));
#985 = ( GEOMETRIC_REPRESENTATION_CONTEXT(2) 
PARAMETRIC_REPRESENTATION_CONTEXT() REPRESENTATION_CONTEXT('2D SPACE',''
  ) );
#986 = ORIENTED_EDGE('',*,*,#342,.T.);
#987 = ORIENTED_EDGE('',*,*,#988,.T.);
#988 = EDGE_CURVE('',#345,#693,#989,.T.);
#989 = SURFACE_CURVE('',#990,(#994,#1001),.PCURVE_S1.);
#990 = LINE('',#991,#992);
#991 = CARTESIAN_POINT('',(228.,-16.,541.));
#992 = VECTOR('',#993,1.);
#993 = DIRECTION('',(-0.,1.,0.));
#994 = PCURVE('',#359,#995);
#995 = DEFINITIONAL_REPRESENTATION('',(#996),#1000);
#996 = LINE('',#997,#998);
#997 = CARTESIAN_POINT('',(22.,0.));
#998 = VECTOR('',#999,1.);
#999 = DIRECTION('',(0.,1.));
#1000 = ( GEOMETRIC_REPRESENTATION_CONTEXT(2) 
PARAMETRIC_REPRESENTATION_CONTEXT() REPRESENTATION_CONTEXT('2D SPACE',''
  ) );
#1001 = PCURVE('',#435,#1002);
#1002 = DEFINITIONAL_REPRESENTATION('',(#1003),#1007);
#1003 = LINE('',#1004,#1005);
#1004 = CARTESIAN_POINT('',(24.,0.));
#1005 = VECTOR('',#1006,1.);
#1006 = DIRECTION('',(0.,-1.));
#1007 = ( GEOMETRIC_REPRESENTATION_CONTEXT(2) 
PARAMETRIC_REPRESENTATION_CONTEXT() REPRESENTATION_CONTEXT('2D SPACE',''
  ) );
#1008 = ORIENTED_EDGE('',*,*,#690,.F.);
#1009 = ADVANCED_FACE('',(#1010),#435,.F.);
#1010 = FACE_BOUND('',#1011,.F.);
#1011 = EDGE_LOOP('',(#1012,#1013,#1014,#1035));
#1012 = ORIENTED_EDGE('',*,*,#988,.F.);
#1013 = ORIENTED_EDGE('',*,*,#422,.T.);
#1014 = ORIENTED_EDGE('',*,*,#1015,.T.);
#1015 = EDGE_CURVE('',#397,#735,#1016,.T.);
#1016 = SURFACE_CURVE('',#1017,(#1021,#1028),.PCURVE_S1.);
#1017 = LINE('',#1018,#1019);
#1018 = CARTESIAN_POINT('',(228.,-16.,517.));
#1019 = VECTOR('',#1020,1.);
#1020 = DIRECTION('',(-0.,1.,0.));
#1021 = PCURVE('',#435,#1022);
#1022 = DEFINITIONAL_REPRESENTATION('',(#1023),#1027);
#1023 = LINE('',#1024,#1025);
#1024 = CARTESIAN_POINT('',(0.,0.));
#1025 = VECTOR('',#1026,1.);
#1026 = DIRECTION('',(0.,-1.));
#1027 = ( GEOMETRIC_REPRESENTATION_CONTEXT(2) 
PARAMETRIC_REPRESENTATION_CONTEXT() REPRESENTATION_CONTEXT('2D SPACE',''
  ) );
#1028 = PCURVE('',#411,#1029);
#1029 = DEFINITIONAL_REPRESENTATION('',(#1030),#1034);
#1030 = LINE('',#1031,#1032);
#1031 = CARTESIAN_POINT('',(22.,0.));
#1032 = VECTOR('',#1033,1.);
#1033 = DIRECTION('',(0.,1.));
#1034 = ( GEOMETRIC_REPRESENTATION_CONTEXT(2) 
PARAMETRIC_REPRESENTATION_CONTEXT() REPRESENTATION_CONTEXT('2D SPACE',''
  ) );
#1035 = ORIENTED_EDGE('',*,*,#755,.F.);
#1036 = ADVANCED_FACE('',(#1037),#411,.T.);
#1037 = FACE_BOUND('',#1038,.T.);
#1038 = EDGE_LOOP('',(#1039,#1060,#1061,#1062));
#1039 = ORIENTED_EDGE('',*,*,#1040,.F.);
#1040 = EDGE_CURVE('',#371,#714,#1041,.T.);
#1041 = SURFACE_CURVE('',#1042,(#1046,#1053),.PCURVE_S1.);
#1042 = LINE('',#1043,#1044);
#1043 = CARTESIAN_POINT('',(206.,-16.,517.));
#1044 = VECTOR('',#1045,1.);
#1045 = DIRECTION('',(-0.,1.,0.));
#1046 = PCURVE('',#411,#1047);
#1047 = DEFINITIONAL_REPRESENTATION('',(#1048),#1052);
#1048 = LINE('',#1049,#1050);
#1049 = CARTESIAN_POINT('',(0.,0.));
#1050 = VECTOR('',#1051,1.);
#1051 = DIRECTION('',(0.,1.));
#1052 = ( GEOMETRIC_REPRESENTATION_CONTEXT(2) 
PARAMETRIC_REPRESENTATION_CONTEXT() REPRESENTATION_CONTEXT('2D SPACE',''
  ) );
#1053 = PCURVE('',#385,#1054);
#1054 = DEFINITIONAL_REPRESENTATION('',(#1055),#1059);
#1055 = LINE('',#1056,#1057);
#1056 = CARTESIAN_POINT('',(0.,0.));
#1057 = VECTOR('',#1058,1.);
#1058 = DIRECTION('',(0.,-1.));
#1059 = ( GEOMETRIC_REPRESENTATION_CONTEXT(2) 
PARAMETRIC_REPRESENTATION_CONTEXT() REPRESENTATION_CONTEXT('2D SPACE',''
  ) );
#1060 = ORIENTED_EDGE('',*,*,#396,.T.);
#1061 = ORIENTED_EDGE('',*,*,#1015,.T.);
#1062 = ORIENTED_EDGE('',*,*,#734,.F.);
#1063 = ADVANCED_FACE('',(#1064),#385,.T.);
#1064 = FACE_BOUND('',#1065,.T.);
#1065 = EDGE_LOOP('',(#1066,#1067,#1068,#1069));
#1066 = ORIENTED_EDGE('',*,*,#966,.F.);
#1067 = ORIENTED_EDGE('',*,*,#370,.T.);
#1068 = ORIENTED_EDGE('',*,*,#1040,.T.);
#1069 = ORIENTED_EDGE('',*,*,#713,.F.);
#1070 = ADVANCED_FACE('',(#1071),#490,.T.);
#1071 = FACE_BOUND('',#1072,.T.);
#1072 = EDGE_LOOP('',(#1073,#1074,#1096));
#1073 = ORIENTED_EDGE('',*,*,#474,.F.);
#1074 = ORIENTED_EDGE('',*,*,#1075,.F.);
#1075 = EDGE_CURVE('',#552,#452,#1076,.T.);
#1076 = SURFACE_CURVE('',#1077,(#1082,#1089),.PCURVE_S1.);
#1077 = CIRCLE('',#1078,24.);
#1078 = AXIS2_PLACEMENT_3D('',#1079,#1080,#1081);
#1079 = CARTESIAN_POINT('',(230.,0.,529.));
#1080 = DIRECTION('',(1.,-0.,2.22044604925E-16));
#1081 = DIRECTION('',(2.22044604925E-16,0.,-1.));
#1082 = PCURVE('',#490,#1083);
#1083 = DEFINITIONAL_REPRESENTATION('',(#1084),#1088);
#1084 = CIRCLE('',#1085,24.);
#1085 = AXIS2_PLACEMENT_2D('',#1086,#1087);
#1086 = CARTESIAN_POINT('',(24.,-15.));
#1087 = DIRECTION('',(-1.,0.));
#1088 = ( GEOMETRIC_REPRESENTATION_CONTEXT(2) 
PARAMETRIC_REPRESENTATION_CONTEXT() REPRESENTATION_CONTEXT('2D SPACE',''
  ) );
#1089 = PCURVE('',#844,#1090);
#1090 = DEFINITIONAL_REPRESENTATION('',(#1091),#1095);
#1091 = LINE('',#1092,#1093);
#1092 = CARTESIAN_POINT('',(0.,0.));
#1093 = VECTOR('',#1094,1.);
#1094 = DIRECTION('',(1.,0.));
#1095 = ( GEOMETRIC_REPRESENTATION_CONTEXT(2) 
PARAMETRIC_REPRESENTATION_CONTEXT() REPRESENTATION_CONTEXT('2D SPACE',''
  ) );
#1096 = ORIENTED_EDGE('',*,*,#551,.T.);
#1097 = ADVANCED_FACE('',(#1098),#616,.T.);
#1098 = FACE_BOUND('',#1099,.T.);
#1099 = EDGE_LOOP('',(#1100,#1122,#1123));
#1100 = ORIENTED_EDGE('',*,*,#1101,.F.);
#1101 = EDGE_CURVE('',#780,#575,#1102,.T.);
#1102 = SURFACE_CURVE('',#1103,(#1108,#1115),.PCURVE_S1.);
#1103 = CIRCLE('',#1104,24.);
#1104 = AXIS2_PLACEMENT_3D('',#1105,#1106,#1107);
#1105 = CARTESIAN_POINT('',(230.,0.,529.));
#1106 = DIRECTION('',(1.,-0.,2.22044604925E-16));
#1107 = DIRECTION('',(2.22044604925E-16,0.,-1.));
#1108 = PCURVE('',#616,#1109);
#1109 = DEFINITIONAL_REPRESENTATION('',(#1110),#1114);
#1110 = CIRCLE('',#1111,24.);
#1111 = AXIS2_PLACEMENT_2D('',#1112,#1113);
#1112 = CARTESIAN_POINT('',(24.,-15.));
#1113 = DIRECTION('',(-1.,0.));
#1114 = ( GEOMETRIC_REPRESENTATION_CONTEXT(2) 
PARAMETRIC_REPRESENTATION_CONTEXT() REPRESENTATION_CONTEXT('2D SPACE',''
  ) );
#1115 = PCURVE('',#844,#1116);
#1116 = DEFINITIONAL_REPRESENTATION('',(#1117),#1121);
#1117 = LINE('',#1118,#1119);
#1118 = CARTESIAN_POINT('',(0.,0.));
#1119 = VECTOR('',#1120,1.);
#1120 = DIRECTION('',(1.,0.));
#1121 = ( GEOMETRIC_REPRESENTATION_CONTEXT(2) 
PARAMETRIC_REPRESENTATION_CONTEXT() REPRESENTATION_CONTEXT('2D SPACE',''
  ) );
#1122 = ORIENTED_EDGE('',*,*,#802,.T.);
#1123 = ORIENTED_EDGE('',*,*,#602,.T.);
#1124 = ADVANCED_FACE('',(#1125),#590,.F.);
#1125 = FACE_BOUND('',#1126,.F.);
#1126 = EDGE_LOOP('',(#1127,#1128));
#1127 = ORIENTED_EDGE('',*,*,#574,.F.);
#1128 = ORIENTED_EDGE('',*,*,#1129,.T.);
#1129 = EDGE_CURVE('',#575,#552,#1130,.T.);
#1130 = SURFACE_CURVE('',#1131,(#1136,#1143),.PCURVE_S1.);
#1131 = CIRCLE('',#1132,24.);
#1132 = AXIS2_PLACEMENT_3D('',#1133,#1134,#1135);
#1133 = CARTESIAN_POINT('',(230.,0.,529.));
#1134 = DIRECTION('',(1.,-0.,2.22044604925E-16));
#1135 = DIRECTION('',(2.22044604925E-16,0.,-1.));
#1136 = PCURVE('',#590,#1137);
#1137 = DEFINITIONAL_REPRESENTATION('',(#1138),#1142);
#1138 = CIRCLE('',#1139,24.);
#1139 = AXIS2_PLACEMENT_2D('',#1140,#1141);
#1140 = CARTESIAN_POINT('',(0.,0.));
#1141 = DIRECTION('',(1.,0.));
#1142 = ( GEOMETRIC_REPRESENTATION_CONTEXT(2) 
PARAMETRIC_REPRESENTATION_CONTEXT() REPRESENTATION_CONTEXT('2D SPACE',''
  ) );
#1143 = PCURVE('',#844,#1144);
#1144 = DEFINITIONAL_REPRESENTATION('',(#1145),#1149);
#1145 = LINE('',#1146,#1147);
#1146 = CARTESIAN_POINT('',(0.,0.));
#1147 = VECTOR('',#1148,1.);
#1148 = DIRECTION('',(1.,0.));
#1149 = ( GEOMETRIC_REPRESENTATION_CONTEXT(2) 
PARAMETRIC_REPRESENTATION_CONTEXT() REPRESENTATION_CONTEXT('2D SPACE',''
  ) );
#1150 = ADVANCED_FACE('',(#1151,#1210,#1381,#1552,#1723),#844,.T.);
#1151 = FACE_BOUND('',#1152,.T.);
#1152 = EDGE_LOOP('',(#1153,#1176,#1203,#1204,#1205,#1206,#1207,#1208,
    #1209));
#1153 = ORIENTED_EDGE('',*,*,#1154,.T.);
#1154 = EDGE_CURVE('',#780,#1155,#1157,.T.);
#1155 = VERTEX_POINT('',#1156);
#1156 = CARTESIAN_POINT('',(280.,-5.878304635907E-15,505.));
#1157 = SEAM_CURVE('',#1158,(#1162,#1169),.PCURVE_S1.);
#1158 = LINE('',#1159,#1160);
#1159 = CARTESIAN_POINT('',(230.,-5.878304635907E-15,505.));
#1160 = VECTOR('',#1161,1.);
#1161 = DIRECTION('',(1.,0.,2.22044604925E-16));
#1162 = PCURVE('',#844,#1163);
#1163 = DEFINITIONAL_REPRESENTATION('',(#1164),#1168);
#1164 = LINE('',#1165,#1166);
#1165 = CARTESIAN_POINT('',(6.28318530718,-0.));
#1166 = VECTOR('',#1167,1.);
#1167 = DIRECTION('',(0.,1.));
#1168 = ( GEOMETRIC_REPRESENTATION_CONTEXT(2) 
PARAMETRIC_REPRESENTATION_CONTEXT() REPRESENTATION_CONTEXT('2D SPACE',''
  ) );
#1169 = PCURVE('',#844,#1170);
#1170 = DEFINITIONAL_REPRESENTATION('',(#1171),#1175);
#1171 = LINE('',#1172,#1173);
#1172 = CARTESIAN_POINT('',(0.,-0.));
#1173 = VECTOR('',#1174,1.);
#1174 = DIRECTION('',(0.,1.));
#1175 = ( GEOMETRIC_REPRESENTATION_CONTEXT(2) 
PARAMETRIC_REPRESENTATION_CONTEXT() REPRESENTATION_CONTEXT('2D SPACE',''
  ) );
#1176 = ORIENTED_EDGE('',*,*,#1177,.F.);
#1177 = EDGE_CURVE('',#1155,#1155,#1178,.T.);
#1178 = SURFACE_CURVE('',#1179,(#1184,#1191),.PCURVE_S1.);
#1179 = CIRCLE('',#1180,24.);
#1180 = AXIS2_PLACEMENT_3D('',#1181,#1182,#1183);
#1181 = CARTESIAN_POINT('',(280.,0.,529.));
#1182 = DIRECTION('',(1.,-0.,2.22044604925E-16));
#1183 = DIRECTION('',(2.22044604925E-16,0.,-1.));
#1184 = PCURVE('',#844,#1185);
#1185 = DEFINITIONAL_REPRESENTATION('',(#1186),#1190);
#1186 = LINE('',#1187,#1188);
#1187 = CARTESIAN_POINT('',(0.,50.));
#1188 = VECTOR('',#1189,1.);
#1189 = DIRECTION('',(1.,0.));
#1190 = ( GEOMETRIC_REPRESENTATION_CONTEXT(2) 
PARAMETRIC_REPRESENTATION_CONTEXT() REPRESENTATION_CONTEXT('2D SPACE',''
  ) );
#1191 = PCURVE('',#1192,#1197);
#1192 = PLANE('',#1193);
#1193 = AXIS2_PLACEMENT_3D('',#1194,#1195,#1196);
#1194 = CARTESIAN_POINT('',(280.,0.,529.));
#1195 = DIRECTION('',(1.,0.,2.22044604925E-16));
#1196 = DIRECTION('',(2.22044604925E-16,0.,-1.));
#1197 = DEFINITIONAL_REPRESENTATION('',(#1198),#1202);
#1198 = CIRCLE('',#1199,24.);
#1199 = AXIS2_PLACEMENT_2D('',#1200,#1201);
#1200 = CARTESIAN_POINT('',(0.,0.));
#1201 = DIRECTION('',(1.,0.));
#1202 = ( GEOMETRIC_REPRESENTATION_CONTEXT(2) 
PARAMETRIC_REPRESENTATION_CONTEXT() REPRESENTATION_CONTEXT('2D SPACE',''
  ) );
#1203 = ORIENTED_EDGE('',*,*,#1154,.F.);
#1204 = ORIENTED_EDGE('',*,*,#1101,.T.);
#1205 = ORIENTED_EDGE('',*,*,#1129,.T.);
#1206 = ORIENTED_EDGE('',*,*,#1075,.T.);
#1207 = ORIENTED_EDGE('',*,*,#886,.T.);
#1208 = ORIENTED_EDGE('',*,*,#859,.T.);
#1209 = ORIENTED_EDGE('',*,*,#829,.T.);
#1210 = FACE_BOUND('',#1211,.T.);
#1211 = EDGE_LOOP('',(#1212));
#1212 = ORIENTED_EDGE('',*,*,#1213,.T.);
#1213 = EDGE_CURVE('',#1214,#1214,#1216,.T.);
#1214 = VERTEX_POINT('',#1215);
#1215 = CARTESIAN_POINT('',(247.65,24.,529.));
#1216 = SURFACE_CURVE('',#1217,(#1268,#1322),.PCURVE_S1.);
#1217 = B_SPLINE_CURVE_WITH_KNOTS('',7,(#1218,#1219,#1220,#1221,#1222,
    #1223,#1224,#1225,#1226,#1227,#1228,#1229,#1230,#1231,#1232,#1233,
    #1234,#1235,#1236,#1237,#1238,#1239,#1240,#1241,#1242,#1243,#1244,
    #1245,#1246,#1247,#1248,#1249,#1250,#1251,#1252,#1253,#1254,#1255,
    #1256,#1257,#1258,#1259,#1260,#1261,#1262,#1263,#1264,#1265,#1266,
    #1267),.UNSPECIFIED.,.T.,.F.,(8,6,6,6,6,6,6,6,8),(0.,0.124129377751,
    0.250594914791,0.386802456719,0.505307816066,0.615631086928,
    0.750978566703,0.876652842926,1.),.UNSPECIFIED.);
#1218 = CARTESIAN_POINT('',(247.65,24.,529.));
#1219 = CARTESIAN_POINT('',(247.65,24.,529.35976236367));
#1220 = CARTESIAN_POINT('',(247.59301947323,23.993708250287,
    529.70862637536));
#1221 = CARTESIAN_POINT('',(247.48526683742,23.981811389218,
    530.03637173022));
#1222 = CARTESIAN_POINT('',(247.33468817211,23.966024477064,
    530.33476662671));
#1223 = CARTESIAN_POINT('',(247.15091960815,23.948596973962,
    530.59774499737));
#1224 = CARTESIAN_POINT('',(246.94515568585,23.931466142712,
    530.82196549455));
#1225 = CARTESIAN_POINT('',(246.51075183108,23.900043141977,
    531.1963341228));
#1226 = CARTESIAN_POINT('',(246.27542225874,23.88535245205,
    531.35046522344));
#1227 = CARTESIAN_POINT('',(246.0294069276,23.872845051862,
    531.47149073871));
#1228 = CARTESIAN_POINT('',(245.77641457833,23.863133757971,
    531.56102813402));
#1229 = CARTESIAN_POINT('',(245.5191335243,23.856547534138,
    531.62031126636));
#1230 = CARTESIAN_POINT('',(245.25968659438,23.853249254556,531.65));
#1231 = CARTESIAN_POINT('',(244.72030899863,23.853249254556,531.65));
#1232 = CARTESIAN_POINT('',(244.44097047418,23.857075167613,
    531.615561561));
#1233 = CARTESIAN_POINT('',(244.16432576551,23.864710974278,
    531.5468326923));
#1234 = CARTESIAN_POINT('',(243.89300987575,23.875938664023,
    531.44290831941));
#1235 = CARTESIAN_POINT('',(243.63048458053,23.890320871558,
    531.30211361153));
#1236 = CARTESIAN_POINT('',(243.38169334436,23.907006170478,
    531.12230164744));
#1237 = CARTESIAN_POINT('',(242.95616015037,23.939837483141,
    530.70919699761));
#1238 = CARTESIAN_POINT('',(242.76867669564,23.956202270662,
    530.48047506535));
#1239 = CARTESIAN_POINT('',(242.60399295713,23.972341379042,
    530.21624520832));
#1240 = CARTESIAN_POINT('',(242.4725518176,23.98639850215,529.9206772972
    ));
#1241 = CARTESIAN_POINT('',(242.3827940751,23.996385310187,
    529.60046685139));
#1242 = CARTESIAN_POINT('',(242.34100518417,24.000992718855,
    529.26413106307));
#1243 = CARTESIAN_POINT('',(242.36062099163,23.998827746382,
    528.6024708867));
#1244 = CARTESIAN_POINT('',(242.41465051412,23.992868799125,
    528.29315389059));
#1245 = CARTESIAN_POINT('',(242.5088087254,23.982558518747,
    528.00081644218));
#1246 = CARTESIAN_POINT('',(242.63736465509,23.969103422018,
    527.73151120291));
#1247 = CARTESIAN_POINT('',(242.79335450235,23.954065940409,
    527.48985288869));
#1248 = CARTESIAN_POINT('',(242.96866666312,23.93887256375,
    527.27866176724));
#1249 = CARTESIAN_POINT('',(243.38168304458,23.90700696514,
    526.8777083515));
#1250 = CARTESIAN_POINT('',(243.63047997645,23.89032099436,
    526.69788523553));
#1251 = CARTESIAN_POINT('',(243.89301975104,23.875937834298,
    526.55708422957));
#1252 = CARTESIAN_POINT('',(244.16434233236,23.864710416899,
    526.45316225214));
#1253 = CARTESIAN_POINT('',(244.44098293275,23.857075091057,
    526.38443775285));
#1254 = CARTESIAN_POINT('',(244.72031179498,23.853249254556,526.35));
#1255 = CARTESIAN_POINT('',(245.25969905603,23.853249254556,526.35));
#1256 = CARTESIAN_POINT('',(245.51915134421,23.856547837431,
    526.37969149923));
#1257 = CARTESIAN_POINT('',(245.77642860877,23.863134408911,
    526.43897763547));
#1258 = CARTESIAN_POINT('',(246.02940979922,23.872845463833,
    526.52851349612));
#1259 = CARTESIAN_POINT('',(246.27541397296,23.885352069189,
    526.64953209423));
#1260 = CARTESIAN_POINT('',(246.51074191974,23.900042425031,
    526.80365733561));
#1261 = CARTESIAN_POINT('',(246.94515568585,23.931466142712,
    527.17803450544));
#1262 = CARTESIAN_POINT('',(247.15091960815,23.948596973962,
    527.40225500262));
#1263 = CARTESIAN_POINT('',(247.33468817211,23.966024477064,
    527.66523337329));
#1264 = CARTESIAN_POINT('',(247.48526683742,23.981811389218,
    527.96362826977));
#1265 = CARTESIAN_POINT('',(247.59301947323,23.993708250287,
    528.29137362464));
#1266 = CARTESIAN_POINT('',(247.65,24.,528.64023763633));
#1267 = CARTESIAN_POINT('',(247.65,24.,529.));
#1268 = PCURVE('',#844,#1269);
#1269 = DEFINITIONAL_REPRESENTATION('',(#1270),#1321);
#1270 = B_SPLINE_CURVE_WITH_KNOTS('',7,(#1271,#1272,#1273,#1274,#1275,
    #1276,#1277,#1278,#1279,#1280,#1281,#1282,#1283,#1284,#1285,#1286,
    #1287,#1288,#1289,#1290,#1291,#1292,#1293,#1294,#1295,#1296,#1297,
    #1298,#1299,#1300,#1301,#1302,#1303,#1304,#1305,#1306,#1307,#1308,
    #1309,#1310,#1311,#1312,#1313,#1314,#1315,#1316,#1317,#1318,#1319,
    #1320),.UNSPECIFIED.,.T.,.F.,(8,6,6,6,6,6,6,6,8),(0.,0.124129377751,
    0.250594914791,0.386802456719,0.505307816066,0.615631086928,
    0.750978566703,0.876652842926,1.),.UNSPECIFIED.);
#1271 = CARTESIAN_POINT('',(1.570796326795,17.65));
#1272 = CARTESIAN_POINT('',(1.585786425281,17.65));
#1273 = CARTESIAN_POINT('',(1.600322431465,17.593019473233));
#1274 = CARTESIAN_POINT('',(1.613983957247,17.485266837426));
#1275 = CARTESIAN_POINT('',(1.62643218118,17.334688172111));
#1276 = CARTESIAN_POINT('',(1.637412738676,17.150919608152));
#1277 = CARTESIAN_POINT('',(1.646782219657,16.94515568585));
#1278 = CARTESIAN_POINT('',(1.662435764406,16.510751831085));
#1279 = CARTESIAN_POINT('',(1.668886588155,16.275422258747));
#1280 = CARTESIAN_POINT('',(1.673956040744,16.029406927609));
#1281 = CARTESIAN_POINT('',(1.677708626937,15.776414578331));
#1282 = CARTESIAN_POINT('',(1.680193956426,15.519133524307));
#1283 = CARTESIAN_POINT('',(1.68143859713,15.259686594389));
#1284 = CARTESIAN_POINT('',(1.68143859713,14.720308998631));
#1285 = CARTESIAN_POINT('',(1.67999483483,14.440970474189));
#1286 = CARTESIAN_POINT('',(1.677113509799,14.164325765511));
#1287 = CARTESIAN_POINT('',(1.672758158275,13.893009875755));
#1288 = CARTESIAN_POINT('',(1.666861391171,13.630484580532));
#1289 = CARTESIAN_POINT('',(1.659337696519,13.381693344361));
#1290 = CARTESIAN_POINT('',(1.642070728878,12.956160150378));
#1291 = CARTESIAN_POINT('',(1.632516588682,12.768676695645));
#1292 = CARTESIAN_POINT('',(1.621487463793,12.603992957134));
#1293 = CARTESIAN_POINT('',(1.609160538938,12.4725518176));
#1294 = CARTESIAN_POINT('',(1.595815152973,12.382794075101));
#1295 = CARTESIAN_POINT('',(1.581801858346,12.341005184173));
#1296 = CARTESIAN_POINT('',(1.554232536751,12.360620991633));
#1297 = CARTESIAN_POINT('',(1.541343582402,12.414650514123));
#1298 = CARTESIAN_POINT('',(1.52915769496,12.508808725409));
#1299 = CARTESIAN_POINT('',(1.517924361865,12.637364655097));
#1300 = CARTESIAN_POINT('',(1.507836567116,12.793354502353));
#1301 = CARTESIAN_POINT('',(1.499014444793,12.96866666312));
#1302 = CARTESIAN_POINT('',(1.482255375007,13.381683044588));
#1303 = CARTESIAN_POINT('',(1.47473121496,13.630479976452));
#1304 = CARTESIAN_POINT('',(1.46883418314,13.89301975104));
#1305 = CARTESIAN_POINT('',(1.464478931759,14.164342332367));
#1306 = CARTESIAN_POINT('',(1.461597790023,14.440982932752));
#1307 = CARTESIAN_POINT('',(1.46015405646,14.720311794983));
#1308 = CARTESIAN_POINT('',(1.46015405646,15.259699056031));
#1309 = CARTESIAN_POINT('',(1.461398813045,15.519151344217));
#1310 = CARTESIAN_POINT('',(1.463884268673,15.776428608773));
#1311 = CARTESIAN_POINT('',(1.467636789988,16.029409799225));
#1312 = CARTESIAN_POINT('',(1.472705952739,16.275413972963));
#1313 = CARTESIAN_POINT('',(1.479156532034,16.510741919745));
#1314 = CARTESIAN_POINT('',(1.494810433933,16.94515568585));
#1315 = CARTESIAN_POINT('',(1.504179914914,17.150919608151));
#1316 = CARTESIAN_POINT('',(1.515160472409,17.334688172112));
#1317 = CARTESIAN_POINT('',(1.527608696343,17.485266837426));
#1318 = CARTESIAN_POINT('',(1.541270222125,17.593019473233));
#1319 = CARTESIAN_POINT('',(1.555806228309,17.65));
#1320 = CARTESIAN_POINT('',(1.570796326795,17.65));
#1321 = ( GEOMETRIC_REPRESENTATION_CONTEXT(2) 
PARAMETRIC_REPRESENTATION_CONTEXT() REPRESENTATION_CONTEXT('2D SPACE',''
  ) );
#1322 = PCURVE('',#1323,#1328);
#1323 = CYLINDRICAL_SURFACE('',#1324,2.65);
#1324 = AXIS2_PLACEMENT_3D('',#1325,#1326,#1327);
#1325 = CARTESIAN_POINT('',(245.,30.,529.));
#1326 = DIRECTION('',(0.,-1.,2.22044604925E-16));
#1327 = DIRECTION('',(1.,0.,0.));
#1328 = DEFINITIONAL_REPRESENTATION('',(#1329),#1380);
#1329 = B_SPLINE_CURVE_WITH_KNOTS('',7,(#1330,#1331,#1332,#1333,#1334,
    #1335,#1336,#1337,#1338,#1339,#1340,#1341,#1342,#1343,#1344,#1345,
    #1346,#1347,#1348,#1349,#1350,#1351,#1352,#1353,#1354,#1355,#1356,
    #1357,#1358,#1359,#1360,#1361,#1362,#1363,#1364,#1365,#1366,#1367,
    #1368,#1369,#1370,#1371,#1372,#1373,#1374,#1375,#1376,#1377,#1378,
    #1379),.UNSPECIFIED.,.F.,.F.,(8,6,6,6,6,6,6,6,8),(0.,0.124129377751,
    0.250594914791,0.386802456719,0.505307816066,0.615631086928,
    0.750978566703,0.876652842926,1.),.UNSPECIFIED.);
#1330 = CARTESIAN_POINT('',(0.,6.));
#1331 = CARTESIAN_POINT('',(0.135759382517,6.));
#1332 = CARTESIAN_POINT('',(0.267406117599,6.006291749713));
#1333 = CARTESIAN_POINT('',(0.395170495333,6.018188610782));
#1334 = CARTESIAN_POINT('',(0.518919761348,6.033975522936));
#1335 = CARTESIAN_POINT('',(0.638246076163,6.051403026038));
#1336 = CARTESIAN_POINT('',(0.75230065943,6.068533857288));
#1337 = CARTESIAN_POINT('',(0.968701385659,6.099956858023));
#1338 = CARTESIAN_POINT('',(1.073941126273,6.11464754795));
#1339 = CARTESIAN_POINT('',(1.176206391959,6.127154948138));
#1340 = CARTESIAN_POINT('',(1.276272067922,6.136866242029));
#1341 = CARTESIAN_POINT('',(1.37489703163,6.143452465862));
#1342 = CARTESIAN_POINT('',(1.472801385516,6.146750745444));
#1343 = CARTESIAN_POINT('',(1.676340100896,6.146750745444));
#1344 = CARTESIAN_POINT('',(1.781750523478,6.142924832387));
#1345 = CARTESIAN_POINT('',(1.888066637886,6.135289025722));
#1346 = CARTESIAN_POINT('',(1.996186117811,6.124061335977));
#1347 = CARTESIAN_POINT('',(2.107072639004,6.109679128442));
#1348 = CARTESIAN_POINT('',(2.221698439199,6.092993829522));
#1349 = CARTESIAN_POINT('',(2.445499051933,6.060162516859));
#1350 = CARTESIAN_POINT('',(2.556381227979,6.043797729338));
#1351 = CARTESIAN_POINT('',(2.672265781377,6.027658620958));
#1352 = CARTESIAN_POINT('',(2.792157892703,6.01360149785));
#1353 = CARTESIAN_POINT('',(2.915472179447,6.003614689813));
#1354 = CARTESIAN_POINT('',(3.041868081864,5.999007281145));
#1355 = CARTESIAN_POINT('',(3.29166086716,6.001172253618));
#1356 = CARTESIAN_POINT('',(3.408937123048,6.007131200875));
#1357 = CARTESIAN_POINT('',(3.523110708587,6.017441481253));
#1358 = CARTESIAN_POINT('',(3.634014368347,6.030896577982));
#1359 = CARTESIAN_POINT('',(3.741285220497,6.045934059591));
#1360 = CARTESIAN_POINT('',(3.844263803731,6.06112743625));
#1361 = CARTESIAN_POINT('',(4.061481451022,6.09299303486));
#1362 = CARTESIAN_POINT('',(4.176111714097,6.10967900564));
#1363 = CARTESIAN_POINT('',(4.287003488578,6.124062165702));
#1364 = CARTESIAN_POINT('',(4.395125018141,6.135289583101));
#1365 = CARTESIAN_POINT('',(4.501439472643,6.142924908943));
#1366 = CARTESIAN_POINT('',(4.60684626151,6.146750745444));
#1367 = CARTESIAN_POINT('',(4.81038862417,6.146750745444));
#1368 = CARTESIAN_POINT('',(4.908294973717,6.143452162569));
#1369 = CARTESIAN_POINT('',(5.006918800586,6.136865591089));
#1370 = CARTESIAN_POINT('',(5.106980479308,6.127154536167));
#1371 = CARTESIAN_POINT('',(5.209241154768,6.114647930811));
#1372 = CARTESIAN_POINT('',(5.314478984131,6.099957574969));
#1373 = CARTESIAN_POINT('',(5.53088464775,6.068533857288));
#1374 = CARTESIAN_POINT('',(5.644939231016,6.051403026038));
#1375 = CARTESIAN_POINT('',(5.764265545833,6.033975522936));
#1376 = CARTESIAN_POINT('',(5.888014811845,6.018188610782));
#1377 = CARTESIAN_POINT('',(6.015779189581,6.006291749713));
#1378 = CARTESIAN_POINT('',(6.147425924663,6.));
#1379 = CARTESIAN_POINT('',(6.28318530718,6.));
#1380 = ( GEOMETRIC_REPRESENTATION_CONTEXT(2) 
PARAMETRIC_REPRESENTATION_CONTEXT() REPRESENTATION_CONTEXT('2D SPACE',''
  ) );
#1381 = FACE_BOUND('',#1382,.T.);
#1382 = EDGE_LOOP('',(#1383));
#1383 = ORIENTED_EDGE('',*,*,#1384,.F.);
#1384 = EDGE_CURVE('',#1385,#1385,#1387,.T.);
#1385 = VERTEX_POINT('',#1386);
#1386 = CARTESIAN_POINT('',(247.65,-24.,529.));
#1387 = SURFACE_CURVE('',#1388,(#1439,#1493),.PCURVE_S1.);
#1388 = B_SPLINE_CURVE_WITH_KNOTS('',7,(#1389,#1390,#1391,#1392,#1393,
    #1394,#1395,#1396,#1397,#1398,#1399,#1400,#1401,#1402,#1403,#1404,
    #1405,#1406,#1407,#1408,#1409,#1410,#1411,#1412,#1413,#1414,#1415,
    #1416,#1417,#1418,#1419,#1420,#1421,#1422,#1423,#1424,#1425,#1426,
    #1427,#1428,#1429,#1430,#1431,#1432,#1433,#1434,#1435,#1436,#1437,
    #1438),.UNSPECIFIED.,.T.,.F.,(8,6,6,6,6,6,6,6,8),(0.,0.124129377744,
    0.250594914778,0.386802456698,0.505307816076,0.615631086935,
    0.750978566708,0.876652842929,1.),.UNSPECIFIED.);
#1389 = CARTESIAN_POINT('',(247.65,-24.,529.));
#1390 = CARTESIAN_POINT('',(247.65,-24.,529.35976236367));
#1391 = CARTESIAN_POINT('',(247.59301947323,-23.99370825028,
    529.70862637536));
#1392 = CARTESIAN_POINT('',(247.48526683742,-23.98181138921,
    530.03637173022));
#1393 = CARTESIAN_POINT('',(247.33468817211,-23.96602447706,
    530.33476662671));
#1394 = CARTESIAN_POINT('',(247.15091960815,-23.94859697396,
    530.59774499737));
#1395 = CARTESIAN_POINT('',(246.94515568585,-23.93146614271,
    530.82196549455));
#1396 = CARTESIAN_POINT('',(246.51075183108,-23.90004314197,
    531.1963341228));
#1397 = CARTESIAN_POINT('',(246.27542225874,-23.88535245205,
    531.35046522344));
#1398 = CARTESIAN_POINT('',(246.0294069276,-23.87284505186,
    531.47149073871));
#1399 = CARTESIAN_POINT('',(245.77641457833,-23.86313375797,
    531.56102813402));
#1400 = CARTESIAN_POINT('',(245.5191335243,-23.85654753413,
    531.62031126636));
#1401 = CARTESIAN_POINT('',(245.25968659439,-23.85324925455,531.65));
#1402 = CARTESIAN_POINT('',(244.72030899863,-23.85324925455,531.65));
#1403 = CARTESIAN_POINT('',(244.44097047418,-23.85707516761,
    531.615561561));
#1404 = CARTESIAN_POINT('',(244.16432576551,-23.86471097427,
    531.5468326923));
#1405 = CARTESIAN_POINT('',(243.89300987575,-23.87593866402,
    531.44290831941));
#1406 = CARTESIAN_POINT('',(243.63048458053,-23.89032087155,
    531.30211361153));
#1407 = CARTESIAN_POINT('',(243.38169334436,-23.90700617047,
    531.12230164743));
#1408 = CARTESIAN_POINT('',(242.95616015031,-23.93983748314,
    530.70919699755));
#1409 = CARTESIAN_POINT('',(242.76867669572,-23.95620227065,
    530.4804750654));
#1410 = CARTESIAN_POINT('',(242.60399295714,-23.97234137903,
    530.2162452084));
#1411 = CARTESIAN_POINT('',(242.47255181753,-23.98639850215,
    529.92067729715));
#1412 = CARTESIAN_POINT('',(242.38279407513,-23.99638531018,
    529.6004668513));
#1413 = CARTESIAN_POINT('',(242.34100518417,-24.00099271885,
    529.26413106317));
#1414 = CARTESIAN_POINT('',(242.36062099163,-23.99882774638,
    528.6024708867));
#1415 = CARTESIAN_POINT('',(242.41465051412,-23.99286879912,
    528.29315389059));
#1416 = CARTESIAN_POINT('',(242.5088087254,-23.98255851874,
    528.00081644218));
#1417 = CARTESIAN_POINT('',(242.63736465509,-23.96910342201,
    527.73151120291));
#1418 = CARTESIAN_POINT('',(242.79335450235,-23.9540659404,
    527.48985288869));
#1419 = CARTESIAN_POINT('',(242.96866666312,-23.93887256375,
    527.27866176724));
#1420 = CARTESIAN_POINT('',(243.38168304458,-23.90700696514,
    526.8777083515));
#1421 = CARTESIAN_POINT('',(243.63047997645,-23.89032099436,
    526.69788523553));
#1422 = CARTESIAN_POINT('',(243.89301975104,-23.87593783429,
    526.55708422957));
#1423 = CARTESIAN_POINT('',(244.16434233236,-23.86471041689,
    526.45316225214));
#1424 = CARTESIAN_POINT('',(244.44098293275,-23.85707509105,
    526.38443775285));
#1425 = CARTESIAN_POINT('',(244.72031179498,-23.85324925455,526.35));
#1426 = CARTESIAN_POINT('',(245.25969905603,-23.85324925455,526.35));
#1427 = CARTESIAN_POINT('',(245.51915134421,-23.85654783743,
    526.37969149923));
#1428 = CARTESIAN_POINT('',(245.77642860877,-23.86313440891,
    526.43897763547));
#1429 = CARTESIAN_POINT('',(246.02940979922,-23.87284546383,
    526.52851349612));
#1430 = CARTESIAN_POINT('',(246.27541397296,-23.88535206918,
    526.64953209423));
#1431 = CARTESIAN_POINT('',(246.51074191974,-23.90004242503,
    526.80365733561));
#1432 = CARTESIAN_POINT('',(246.94515568585,-23.93146614271,
    527.17803450544));
#1433 = CARTESIAN_POINT('',(247.15091960815,-23.94859697396,
    527.40225500262));
#1434 = CARTESIAN_POINT('',(247.33468817211,-23.96602447706,
    527.66523337328));
#1435 = CARTESIAN_POINT('',(247.48526683742,-23.98181138921,
    527.96362826977));
#1436 = CARTESIAN_POINT('',(247.59301947323,-23.99370825028,
    528.29137362464));
#1437 = CARTESIAN_POINT('',(247.65,-24.,528.64023763633));
#1438 = CARTESIAN_POINT('',(247.65,-24.,529.));
#1439 = PCURVE('',#844,#1440);
#1440 = DEFINITIONAL_REPRESENTATION('',(#1441),#1492);
#1441 = B_SPLINE_CURVE_WITH_KNOTS('',7,(#1442,#1443,#1444,#1445,#1446,
    #1447,#1448,#1449,#1450,#1451,#1452,#1453,#1454,#1455,#1456,#1457,
    #1458,#1459,#1460,#1461,#1462,#1463,#1464,#1465,#1466,#1467,#1468,
    #1469,#1470,#1471,#1472,#1473,#1474,#1475,#1476,#1477,#1478,#1479,
    #1480,#1481,#1482,#1483,#1484,#1485,#1486,#1487,#1488,#1489,#1490,
    #1491),.UNSPECIFIED.,.T.,.F.,(8,6,6,6,6,6,6,6,8),(0.,0.124129377744,
    0.250594914778,0.386802456698,0.505307816076,0.615631086935,
    0.750978566708,0.876652842929,1.),.UNSPECIFIED.);
#1442 = CARTESIAN_POINT('',(4.712388980385,17.65));
#1443 = CARTESIAN_POINT('',(4.697398881898,17.65));
#1444 = CARTESIAN_POINT('',(4.682862875714,17.593019473233));
#1445 = CARTESIAN_POINT('',(4.669201349933,17.485266837426));
#1446 = CARTESIAN_POINT('',(4.656753125999,17.334688172112));
#1447 = CARTESIAN_POINT('',(4.645772568504,17.150919608152));
#1448 = CARTESIAN_POINT('',(4.636403087522,16.94515568585));
#1449 = CARTESIAN_POINT('',(4.620749542774,16.510751831085));
#1450 = CARTESIAN_POINT('',(4.614298719024,16.275422258748));
#1451 = CARTESIAN_POINT('',(4.609229266436,16.029406927609));
#1452 = CARTESIAN_POINT('',(4.605476680243,15.776414578332));
#1453 = CARTESIAN_POINT('',(4.602991350753,15.519133524306));
#1454 = CARTESIAN_POINT('',(4.60174671005,15.25968659439));
#1455 = CARTESIAN_POINT('',(4.60174671005,14.720308998632));
#1456 = CARTESIAN_POINT('',(4.60319047235,14.440970474189));
#1457 = CARTESIAN_POINT('',(4.60607179738,14.16432576551));
#1458 = CARTESIAN_POINT('',(4.610427148905,13.893009875755));
#1459 = CARTESIAN_POINT('',(4.616323916009,13.630484580533));
#1460 = CARTESIAN_POINT('',(4.623847610661,13.381693344361));
#1461 = CARTESIAN_POINT('',(4.641114578304,12.956160150317));
#1462 = CARTESIAN_POINT('',(4.650668718496,12.768676695726));
#1463 = CARTESIAN_POINT('',(4.661697843384,12.60399295714));
#1464 = CARTESIAN_POINT('',(4.674024768244,12.472551817538));
#1465 = CARTESIAN_POINT('',(4.687370154211,12.38279407513));
#1466 = CARTESIAN_POINT('',(4.701383448829,12.341005184171));
#1467 = CARTESIAN_POINT('',(4.728952770429,12.360620991633));
#1468 = CARTESIAN_POINT('',(4.741841724777,12.414650514123));
#1469 = CARTESIAN_POINT('',(4.75402761222,12.508808725409));
#1470 = CARTESIAN_POINT('',(4.765260945314,12.637364655097));
#1471 = CARTESIAN_POINT('',(4.775348740063,12.793354502353));
#1472 = CARTESIAN_POINT('',(4.784170862386,12.96866666312));
#1473 = CARTESIAN_POINT('',(4.800929932172,13.381683044588));
#1474 = CARTESIAN_POINT('',(4.808454092219,13.630479976453));
#1475 = CARTESIAN_POINT('',(4.814351124039,13.89301975104));
#1476 = CARTESIAN_POINT('',(4.818706375421,14.164342332366));
#1477 = CARTESIAN_POINT('',(4.821587517156,14.440982932753));
#1478 = CARTESIAN_POINT('',(4.823031250719,14.720311794983));
#1479 = CARTESIAN_POINT('',(4.823031250719,15.25969905603));
#1480 = CARTESIAN_POINT('',(4.821786494135,15.519151344219));
#1481 = CARTESIAN_POINT('',(4.819301038506,15.776428608771));
#1482 = CARTESIAN_POINT('',(4.815548517192,16.029409799227));
#1483 = CARTESIAN_POINT('',(4.810479354441,16.275413972962));
#1484 = CARTESIAN_POINT('',(4.804028775146,16.510741919746));
#1485 = CARTESIAN_POINT('',(4.788374873247,16.94515568585));
#1486 = CARTESIAN_POINT('',(4.779005392265,17.150919608152));
#1487 = CARTESIAN_POINT('',(4.76802483477,17.334688172112));
#1488 = CARTESIAN_POINT('',(4.755576610836,17.485266837426));
#1489 = CARTESIAN_POINT('',(4.741915085055,17.593019473233));
#1490 = CARTESIAN_POINT('',(4.727379078871,17.65));
#1491 = CARTESIAN_POINT('',(4.712388980385,17.65));
#1492 = ( GEOMETRIC_REPRESENTATION_CONTEXT(2) 
PARAMETRIC_REPRESENTATION_CONTEXT() REPRESENTATION_CONTEXT('2D SPACE',''
  ) );
#1493 = PCURVE('',#1494,#1499);
#1494 = CYLINDRICAL_SURFACE('',#1495,2.65);
#1495 = AXIS2_PLACEMENT_3D('',#1496,#1497,#1498);
#1496 = CARTESIAN_POINT('',(245.,30.,529.));
#1497 = DIRECTION('',(0.,-1.,2.22044604925E-16));
#1498 = DIRECTION('',(1.,0.,0.));
#1499 = DEFINITIONAL_REPRESENTATION('',(#1500),#1551);
#1500 = B_SPLINE_CURVE_WITH_KNOTS('',7,(#1501,#1502,#1503,#1504,#1505,
    #1506,#1507,#1508,#1509,#1510,#1511,#1512,#1513,#1514,#1515,#1516,
    #1517,#1518,#1519,#1520,#1521,#1522,#1523,#1524,#1525,#1526,#1527,
    #1528,#1529,#1530,#1531,#1532,#1533,#1534,#1535,#1536,#1537,#1538,
    #1539,#1540,#1541,#1542,#1543,#1544,#1545,#1546,#1547,#1548,#1549,
    #1550),.UNSPECIFIED.,.F.,.F.,(8,6,6,6,6,6,6,6,8),(0.,0.124129377744,
    0.250594914778,0.386802456698,0.505307816076,0.615631086935,
    0.750978566708,0.876652842929,1.),.UNSPECIFIED.);
#1501 = CARTESIAN_POINT('',(0.,54.));
#1502 = CARTESIAN_POINT('',(0.135759382517,54.));
#1503 = CARTESIAN_POINT('',(0.267406117599,53.993708250287));
#1504 = CARTESIAN_POINT('',(0.395170495333,53.981811389218));
#1505 = CARTESIAN_POINT('',(0.518919761348,53.966024477064));
#1506 = CARTESIAN_POINT('',(0.638246076163,53.948596973962));
#1507 = CARTESIAN_POINT('',(0.75230065943,53.931466142712));
#1508 = CARTESIAN_POINT('',(0.968701385659,53.900043141977));
#1509 = CARTESIAN_POINT('',(1.073941126273,53.88535245205));
#1510 = CARTESIAN_POINT('',(1.176206391959,53.872845051862));
#1511 = CARTESIAN_POINT('',(1.276272067922,53.863133757971));
#1512 = CARTESIAN_POINT('',(1.37489703163,53.856547534138));
#1513 = CARTESIAN_POINT('',(1.472801385516,53.853249254556));
#1514 = CARTESIAN_POINT('',(1.676340100896,53.853249254556));
#1515 = CARTESIAN_POINT('',(1.781750523478,53.857075167613));
#1516 = CARTESIAN_POINT('',(1.888066637886,53.864710974278));
#1517 = CARTESIAN_POINT('',(1.996186117811,53.875938664023));
#1518 = CARTESIAN_POINT('',(2.107072639003,53.890320871558));
#1519 = CARTESIAN_POINT('',(2.221698439199,53.907006170478));
#1520 = CARTESIAN_POINT('',(2.445499051964,53.939837483146));
#1521 = CARTESIAN_POINT('',(2.556381227942,53.956202270657));
#1522 = CARTESIAN_POINT('',(2.67226578136,53.972341379038));
#1523 = CARTESIAN_POINT('',(2.792157892722,53.986398502158));
#1524 = CARTESIAN_POINT('',(2.915472179483,53.996385310183));
#1525 = CARTESIAN_POINT('',(3.041868081829,54.000992718855));
#1526 = CARTESIAN_POINT('',(3.29166086716,53.998827746382));
#1527 = CARTESIAN_POINT('',(3.408937123048,53.992868799125));
#1528 = CARTESIAN_POINT('',(3.523110708587,53.982558518747));
#1529 = CARTESIAN_POINT('',(3.634014368347,53.969103422018));
#1530 = CARTESIAN_POINT('',(3.741285220497,53.954065940409));
#1531 = CARTESIAN_POINT('',(3.844263803731,53.93887256375));
#1532 = CARTESIAN_POINT('',(4.061481451022,53.90700696514));
#1533 = CARTESIAN_POINT('',(4.176111714097,53.89032099436));
#1534 = CARTESIAN_POINT('',(4.287003488579,53.875937834299));
#1535 = CARTESIAN_POINT('',(4.39512501814,53.864710416898));
#1536 = CARTESIAN_POINT('',(4.501439472643,53.857075091057));
#1537 = CARTESIAN_POINT('',(4.60684626151,53.853249254556));
#1538 = CARTESIAN_POINT('',(4.81038862417,53.853249254556));
#1539 = CARTESIAN_POINT('',(4.908294973717,53.856547837431));
#1540 = CARTESIAN_POINT('',(5.006918800585,53.863134408911));
#1541 = CARTESIAN_POINT('',(5.106980479309,53.872845463833));
#1542 = CARTESIAN_POINT('',(5.209241154768,53.885352069189));
#1543 = CARTESIAN_POINT('',(5.314478984131,53.900042425031));
#1544 = CARTESIAN_POINT('',(5.530884647749,53.931466142712));
#1545 = CARTESIAN_POINT('',(5.644939231016,53.948596973962));
#1546 = CARTESIAN_POINT('',(5.764265545833,53.966024477065));
#1547 = CARTESIAN_POINT('',(5.888014811846,53.981811389218));
#1548 = CARTESIAN_POINT('',(6.015779189581,53.993708250287));
#1549 = CARTESIAN_POINT('',(6.147425924663,54.));
#1550 = CARTESIAN_POINT('',(6.28318530718,54.));
#1551 = ( GEOMETRIC_REPRESENTATION_CONTEXT(2) 
PARAMETRIC_REPRESENTATION_CONTEXT() REPRESENTATION_CONTEXT('2D SPACE',''
  ) );
#1552 = FACE_BOUND('',#1553,.T.);
#1553 = EDGE_LOOP('',(#1554));
#1554 = ORIENTED_EDGE('',*,*,#1555,.T.);
#1555 = EDGE_CURVE('',#1556,#1556,#1558,.T.);
#1556 = VERTEX_POINT('',#1557);
#1557 = CARTESIAN_POINT('',(269.65,24.,529.));
#1558 = SURFACE_CURVE('',#1559,(#1610,#1664),.PCURVE_S1.);
#1559 = B_SPLINE_CURVE_WITH_KNOTS('',7,(#1560,#1561,#1562,#1563,#1564,
    #1565,#1566,#1567,#1568,#1569,#1570,#1571,#1572,#1573,#1574,#1575,
    #1576,#1577,#1578,#1579,#1580,#1581,#1582,#1583,#1584,#1585,#1586,
    #1587,#1588,#1589,#1590,#1591,#1592,#1593,#1594,#1595,#1596,#1597,
    #1598,#1599,#1600,#1601,#1602,#1603,#1604,#1605,#1606,#1607,#1608,
    #1609),.UNSPECIFIED.,.T.,.F.,(8,6,6,6,6,6,6,6,8),(0.,0.124129377751,
    0.250594914792,0.38680245672,0.505307816067,0.615631086928,
    0.750978566703,0.876652842926,1.),.UNSPECIFIED.);
#1560 = CARTESIAN_POINT('',(269.65,24.,529.));
#1561 = CARTESIAN_POINT('',(269.65,24.,529.35976236367));
#1562 = CARTESIAN_POINT('',(269.59301947323,23.993708250287,
    529.70862637535));
#1563 = CARTESIAN_POINT('',(269.48526683742,23.981811389218,
    530.03637173022));
#1564 = CARTESIAN_POINT('',(269.33468817211,23.966024477064,
    530.3347666267));
#1565 = CARTESIAN_POINT('',(269.15091960815,23.948596973962,
    530.59774499737));
#1566 = CARTESIAN_POINT('',(268.94515568585,23.931466142712,
    530.82196549455));
#1567 = CARTESIAN_POINT('',(268.51075183108,23.900043141977,
    531.1963341228));
#1568 = CARTESIAN_POINT('',(268.27542225874,23.88535245205,
    531.35046522344));
#1569 = CARTESIAN_POINT('',(268.02940692761,23.872845051862,
    531.47149073871));
#1570 = CARTESIAN_POINT('',(267.77641457833,23.863133757971,
    531.56102813402));
#1571 = CARTESIAN_POINT('',(267.5191335243,23.856547534138,
    531.62031126636));
#1572 = CARTESIAN_POINT('',(267.25968659438,23.853249254556,531.65));
#1573 = CARTESIAN_POINT('',(266.72030899863,23.853249254556,531.65));
#1574 = CARTESIAN_POINT('',(266.44097047418,23.857075167613,
    531.615561561));
#1575 = CARTESIAN_POINT('',(266.16432576551,23.864710974278,
    531.5468326923));
#1576 = CARTESIAN_POINT('',(265.89300987575,23.875938664023,
    531.4429083194));
#1577 = CARTESIAN_POINT('',(265.63048458053,23.890320871558,
    531.30211361153));
#1578 = CARTESIAN_POINT('',(265.38169334436,23.907006170478,
    531.12230164744));
#1579 = CARTESIAN_POINT('',(264.95616015037,23.939837483141,
    530.70919699761));
#1580 = CARTESIAN_POINT('',(264.76867669564,23.956202270662,
    530.48047506535));
#1581 = CARTESIAN_POINT('',(264.60399295713,23.972341379042,
    530.21624520832));
#1582 = CARTESIAN_POINT('',(264.4725518176,23.98639850215,529.9206772972
    ));
#1583 = CARTESIAN_POINT('',(264.3827940751,23.996385310187,
    529.60046685139));
#1584 = CARTESIAN_POINT('',(264.34100518417,24.000992718855,
    529.26413106307));
#1585 = CARTESIAN_POINT('',(264.36062099163,23.998827746382,
    528.6024708867));
#1586 = CARTESIAN_POINT('',(264.41465051412,23.992868799125,
    528.29315389059));
#1587 = CARTESIAN_POINT('',(264.5088087254,23.982558518747,
    528.00081644218));
#1588 = CARTESIAN_POINT('',(264.63736465509,23.969103422018,
    527.73151120291));
#1589 = CARTESIAN_POINT('',(264.79335450235,23.954065940409,
    527.48985288869));
#1590 = CARTESIAN_POINT('',(264.96866666312,23.93887256375,
    527.27866176724));
#1591 = CARTESIAN_POINT('',(265.38168304458,23.90700696514,
    526.8777083515));
#1592 = CARTESIAN_POINT('',(265.63047997645,23.89032099436,
    526.69788523553));
#1593 = CARTESIAN_POINT('',(265.89301975104,23.875937834299,
    526.55708422957));
#1594 = CARTESIAN_POINT('',(266.16434233236,23.864710416898,
    526.45316225214));
#1595 = CARTESIAN_POINT('',(266.44098293275,23.857075091057,
    526.38443775285));
#1596 = CARTESIAN_POINT('',(266.72031179498,23.853249254556,526.35));
#1597 = CARTESIAN_POINT('',(267.25969905603,23.853249254556,526.35));
#1598 = CARTESIAN_POINT('',(267.51915134421,23.856547837431,
    526.37969149923));
#1599 = CARTESIAN_POINT('',(267.77642860877,23.863134408911,
    526.43897763547));
#1600 = CARTESIAN_POINT('',(268.02940979922,23.872845463833,
    526.52851349612));
#1601 = CARTESIAN_POINT('',(268.27541397296,23.885352069189,
    526.64953209423));
#1602 = CARTESIAN_POINT('',(268.51074191974,23.900042425031,
    526.80365733561));
#1603 = CARTESIAN_POINT('',(268.94515568585,23.931466142712,
    527.17803450544));
#1604 = CARTESIAN_POINT('',(269.15091960815,23.948596973962,
    527.40225500262));
#1605 = CARTESIAN_POINT('',(269.33468817211,23.966024477064,
    527.66523337328));
#1606 = CARTESIAN_POINT('',(269.48526683742,23.981811389218,
    527.96362826977));
#1607 = CARTESIAN_POINT('',(269.59301947323,23.993708250287,
    528.29137362464));
#1608 = CARTESIAN_POINT('',(269.65,24.,528.64023763633));
#1609 = CARTESIAN_POINT('',(269.65,24.,529.));
#1610 = PCURVE('',#844,#1611);
#1611 = DEFINITIONAL_REPRESENTATION('',(#1612),#1663);
#1612 = B_SPLINE_CURVE_WITH_KNOTS('',7,(#1613,#1614,#1615,#1616,#1617,
    #1618,#1619,#1620,#1621,#1622,#1623,#1624,#1625,#1626,#1627,#1628,
    #1629,#1630,#1631,#1632,#1633,#1634,#1635,#1636,#1637,#1638,#1639,
    #1640,#1641,#1642,#1643,#1644,#1645,#1646,#1647,#1648,#1649,#1650,
    #1651,#1652,#1653,#1654,#1655,#1656,#1657,#1658,#1659,#1660,#1661,
    #1662),.UNSPECIFIED.,.T.,.F.,(8,6,6,6,6,6,6,6,8),(0.,0.124129377751,
    0.250594914792,0.38680245672,0.505307816067,0.615631086928,
    0.750978566703,0.876652842926,1.),.UNSPECIFIED.);
#1613 = CARTESIAN_POINT('',(1.570796326795,39.65));
#1614 = CARTESIAN_POINT('',(1.585786425281,39.65));
#1615 = CARTESIAN_POINT('',(1.600322431465,39.593019473232));
#1616 = CARTESIAN_POINT('',(1.613983957247,39.485266837427));
#1617 = CARTESIAN_POINT('',(1.62643218118,39.334688172111));
#1618 = CARTESIAN_POINT('',(1.637412738676,39.150919608152));
#1619 = CARTESIAN_POINT('',(1.646782219657,38.94515568585));
#1620 = CARTESIAN_POINT('',(1.662435764406,38.510751831085));
#1621 = CARTESIAN_POINT('',(1.668886588155,38.275422258747));
#1622 = CARTESIAN_POINT('',(1.673956040744,38.02940692761));
#1623 = CARTESIAN_POINT('',(1.677708626937,37.77641457833));
#1624 = CARTESIAN_POINT('',(1.680193956426,37.519133524308));
#1625 = CARTESIAN_POINT('',(1.68143859713,37.259686594389));
#1626 = CARTESIAN_POINT('',(1.68143859713,36.720308998632));
#1627 = CARTESIAN_POINT('',(1.67999483483,36.440970474188));
#1628 = CARTESIAN_POINT('',(1.677113509799,36.164325765511));
#1629 = CARTESIAN_POINT('',(1.672758158275,35.893009875755));
#1630 = CARTESIAN_POINT('',(1.666861391171,35.630484580532));
#1631 = CARTESIAN_POINT('',(1.659337696519,35.381693344361));
#1632 = CARTESIAN_POINT('',(1.642070728878,34.956160150378));
#1633 = CARTESIAN_POINT('',(1.632516588682,34.768676695644));
#1634 = CARTESIAN_POINT('',(1.621487463793,34.603992957134));
#1635 = CARTESIAN_POINT('',(1.609160538938,34.472551817599));
#1636 = CARTESIAN_POINT('',(1.595815152973,34.382794075101));
#1637 = CARTESIAN_POINT('',(1.581801858346,34.341005184173));
#1638 = CARTESIAN_POINT('',(1.554232536751,34.360620991633));
#1639 = CARTESIAN_POINT('',(1.541343582402,34.414650514123));
#1640 = CARTESIAN_POINT('',(1.52915769496,34.508808725409));
#1641 = CARTESIAN_POINT('',(1.517924361865,34.637364655097));
#1642 = CARTESIAN_POINT('',(1.507836567116,34.793354502352));
#1643 = CARTESIAN_POINT('',(1.499014444793,34.968666663121));
#1644 = CARTESIAN_POINT('',(1.482255375007,35.381683044587));
#1645 = CARTESIAN_POINT('',(1.47473121496,35.630479976454));
#1646 = CARTESIAN_POINT('',(1.468834183141,35.893019751039));
#1647 = CARTESIAN_POINT('',(1.464478931759,36.164342332367));
#1648 = CARTESIAN_POINT('',(1.461597790023,36.440982932753));
#1649 = CARTESIAN_POINT('',(1.46015405646,36.720311794983));
#1650 = CARTESIAN_POINT('',(1.46015405646,37.259699056031));
#1651 = CARTESIAN_POINT('',(1.461398813045,37.519151344218));
#1652 = CARTESIAN_POINT('',(1.463884268673,37.776428608772));
#1653 = CARTESIAN_POINT('',(1.467636789988,38.029409799226));
#1654 = CARTESIAN_POINT('',(1.472705952739,38.275413972963));
#1655 = CARTESIAN_POINT('',(1.479156532034,38.510741919746));
#1656 = CARTESIAN_POINT('',(1.494810433933,38.94515568585));
#1657 = CARTESIAN_POINT('',(1.504179914914,39.150919608152));
#1658 = CARTESIAN_POINT('',(1.515160472409,39.334688172111));
#1659 = CARTESIAN_POINT('',(1.527608696343,39.485266837426));
#1660 = CARTESIAN_POINT('',(1.541270222125,39.593019473232));
#1661 = CARTESIAN_POINT('',(1.555806228309,39.65));
#1662 = CARTESIAN_POINT('',(1.570796326795,39.65));
#1663 = ( GEOMETRIC_REPRESENTATION_CONTEXT(2) 
PARAMETRIC_REPRESENTATION_CONTEXT() REPRESENTATION_CONTEXT('2D SPACE',''
  ) );
#1664 = PCURVE('',#1665,#1670);
#1665 = CYLINDRICAL_SURFACE('',#1666,2.65);
#1666 = AXIS2_PLACEMENT_3D('',#1667,#1668,#1669);
#1667 = CARTESIAN_POINT('',(267.,30.,529.));
#1668 = DIRECTION('',(0.,-1.,2.22044604925E-16));
#1669 = DIRECTION('',(1.,0.,0.));
#1670 = DEFINITIONAL_REPRESENTATION('',(#1671),#1722);
#1671 = B_SPLINE_CURVE_WITH_KNOTS('',7,(#1672,#1673,#1674,#1675,#1676,
    #1677,#1678,#1679,#1680,#1681,#1682,#1683,#1684,#1685,#1686,#1687,
    #1688,#1689,#1690,#1691,#1692,#1693,#1694,#1695,#1696,#1697,#1698,
    #1699,#1700,#1701,#1702,#1703,#1704,#1705,#1706,#1707,#1708,#1709,
    #1710,#1711,#1712,#1713,#1714,#1715,#1716,#1717,#1718,#1719,#1720,
    #1721),.UNSPECIFIED.,.F.,.F.,(8,6,6,6,6,6,6,6,8),(0.,0.124129377751,
    0.250594914792,0.38680245672,0.505307816067,0.615631086928,
    0.750978566703,0.876652842926,1.),.UNSPECIFIED.);
#1672 = CARTESIAN_POINT('',(0.,6.));
#1673 = CARTESIAN_POINT('',(0.135759382517,6.));
#1674 = CARTESIAN_POINT('',(0.267406117599,6.006291749713));
#1675 = CARTESIAN_POINT('',(0.395170495334,6.018188610782));
#1676 = CARTESIAN_POINT('',(0.518919761347,6.033975522936));
#1677 = CARTESIAN_POINT('',(0.638246076164,6.051403026038));
#1678 = CARTESIAN_POINT('',(0.75230065943,6.068533857288));
#1679 = CARTESIAN_POINT('',(0.968701385659,6.099956858023));
#1680 = CARTESIAN_POINT('',(1.073941126273,6.11464754795));
#1681 = CARTESIAN_POINT('',(1.176206391958,6.127154948138));
#1682 = CARTESIAN_POINT('',(1.276272067922,6.136866242029));
#1683 = CARTESIAN_POINT('',(1.37489703163,6.143452465862));
#1684 = CARTESIAN_POINT('',(1.472801385516,6.146750745444));
#1685 = CARTESIAN_POINT('',(1.676340100896,6.146750745444));
#1686 = CARTESIAN_POINT('',(1.781750523478,6.142924832387));
#1687 = CARTESIAN_POINT('',(1.888066637886,6.135289025722));
#1688 = CARTESIAN_POINT('',(1.996186117811,6.124061335977));
#1689 = CARTESIAN_POINT('',(2.107072639004,6.109679128442));
#1690 = CARTESIAN_POINT('',(2.221698439199,6.092993829522));
#1691 = CARTESIAN_POINT('',(2.445499051933,6.060162516859));
#1692 = CARTESIAN_POINT('',(2.556381227979,6.043797729338));
#1693 = CARTESIAN_POINT('',(2.672265781377,6.027658620958));
#1694 = CARTESIAN_POINT('',(2.792157892703,6.01360149785));
#1695 = CARTESIAN_POINT('',(2.915472179447,6.003614689813));
#1696 = CARTESIAN_POINT('',(3.041868081864,5.999007281145));
#1697 = CARTESIAN_POINT('',(3.29166086716,6.001172253618));
#1698 = CARTESIAN_POINT('',(3.408937123048,6.007131200875));
#1699 = CARTESIAN_POINT('',(3.523110708587,6.017441481253));
#1700 = CARTESIAN_POINT('',(3.634014368348,6.030896577982));
#1701 = CARTESIAN_POINT('',(3.741285220497,6.045934059591));
#1702 = CARTESIAN_POINT('',(3.844263803731,6.06112743625));
#1703 = CARTESIAN_POINT('',(4.061481451022,6.09299303486));
#1704 = CARTESIAN_POINT('',(4.176111714098,6.10967900564));
#1705 = CARTESIAN_POINT('',(4.287003488578,6.124062165701));
#1706 = CARTESIAN_POINT('',(4.395125018141,6.135289583102));
#1707 = CARTESIAN_POINT('',(4.501439472643,6.142924908943));
#1708 = CARTESIAN_POINT('',(4.60684626151,6.146750745444));
#1709 = CARTESIAN_POINT('',(4.81038862417,6.146750745444));
#1710 = CARTESIAN_POINT('',(4.908294973717,6.143452162569));
#1711 = CARTESIAN_POINT('',(5.006918800585,6.136865591089));
#1712 = CARTESIAN_POINT('',(5.106980479308,6.127154536167));
#1713 = CARTESIAN_POINT('',(5.209241154768,6.114647930811));
#1714 = CARTESIAN_POINT('',(5.314478984131,6.099957574969));
#1715 = CARTESIAN_POINT('',(5.53088464775,6.068533857288));
#1716 = CARTESIAN_POINT('',(5.644939231016,6.051403026038));
#1717 = CARTESIAN_POINT('',(5.764265545832,6.033975522936));
#1718 = CARTESIAN_POINT('',(5.888014811846,6.018188610782));
#1719 = CARTESIAN_POINT('',(6.015779189581,6.006291749713));
#1720 = CARTESIAN_POINT('',(6.147425924662,6.));
#1721 = CARTESIAN_POINT('',(6.28318530718,6.));
#1722 = ( GEOMETRIC_REPRESENTATION_CONTEXT(2) 
PARAMETRIC_REPRESENTATION_CONTEXT() REPRESENTATION_CONTEXT('2D SPACE',''
  ) );
#1723 = FACE_BOUND('',#1724,.T.);
#1724 = EDGE_LOOP('',(#1725));
#1725 = ORIENTED_EDGE('',*,*,#1726,.F.);
#1726 = EDGE_CURVE('',#1727,#1727,#1729,.T.);
#1727 = VERTEX_POINT('',#1728);
#1728 = CARTESIAN_POINT('',(269.65,-24.,529.));
#1729 = SURFACE_CURVE('',#1730,(#1781,#1835),.PCURVE_S1.);
#1730 = B_SPLINE_CURVE_WITH_KNOTS('',7,(#1731,#1732,#1733,#1734,#1735,
    #1736,#1737,#1738,#1739,#1740,#1741,#1742,#1743,#1744,#1745,#1746,
    #1747,#1748,#1749,#1750,#1751,#1752,#1753,#1754,#1755,#1756,#1757,
    #1758,#1759,#1760,#1761,#1762,#1763,#1764,#1765,#1766,#1767,#1768,
    #1769,#1770,#1771,#1772,#1773,#1774,#1775,#1776,#1777,#1778,#1779,
    #1780),.UNSPECIFIED.,.T.,.F.,(8,6,6,6,6,6,6,6,8),(0.,0.124129377751,
    0.250594914792,0.38680245672,0.505307816067,0.615631086929,
    0.750978566704,0.876652842926,1.),.UNSPECIFIED.);
#1731 = CARTESIAN_POINT('',(269.65,-24.,529.));
#1732 = CARTESIAN_POINT('',(269.65,-24.,529.35976236367));
#1733 = CARTESIAN_POINT('',(269.59301947323,-23.99370825028,
    529.70862637536));
#1734 = CARTESIAN_POINT('',(269.48526683742,-23.98181138921,
    530.03637173022));
#1735 = CARTESIAN_POINT('',(269.33468817211,-23.96602447706,
    530.33476662671));
#1736 = CARTESIAN_POINT('',(269.15091960815,-23.94859697396,
    530.59774499737));
#1737 = CARTESIAN_POINT('',(268.94515568585,-23.93146614271,
    530.82196549455));
#1738 = CARTESIAN_POINT('',(268.51075183108,-23.90004314197,
    531.1963341228));
#1739 = CARTESIAN_POINT('',(268.27542225874,-23.88535245205,
    531.35046522344));
#1740 = CARTESIAN_POINT('',(268.02940692761,-23.87284505186,
    531.47149073871));
#1741 = CARTESIAN_POINT('',(267.77641457833,-23.86313375797,
    531.56102813402));
#1742 = CARTESIAN_POINT('',(267.5191335243,-23.85654753413,
    531.62031126636));
#1743 = CARTESIAN_POINT('',(267.25968659438,-23.85324925455,531.65));
#1744 = CARTESIAN_POINT('',(266.72030899863,-23.85324925455,531.65));
#1745 = CARTESIAN_POINT('',(266.44097047418,-23.85707516761,
    531.615561561));
#1746 = CARTESIAN_POINT('',(266.16432576551,-23.86471097427,
    531.5468326923));
#1747 = CARTESIAN_POINT('',(265.89300987575,-23.87593866402,
    531.44290831941));
#1748 = CARTESIAN_POINT('',(265.63048458053,-23.89032087155,
    531.30211361153));
#1749 = CARTESIAN_POINT('',(265.38169334436,-23.90700617047,
    531.12230164743));
#1750 = CARTESIAN_POINT('',(264.95616015037,-23.93983748314,
    530.70919699761));
#1751 = CARTESIAN_POINT('',(264.76867669564,-23.95620227066,
    530.48047506535));
#1752 = CARTESIAN_POINT('',(264.60399295713,-23.97234137904,
    530.21624520832));
#1753 = CARTESIAN_POINT('',(264.47255181759,-23.98639850215,
    529.9206772972));
#1754 = CARTESIAN_POINT('',(264.3827940751,-23.99638531018,
    529.60046685139));
#1755 = CARTESIAN_POINT('',(264.34100518417,-24.00099271885,
    529.26413106307));
#1756 = CARTESIAN_POINT('',(264.36062099163,-23.99882774638,
    528.6024708867));
#1757 = CARTESIAN_POINT('',(264.41465051412,-23.99286879912,
    528.29315389059));
#1758 = CARTESIAN_POINT('',(264.5088087254,-23.98255851874,
    528.00081644218));
#1759 = CARTESIAN_POINT('',(264.63736465509,-23.96910342201,
    527.73151120291));
#1760 = CARTESIAN_POINT('',(264.79335450235,-23.9540659404,
    527.48985288869));
#1761 = CARTESIAN_POINT('',(264.96866666312,-23.93887256375,
    527.27866176724));
#1762 = CARTESIAN_POINT('',(265.38168304458,-23.90700696514,
    526.8777083515));
#1763 = CARTESIAN_POINT('',(265.63047997645,-23.89032099436,
    526.69788523553));
#1764 = CARTESIAN_POINT('',(265.89301975104,-23.87593783429,
    526.55708422957));
#1765 = CARTESIAN_POINT('',(266.16434233236,-23.86471041689,
    526.45316225214));
#1766 = CARTESIAN_POINT('',(266.44098293275,-23.85707509105,
    526.38443775285));
#1767 = CARTESIAN_POINT('',(266.72031179498,-23.85324925455,526.35));
#1768 = CARTESIAN_POINT('',(267.25969905603,-23.85324925455,526.35));
#1769 = CARTESIAN_POINT('',(267.51915134421,-23.85654783743,
    526.37969149923));
#1770 = CARTESIAN_POINT('',(267.77642860877,-23.86313440891,
    526.43897763547));
#1771 = CARTESIAN_POINT('',(268.02940979922,-23.87284546383,
    526.52851349612));
#1772 = CARTESIAN_POINT('',(268.27541397296,-23.88535206918,
    526.64953209423));
#1773 = CARTESIAN_POINT('',(268.51074191974,-23.90004242503,
    526.80365733561));
#1774 = CARTESIAN_POINT('',(268.94515568585,-23.93146614271,
    527.17803450544));
#1775 = CARTESIAN_POINT('',(269.15091960815,-23.94859697396,
    527.40225500262));
#1776 = CARTESIAN_POINT('',(269.33468817211,-23.96602447706,
    527.66523337329));
#1777 = CARTESIAN_POINT('',(269.48526683742,-23.98181138921,
    527.96362826977));
#1778 = CARTESIAN_POINT('',(269.59301947323,-23.99370825028,
    528.29137362464));
#1779 = CARTESIAN_POINT('',(269.65,-24.,528.64023763633));
#1780 = CARTESIAN_POINT('',(269.65,-24.,529.));
#1781 = PCURVE('',#844,#1782);
#1782 = DEFINITIONAL_REPRESENTATION('',(#1783),#1834);
#1783 = B_SPLINE_CURVE_WITH_KNOTS('',7,(#1784,#1785,#1786,#1787,#1788,
    #1789,#1790,#1791,#1792,#1793,#1794,#1795,#1796,#1797,#1798,#1799,
    #1800,#1801,#1802,#1803,#1804,#1805,#1806,#1807,#1808,#1809,#1810,
    #1811,#1812,#1813,#1814,#1815,#1816,#1817,#1818,#1819,#1820,#1821,
    #1822,#1823,#1824,#1825,#1826,#1827,#1828,#1829,#1830,#1831,#1832,
    #1833),.UNSPECIFIED.,.T.,.F.,(8,6,6,6,6,6,6,6,8),(0.,0.124129377751,
    0.250594914792,0.38680245672,0.505307816067,0.615631086929,
    0.750978566704,0.876652842926,1.),.UNSPECIFIED.);
#1784 = CARTESIAN_POINT('',(4.712388980385,39.65));
#1785 = CARTESIAN_POINT('',(4.697398881898,39.65));
#1786 = CARTESIAN_POINT('',(4.682862875714,39.593019473232));
#1787 = CARTESIAN_POINT('',(4.669201349933,39.485266837426));
#1788 = CARTESIAN_POINT('',(4.656753125999,39.334688172111));
#1789 = CARTESIAN_POINT('',(4.645772568504,39.150919608152));
#1790 = CARTESIAN_POINT('',(4.636403087522,38.94515568585));
#1791 = CARTESIAN_POINT('',(4.620749542774,38.510751831085));
#1792 = CARTESIAN_POINT('',(4.614298719024,38.275422258747));
#1793 = CARTESIAN_POINT('',(4.609229266436,38.02940692761));
#1794 = CARTESIAN_POINT('',(4.605476680243,37.776414578331));
#1795 = CARTESIAN_POINT('',(4.602991350753,37.519133524307));
#1796 = CARTESIAN_POINT('',(4.60174671005,37.259686594389));
#1797 = CARTESIAN_POINT('',(4.60174671005,36.720308998632));
#1798 = CARTESIAN_POINT('',(4.60319047235,36.440970474188));
#1799 = CARTESIAN_POINT('',(4.60607179738,36.164325765511));
#1800 = CARTESIAN_POINT('',(4.610427148905,35.893009875755));
#1801 = CARTESIAN_POINT('',(4.616323916009,35.630484580532));
#1802 = CARTESIAN_POINT('',(4.623847610661,35.381693344361));
#1803 = CARTESIAN_POINT('',(4.641114578302,34.956160150378));
#1804 = CARTESIAN_POINT('',(4.650668718498,34.768676695644));
#1805 = CARTESIAN_POINT('',(4.661697843387,34.603992957134));
#1806 = CARTESIAN_POINT('',(4.674024768242,34.472551817599));
#1807 = CARTESIAN_POINT('',(4.687370154207,34.382794075101));
#1808 = CARTESIAN_POINT('',(4.701383448833,34.341005184173));
#1809 = CARTESIAN_POINT('',(4.728952770429,34.360620991633));
#1810 = CARTESIAN_POINT('',(4.741841724777,34.414650514123));
#1811 = CARTESIAN_POINT('',(4.75402761222,34.508808725409));
#1812 = CARTESIAN_POINT('',(4.765260945314,34.637364655097));
#1813 = CARTESIAN_POINT('',(4.775348740063,34.793354502352));
#1814 = CARTESIAN_POINT('',(4.784170862386,34.968666663121));
#1815 = CARTESIAN_POINT('',(4.800929932172,35.381683044587));
#1816 = CARTESIAN_POINT('',(4.808454092219,35.630479976454));
#1817 = CARTESIAN_POINT('',(4.814351124039,35.893019751039));
#1818 = CARTESIAN_POINT('',(4.818706375421,36.164342332367));
#1819 = CARTESIAN_POINT('',(4.821587517156,36.440982932752));
#1820 = CARTESIAN_POINT('',(4.823031250719,36.720311794983));
#1821 = CARTESIAN_POINT('',(4.823031250719,37.25969905603));
#1822 = CARTESIAN_POINT('',(4.821786494135,37.519151344219));
#1823 = CARTESIAN_POINT('',(4.819301038506,37.776428608771));
#1824 = CARTESIAN_POINT('',(4.815548517192,38.029409799227));
#1825 = CARTESIAN_POINT('',(4.810479354441,38.275413972962));
#1826 = CARTESIAN_POINT('',(4.804028775146,38.510741919746));
#1827 = CARTESIAN_POINT('',(4.788374873247,38.94515568585));
#1828 = CARTESIAN_POINT('',(4.779005392266,39.150919608151));
#1829 = CARTESIAN_POINT('',(4.76802483477,39.334688172112));
#1830 = CARTESIAN_POINT('',(4.755576610836,39.485266837426));
#1831 = CARTESIAN_POINT('',(4.741915085055,39.593019473233));
#1832 = CARTESIAN_POINT('',(4.727379078871,39.65));
#1833 = CARTESIAN_POINT('',(4.712388980385,39.65));
#1834 = ( GEOMETRIC_REPRESENTATION_CONTEXT(2) 
PARAMETRIC_REPRESENTATION_CONTEXT() REPRESENTATION_CONTEXT('2D SPACE',''
  ) );
#1835 = PCURVE('',#1836,#1841);
#1836 = CYLINDRICAL_SURFACE('',#1837,2.65);
#1837 = AXIS2_PLACEMENT_3D('',#1838,#1839,#1840);
#1838 = CARTESIAN_POINT('',(267.,30.,529.));
#1839 = DIRECTION('',(0.,-1.,2.22044604925E-16));
#1840 = DIRECTION('',(1.,0.,0.));
#1841 = DEFINITIONAL_REPRESENTATION('',(#1842),#1893);
#1842 = B_SPLINE_CURVE_WITH_KNOTS('',7,(#1843,#1844,#1845,#1846,#1847,
    #1848,#1849,#1850,#1851,#1852,#1853,#1854,#1855,#1856,#1857,#1858,
    #1859,#1860,#1861,#1862,#1863,#1864,#1865,#1866,#1867,#1868,#1869,
    #1870,#1871,#1872,#1873,#1874,#1875,#1876,#1877,#1878,#1879,#1880,
    #1881,#1882,#1883,#1884,#1885,#1886,#1887,#1888,#1889,#1890,#1891,
    #1892),.UNSPECIFIED.,.F.,.F.,(8,6,6,6,6,6,6,6,8),(0.,0.124129377751,
    0.250594914792,0.38680245672,0.505307816067,0.615631086929,
    0.750978566704,0.876652842926,1.),.UNSPECIFIED.);
#1843 = CARTESIAN_POINT('',(0.,54.));
#1844 = CARTESIAN_POINT('',(0.135759382517,54.));
#1845 = CARTESIAN_POINT('',(0.267406117599,53.993708250287));
#1846 = CARTESIAN_POINT('',(0.395170495334,53.981811389218));
#1847 = CARTESIAN_POINT('',(0.518919761347,53.966024477064));
#1848 = CARTESIAN_POINT('',(0.638246076164,53.948596973962));
#1849 = CARTESIAN_POINT('',(0.75230065943,53.931466142712));
#1850 = CARTESIAN_POINT('',(0.968701385659,53.900043141977));
#1851 = CARTESIAN_POINT('',(1.073941126274,53.88535245205));
#1852 = CARTESIAN_POINT('',(1.176206391958,53.872845051862));
#1853 = CARTESIAN_POINT('',(1.276272067922,53.863133757971));
#1854 = CARTESIAN_POINT('',(1.37489703163,53.856547534138));
#1855 = CARTESIAN_POINT('',(1.472801385516,53.853249254556));
#1856 = CARTESIAN_POINT('',(1.676340100896,53.853249254556));
#1857 = CARTESIAN_POINT('',(1.781750523478,53.857075167613));
#1858 = CARTESIAN_POINT('',(1.888066637886,53.864710974278));
#1859 = CARTESIAN_POINT('',(1.996186117811,53.875938664023));
#1860 = CARTESIAN_POINT('',(2.107072639004,53.890320871558));
#1861 = CARTESIAN_POINT('',(2.221698439199,53.907006170478));
#1862 = CARTESIAN_POINT('',(2.445499051933,53.939837483141));
#1863 = CARTESIAN_POINT('',(2.556381227979,53.956202270662));
#1864 = CARTESIAN_POINT('',(2.672265781376,53.972341379042));
#1865 = CARTESIAN_POINT('',(2.792157892704,53.98639850215));
#1866 = CARTESIAN_POINT('',(2.915472179446,53.996385310187));
#1867 = CARTESIAN_POINT('',(3.041868081864,54.000992718855));
#1868 = CARTESIAN_POINT('',(3.29166086716,53.998827746382));
#1869 = CARTESIAN_POINT('',(3.408937123047,53.992868799125));
#1870 = CARTESIAN_POINT('',(3.523110708587,53.982558518747));
#1871 = CARTESIAN_POINT('',(3.634014368347,53.969103422018));
#1872 = CARTESIAN_POINT('',(3.741285220497,53.954065940409));
#1873 = CARTESIAN_POINT('',(3.844263803731,53.93887256375));
#1874 = CARTESIAN_POINT('',(4.061481451022,53.90700696514));
#1875 = CARTESIAN_POINT('',(4.176111714098,53.89032099436));
#1876 = CARTESIAN_POINT('',(4.287003488578,53.875937834299));
#1877 = CARTESIAN_POINT('',(4.395125018141,53.864710416898));
#1878 = CARTESIAN_POINT('',(4.501439472643,53.857075091057));
#1879 = CARTESIAN_POINT('',(4.60684626151,53.853249254556));
#1880 = CARTESIAN_POINT('',(4.81038862417,53.853249254556));
#1881 = CARTESIAN_POINT('',(4.908294973718,53.856547837431));
#1882 = CARTESIAN_POINT('',(5.006918800584,53.863134408911));
#1883 = CARTESIAN_POINT('',(5.106980479309,53.872845463833));
#1884 = CARTESIAN_POINT('',(5.209241154768,53.885352069189));
#1885 = CARTESIAN_POINT('',(5.314478984131,53.900042425031));
#1886 = CARTESIAN_POINT('',(5.53088464775,53.931466142712));
#1887 = CARTESIAN_POINT('',(5.644939231016,53.948596973962));
#1888 = CARTESIAN_POINT('',(5.764265545833,53.966024477065));
#1889 = CARTESIAN_POINT('',(5.888014811846,53.981811389218));
#1890 = CARTESIAN_POINT('',(6.015779189581,53.993708250287));
#1891 = CARTESIAN_POINT('',(6.147425924662,54.));
#1892 = CARTESIAN_POINT('',(6.28318530718,54.));
#1893 = ( GEOMETRIC_REPRESENTATION_CONTEXT(2) 
PARAMETRIC_REPRESENTATION_CONTEXT() REPRESENTATION_CONTEXT('2D SPACE',''
  ) );
#1894 = ADVANCED_FACE('',(#1895,#1898),#1192,.T.);
#1895 = FACE_BOUND('',#1896,.T.);
#1896 = EDGE_LOOP('',(#1897));
#1897 = ORIENTED_EDGE('',*,*,#1177,.T.);
#1898 = FACE_BOUND('',#1899,.T.);
#1899 = EDGE_LOOP('',(#1900));
#1900 = ORIENTED_EDGE('',*,*,#1901,.F.);
#1901 = EDGE_CURVE('',#1902,#1902,#1904,.T.);
#1902 = VERTEX_POINT('',#1903);
#1903 = CARTESIAN_POINT('',(280.,-4.923080132572E-15,508.9));
#1904 = SURFACE_CURVE('',#1905,(#1910,#1917),.PCURVE_S1.);
#1905 = CIRCLE('',#1906,20.1);
#1906 = AXIS2_PLACEMENT_3D('',#1907,#1908,#1909);
#1907 = CARTESIAN_POINT('',(280.,0.,529.));
#1908 = DIRECTION('',(1.,0.,2.22044604925E-16));
#1909 = DIRECTION('',(2.22044604925E-16,0.,-1.));
#1910 = PCURVE('',#1192,#1911);
#1911 = DEFINITIONAL_REPRESENTATION('',(#1912),#1916);
#1912 = CIRCLE('',#1913,20.1);
#1913 = AXIS2_PLACEMENT_2D('',#1914,#1915);
#1914 = CARTESIAN_POINT('',(0.,0.));
#1915 = DIRECTION('',(1.,0.));
#1916 = ( GEOMETRIC_REPRESENTATION_CONTEXT(2) 
PARAMETRIC_REPRESENTATION_CONTEXT() REPRESENTATION_CONTEXT('2D SPACE',''
  ) );
#1917 = PCURVE('',#1918,#1923);
#1918 = CYLINDRICAL_SURFACE('',#1919,20.1);
#1919 = AXIS2_PLACEMENT_3D('',#1920,#1921,#1922);
#1920 = CARTESIAN_POINT('',(234.,0.,529.));
#1921 = DIRECTION('',(1.,0.,2.22044604925E-16));
#1922 = DIRECTION('',(2.22044604925E-16,0.,-1.));
#1923 = DEFINITIONAL_REPRESENTATION('',(#1924),#1928);
#1924 = LINE('',#1925,#1926);
#1925 = CARTESIAN_POINT('',(0.,46.));
#1926 = VECTOR('',#1927,1.);
#1927 = DIRECTION('',(1.,0.));
#1928 = ( GEOMETRIC_REPRESENTATION_CONTEXT(2) 
PARAMETRIC_REPRESENTATION_CONTEXT() REPRESENTATION_CONTEXT('2D SPACE',''
  ) );
#1929 = ADVANCED_FACE('',(#1930),#1323,.F.);
#1930 = FACE_BOUND('',#1931,.F.);
#1931 = EDGE_LOOP('',(#1932,#2096,#2117,#2118));
#1932 = ORIENTED_EDGE('',*,*,#1933,.F.);
#1933 = EDGE_CURVE('',#1934,#1934,#1936,.T.);
#1934 = VERTEX_POINT('',#1935);
#1935 = CARTESIAN_POINT('',(247.65,20.1,529.));
#1936 = SURFACE_CURVE('',#1937,(#1988,#2042),.PCURVE_S1.);
#1937 = B_SPLINE_CURVE_WITH_KNOTS('',7,(#1938,#1939,#1940,#1941,#1942,
    #1943,#1944,#1945,#1946,#1947,#1948,#1949,#1950,#1951,#1952,#1953,
    #1954,#1955,#1956,#1957,#1958,#1959,#1960,#1961,#1962,#1963,#1964,
    #1965,#1966,#1967,#1968,#1969,#1970,#1971,#1972,#1973,#1974,#1975,
    #1976,#1977,#1978,#1979,#1980,#1981,#1982,#1983,#1984,#1985,#1986,
    #1987),.UNSPECIFIED.,.T.,.F.,(8,6,6,6,6,6,6,6,8),(0.,0.124156885254,
    0.250606359548,0.386802840163,0.505328522646,0.615667644263,
    0.750990953963,0.876637346534,1.),.UNSPECIFIED.);
#1938 = CARTESIAN_POINT('',(247.65,20.1,529.));
#1939 = CARTESIAN_POINT('',(247.65,20.1,529.35997575566));
#1940 = CARTESIAN_POINT('',(247.5929518942,20.092478510087,
    529.70890635658));
#1941 = CARTESIAN_POINT('',(247.4851512459,20.078267202667,
    530.03661635546));
#1942 = CARTESIAN_POINT('',(247.3345698953,20.059413277739,
    530.33493420991));
#1943 = CARTESIAN_POINT('',(247.15083365768,20.038592124034,
    530.59783608093));
#1944 = CARTESIAN_POINT('',(246.94511673746,20.018117819362,
    530.82199906021));
#1945 = CARTESIAN_POINT('',(246.51086790776,19.980554836174,
    531.19623408809));
#1946 = CARTESIAN_POINT('',(246.27562893724,19.962985936982,
    531.35033863303));
#1947 = CARTESIAN_POINT('',(246.02965580643,19.948016804896,
    531.47138681524));
#1948 = CARTESIAN_POINT('',(245.77665024345,19.936386661298,
    531.56096809823));
#1949 = CARTESIAN_POINT('',(245.51930921485,19.928496510634,
    531.6202908677));
#1950 = CARTESIAN_POINT('',(245.25977577399,19.924545164194,531.65));
#1951 = CARTESIAN_POINT('',(244.72020013239,19.924545164194,531.65));
#1952 = CARTESIAN_POINT('',(244.44075843463,19.92912903976,
    531.61553473543));
#1953 = CARTESIAN_POINT('',(244.16404526087,19.938277227527,
    531.54675486996));
#1954 = CARTESIAN_POINT('',(243.89271908854,19.951723568819,
    531.44277540585));
#1955 = CARTESIAN_POINT('',(243.63024915335,19.968934881534,
    531.30195423993));
#1956 = CARTESIAN_POINT('',(243.38156573499,19.988885587758,
    531.12217776516));
#1957 = CARTESIAN_POINT('',(242.95622116862,20.028122564881,
    530.70925623369));
#1958 = CARTESIAN_POINT('',(242.76877666704,20.047678059949,
    530.4806009391));
#1959 = CARTESIAN_POINT('',(242.60410809305,20.066958511194,
    530.21644007202));
#1960 = CARTESIAN_POINT('',(242.47265267443,20.083746499322,
    529.92093129902));
#1961 = CARTESIAN_POINT('',(242.38284577156,20.095677076523,
    529.60073826431));
#1962 = CARTESIAN_POINT('',(242.34099932193,20.101186111371,
    529.26432880218));
#1963 = CARTESIAN_POINT('',(242.36062618591,20.098599606649,
    528.60229567849));
#1964 = CARTESIAN_POINT('',(242.41470682691,20.091477653258,
    528.29291647827));
#1965 = CARTESIAN_POINT('',(242.50890437716,20.079161393184,
    528.00059641519));
#1966 = CARTESIAN_POINT('',(242.63746803101,20.063091200593,
    527.73134707359));
#1967 = CARTESIAN_POINT('',(242.79343725347,20.045126549429,
    527.48975293811));
#1968 = CARTESIAN_POINT('',(242.9687109941,20.02697040958,
    527.27861873104));
#1969 = CARTESIAN_POINT('',(243.38155535962,19.98888654486,
    526.87783230718));
#1970 = CARTESIAN_POINT('',(243.63024451869,19.968935030166,
    526.69804460052));
#1971 = CARTESIAN_POINT('',(243.89272899288,19.951722572746,
    526.55721712019));
#1972 = CARTESIAN_POINT('',(244.16406191189,19.938276554616,
    526.45324002805));
#1973 = CARTESIAN_POINT('',(244.44077106872,19.929128939859,
    526.38446451765));
#1974 = CARTESIAN_POINT('',(244.72020317713,19.924545164194,526.35));
#1975 = CARTESIAN_POINT('',(245.25978866112,19.924545164194,526.35));
#1976 = CARTESIAN_POINT('',(245.51932750782,19.928496887164,
    526.37971199662));
#1977 = CARTESIAN_POINT('',(245.77666454737,19.936387458369,
    526.43903780907));
#1978 = CARTESIAN_POINT('',(246.02965866821,19.948017304544,
    526.52861748205));
#1979 = CARTESIAN_POINT('',(246.2756204323,19.962985465118,
    526.64965859528));
#1980 = CARTESIAN_POINT('',(246.51085776537,19.980553958847,
    526.80375717121));
#1981 = CARTESIAN_POINT('',(246.94511673746,20.018117819362,
    527.17800093978));
#1982 = CARTESIAN_POINT('',(247.15083365768,20.038592124034,
    527.40216391906));
#1983 = CARTESIAN_POINT('',(247.3345698953,20.059413277739,
    527.66506579009));
#1984 = CARTESIAN_POINT('',(247.4851512459,20.078267202667,
    527.96338364452));
#1985 = CARTESIAN_POINT('',(247.5929518942,20.092478510087,
    528.29109364341));
#1986 = CARTESIAN_POINT('',(247.65,20.1,528.64002424433));
#1987 = CARTESIAN_POINT('',(247.65,20.1,529.));
#1988 = PCURVE('',#1323,#1989);
#1989 = DEFINITIONAL_REPRESENTATION('',(#1990),#2041);
#1990 = B_SPLINE_CURVE_WITH_KNOTS('',7,(#1991,#1992,#1993,#1994,#1995,
    #1996,#1997,#1998,#1999,#2000,#2001,#2002,#2003,#2004,#2005,#2006,
    #2007,#2008,#2009,#2010,#2011,#2012,#2013,#2014,#2015,#2016,#2017,
    #2018,#2019,#2020,#2021,#2022,#2023,#2024,#2025,#2026,#2027,#2028,
    #2029,#2030,#2031,#2032,#2033,#2034,#2035,#2036,#2037,#2038,#2039,
    #2040),.UNSPECIFIED.,.F.,.F.,(8,6,6,6,6,6,6,6,8),(0.,0.124156885254,
    0.250606359548,0.386802840163,0.505328522646,0.615667644263,
    0.750990953963,0.876637346534,1.),.UNSPECIFIED.);
#1991 = CARTESIAN_POINT('',(0.,9.9));
#1992 = CARTESIAN_POINT('',(0.135839907798,9.9));
#1993 = CARTESIAN_POINT('',(0.267511777794,9.907521489913));
#1994 = CARTESIAN_POINT('',(0.39527004355,9.921732797333));
#1995 = CARTESIAN_POINT('',(0.518995907528,9.940586722261));
#1996 = CARTESIAN_POINT('',(0.638293094243,9.961407875966));
#1997 = CARTESIAN_POINT('',(0.752320061787,9.981882180638));
#1998 = CARTESIAN_POINT('',(0.968643561408,10.019445163826));
#1999 = CARTESIAN_POINT('',(1.073850859872,10.037014063018));
#2000 = CARTESIAN_POINT('',(1.176106277584,10.051983195104));
#2001 = CARTESIAN_POINT('',(1.276181560068,10.063613338703));
#2002 = CARTESIAN_POINT('',(1.374830731765,10.071503489366));
#2003 = CARTESIAN_POINT('',(1.472767732836,10.075454835806));
#2004 = CARTESIAN_POINT('',(1.676381182496,10.075454835806));
#2005 = CARTESIAN_POINT('',(1.781830542307,10.07087096024));
#2006 = CARTESIAN_POINT('',(1.888174717092,10.061722772473));
#2007 = CARTESIAN_POINT('',(1.996304480223,10.048276431181));
#2008 = CARTESIAN_POINT('',(2.10717827596,10.031065118466));
#2009 = CARTESIAN_POINT('',(2.221765552775,10.011114412242));
#2010 = CARTESIAN_POINT('',(2.445466960616,9.971877435119));
#2011 = CARTESIAN_POINT('',(2.556321079161,9.952321940051));
#2012 = CARTESIAN_POINT('',(2.672181657872,9.933041488806));
#2013 = CARTESIAN_POINT('',(2.792057061827,9.916253500678));
#2014 = CARTESIAN_POINT('',(2.915370389292,9.904322923477));
#2015 = CARTESIAN_POINT('',(3.041793430549,9.898813888629));
#2016 = CARTESIAN_POINT('',(3.291727012515,9.901400393351));
#2017 = CARTESIAN_POINT('',(3.409027305216,9.908522346742));
#2018 = CARTESIAN_POINT('',(3.523199460643,9.920838606816));
#2019 = CARTESIAN_POINT('',(3.634086572036,9.936908799407));
#2020 = CARTESIAN_POINT('',(3.741333901813,9.954873450571));
#2021 = CARTESIAN_POINT('',(3.844287118719,9.97302959042));
#2022 = CARTESIAN_POINT('',(4.061414297685,10.01111345514));
#2023 = CARTESIAN_POINT('',(4.176006070575,10.031064969835));
#2024 = CARTESIAN_POINT('',(4.286885137949,10.048277427254));
#2025 = CARTESIAN_POINT('',(4.395016976144,10.061723445384));
#2026 = CARTESIAN_POINT('',(4.501359519999,10.070871060141));
#2027 = CARTESIAN_POINT('',(4.606805273642,10.075454835806));
#2028 = CARTESIAN_POINT('',(4.810422437413,10.075454835806));
#2029 = CARTESIAN_POINT('',(4.90836145229,10.071503112836));
#2030 = CARTESIAN_POINT('',(5.007009419121,10.063612541631));
#2031 = CARTESIAN_POINT('',(5.107080600237,10.051982695456));
#2032 = CARTESIAN_POINT('',(5.209331336415,10.037014534882));
#2033 = CARTESIAN_POINT('',(5.314536693285,10.019446041153));
#2034 = CARTESIAN_POINT('',(5.530865245393,9.981882180638));
#2035 = CARTESIAN_POINT('',(5.644892212936,9.961407875966));
#2036 = CARTESIAN_POINT('',(5.764189399652,9.940586722261));
#2037 = CARTESIAN_POINT('',(5.887915263629,9.921732797333));
#2038 = CARTESIAN_POINT('',(6.015673529386,9.907521489913));
#2039 = CARTESIAN_POINT('',(6.147345399382,9.9));
#2040 = CARTESIAN_POINT('',(6.28318530718,9.9));
#2041 = ( GEOMETRIC_REPRESENTATION_CONTEXT(2) 
PARAMETRIC_REPRESENTATION_CONTEXT() REPRESENTATION_CONTEXT('2D SPACE',''
  ) );
#2042 = PCURVE('',#1918,#2043);
#2043 = DEFINITIONAL_REPRESENTATION('',(#2044),#2095);
#2044 = B_SPLINE_CURVE_WITH_KNOTS('',7,(#2045,#2046,#2047,#2048,#2049,
    #2050,#2051,#2052,#2053,#2054,#2055,#2056,#2057,#2058,#2059,#2060,
    #2061,#2062,#2063,#2064,#2065,#2066,#2067,#2068,#2069,#2070,#2071,
    #2072,#2073,#2074,#2075,#2076,#2077,#2078,#2079,#2080,#2081,#2082,
    #2083,#2084,#2085,#2086,#2087,#2088,#2089,#2090,#2091,#2092,#2093,
    #2094),.UNSPECIFIED.,.T.,.F.,(8,6,6,6,6,6,6,6,8),(0.,0.124156885254,
    0.250606359548,0.386802840163,0.505328522646,0.615667644263,
    0.750990953963,0.876637346534,1.),.UNSPECIFIED.);
#2045 = CARTESIAN_POINT('',(1.570796326795,13.65));
#2046 = CARTESIAN_POINT('',(1.58870556837,13.65));
#2047 = CARTESIAN_POINT('',(1.606065309173,13.592951894201));
#2048 = CARTESIAN_POINT('',(1.622378618297,13.485151245904));
#2049 = CARTESIAN_POINT('',(1.637246019799,13.334569895301));
#2050 = CARTESIAN_POINT('',(1.650365116312,13.150833657688));
#2051 = CARTESIAN_POINT('',(1.661563468943,12.945116737465));
#2052 = CARTESIAN_POINT('',(1.680275680522,12.510867907763));
#2053 = CARTESIAN_POINT('',(1.687991536995,12.275628937248));
#2054 = CARTESIAN_POINT('',(1.694059475248,12.029655806434));
#2055 = CARTESIAN_POINT('',(1.698553627985,11.776650243459));
#2056 = CARTESIAN_POINT('',(1.701531002807,11.519309214852));
#2057 = CARTESIAN_POINT('',(1.703022084299,11.259775773992));
#2058 = CARTESIAN_POINT('',(1.703022084299,10.720200132392));
#2059 = CARTESIAN_POINT('',(1.701292296175,10.44075843463));
#2060 = CARTESIAN_POINT('',(1.697840272848,10.164045260873));
#2061 = CARTESIAN_POINT('',(1.692624137747,9.892719088549));
#2062 = CARTESIAN_POINT('',(1.685566333505,9.630249153354));
#2063 = CARTESIAN_POINT('',(1.676568443936,9.381565734996));
#2064 = CARTESIAN_POINT('',(1.655932546088,8.956221168623));
#2065 = CARTESIAN_POINT('',(1.644515649445,8.76877666704));
#2066 = CARTESIAN_POINT('',(1.631340016192,8.604108093055));
#2067 = CARTESIAN_POINT('',(1.616618342327,8.472652674432));
#2068 = CARTESIAN_POINT('',(1.600682735281,8.382845771567));
#2069 = CARTESIAN_POINT('',(1.583947133714,8.340999321931));
#2070 = CARTESIAN_POINT('',(1.551009911013,8.360626185917));
#2071 = CARTESIAN_POINT('',(1.535616639599,8.414706826911));
#2072 = CARTESIAN_POINT('',(1.521064555372,8.508904377162));
#2073 = CARTESIAN_POINT('',(1.507648149635,8.637468031012));
#2074 = CARTESIAN_POINT('',(1.495596684281,8.793437253474));
#2075 = CARTESIAN_POINT('',(1.485054154627,8.968710994105));
#2076 = CARTESIAN_POINT('',(1.465024713022,9.381555359621));
#2077 = CARTESIAN_POINT('',(1.456026263396,9.630244518693));
#2078 = CARTESIAN_POINT('',(1.448968141066,9.892728992887));
#2079 = CARTESIAN_POINT('',(1.443752124531,10.164061911892));
#2080 = CARTESIAN_POINT('',(1.440300319975,10.440771068729));
#2081 = CARTESIAN_POINT('',(1.438570569291,10.720203177131));
#2082 = CARTESIAN_POINT('',(1.438570569291,11.259788661126));
#2083 = CARTESIAN_POINT('',(1.440061794441,11.51932750782));
#2084 = CARTESIAN_POINT('',(1.443039322329,11.776664547373));
#2085 = CARTESIAN_POINT('',(1.447533393336,12.029658668213));
#2086 = CARTESIAN_POINT('',(1.453600977061,12.275620432303));
#2087 = CARTESIAN_POINT('',(1.461316536022,12.510857765378));
#2088 = CARTESIAN_POINT('',(1.480029184647,12.945116737465));
#2089 = CARTESIAN_POINT('',(1.491227537277,13.150833657688));
#2090 = CARTESIAN_POINT('',(1.50434663379,13.334569895301));
#2091 = CARTESIAN_POINT('',(1.519214035293,13.485151245904));
#2092 = CARTESIAN_POINT('',(1.535527344416,13.592951894201));
#2093 = CARTESIAN_POINT('',(1.55288708522,13.65));
#2094 = CARTESIAN_POINT('',(1.570796326795,13.65));
#2095 = ( GEOMETRIC_REPRESENTATION_CONTEXT(2) 
PARAMETRIC_REPRESENTATION_CONTEXT() REPRESENTATION_CONTEXT('2D SPACE',''
  ) );
#2096 = ORIENTED_EDGE('',*,*,#2097,.F.);
#2097 = EDGE_CURVE('',#1214,#1934,#2098,.T.);
#2098 = SEAM_CURVE('',#2099,(#2103,#2110),.PCURVE_S1.);
#2099 = LINE('',#2100,#2101);
#2100 = CARTESIAN_POINT('',(247.65,30.,529.));
#2101 = VECTOR('',#2102,1.);
#2102 = DIRECTION('',(0.,-1.,2.22044604925E-16));
#2103 = PCURVE('',#1323,#2104);
#2104 = DEFINITIONAL_REPRESENTATION('',(#2105),#2109);
#2105 = LINE('',#2106,#2107);
#2106 = CARTESIAN_POINT('',(6.28318530718,-0.));
#2107 = VECTOR('',#2108,1.);
#2108 = DIRECTION('',(0.,1.));
#2109 = ( GEOMETRIC_REPRESENTATION_CONTEXT(2) 
PARAMETRIC_REPRESENTATION_CONTEXT() REPRESENTATION_CONTEXT('2D SPACE',''
  ) );
#2110 = PCURVE('',#1323,#2111);
#2111 = DEFINITIONAL_REPRESENTATION('',(#2112),#2116);
#2112 = LINE('',#2113,#2114);
#2113 = CARTESIAN_POINT('',(0.,-0.));
#2114 = VECTOR('',#2115,1.);
#2115 = DIRECTION('',(0.,1.));
#2116 = ( GEOMETRIC_REPRESENTATION_CONTEXT(2) 
PARAMETRIC_REPRESENTATION_CONTEXT() REPRESENTATION_CONTEXT('2D SPACE',''
  ) );
#2117 = ORIENTED_EDGE('',*,*,#1213,.T.);
#2118 = ORIENTED_EDGE('',*,*,#2097,.T.);
#2119 = ADVANCED_FACE('',(#2120),#1494,.F.);
#2120 = FACE_BOUND('',#2121,.F.);
#2121 = EDGE_LOOP('',(#2122,#2123,#2146,#2308));
#2122 = ORIENTED_EDGE('',*,*,#1384,.F.);
#2123 = ORIENTED_EDGE('',*,*,#2124,.F.);
#2124 = EDGE_CURVE('',#2125,#1385,#2127,.T.);
#2125 = VERTEX_POINT('',#2126);
#2126 = CARTESIAN_POINT('',(247.65,-20.1,529.));
#2127 = SEAM_CURVE('',#2128,(#2132,#2139),.PCURVE_S1.);
#2128 = LINE('',#2129,#2130);
#2129 = CARTESIAN_POINT('',(247.65,30.,529.));
#2130 = VECTOR('',#2131,1.);
#2131 = DIRECTION('',(0.,-1.,2.22044604925E-16));
#2132 = PCURVE('',#1494,#2133);
#2133 = DEFINITIONAL_REPRESENTATION('',(#2134),#2138);
#2134 = LINE('',#2135,#2136);
#2135 = CARTESIAN_POINT('',(6.28318530718,-0.));
#2136 = VECTOR('',#2137,1.);
#2137 = DIRECTION('',(0.,1.));
#2138 = ( GEOMETRIC_REPRESENTATION_CONTEXT(2) 
PARAMETRIC_REPRESENTATION_CONTEXT() REPRESENTATION_CONTEXT('2D SPACE',''
  ) );
#2139 = PCURVE('',#1494,#2140);
#2140 = DEFINITIONAL_REPRESENTATION('',(#2141),#2145);
#2141 = LINE('',#2142,#2143);
#2142 = CARTESIAN_POINT('',(0.,-0.));
#2143 = VECTOR('',#2144,1.);
#2144 = DIRECTION('',(0.,1.));
#2145 = ( GEOMETRIC_REPRESENTATION_CONTEXT(2) 
PARAMETRIC_REPRESENTATION_CONTEXT() REPRESENTATION_CONTEXT('2D SPACE',''
  ) );
#2146 = ORIENTED_EDGE('',*,*,#2147,.T.);
#2147 = EDGE_CURVE('',#2125,#2125,#2148,.T.);
#2148 = SURFACE_CURVE('',#2149,(#2200,#2254),.PCURVE_S1.);
#2149 = B_SPLINE_CURVE_WITH_KNOTS('',7,(#2150,#2151,#2152,#2153,#2154,
    #2155,#2156,#2157,#2158,#2159,#2160,#2161,#2162,#2163,#2164,#2165,
    #2166,#2167,#2168,#2169,#2170,#2171,#2172,#2173,#2174,#2175,#2176,
    #2177,#2178,#2179,#2180,#2181,#2182,#2183,#2184,#2185,#2186,#2187,
    #2188,#2189,#2190,#2191,#2192,#2193,#2194,#2195,#2196,#2197,#2198,
    #2199),.UNSPECIFIED.,.T.,.F.,(8,6,6,6,6,6,6,6,8),(0.,0.124156885254,
    0.250606359548,0.386802840163,0.505328522646,0.615667644263,
    0.750990953963,0.876637346534,1.),.UNSPECIFIED.);
#2150 = CARTESIAN_POINT('',(247.65,-20.1,529.));
#2151 = CARTESIAN_POINT('',(247.65,-20.1,529.35997575566));
#2152 = CARTESIAN_POINT('',(247.5929518942,-20.09247851008,
    529.70890635658));
#2153 = CARTESIAN_POINT('',(247.4851512459,-20.07826720266,
    530.03661635547));
#2154 = CARTESIAN_POINT('',(247.3345698953,-20.05941327773,
    530.3349342099));
#2155 = CARTESIAN_POINT('',(247.15083365768,-20.03859212403,
    530.59783608093));
#2156 = CARTESIAN_POINT('',(246.94511673746,-20.01811781936,
    530.82199906021));
#2157 = CARTESIAN_POINT('',(246.51086790776,-19.98055483617,
    531.19623408809));
#2158 = CARTESIAN_POINT('',(246.27562893724,-19.96298593698,
    531.35033863303));
#2159 = CARTESIAN_POINT('',(246.02965580643,-19.94801680489,
    531.47138681524));
#2160 = CARTESIAN_POINT('',(245.77665024346,-19.93638666129,
    531.56096809822));
#2161 = CARTESIAN_POINT('',(245.51930921485,-19.92849651063,
    531.6202908677));
#2162 = CARTESIAN_POINT('',(245.25977577399,-19.92454516419,531.65));
#2163 = CARTESIAN_POINT('',(244.72020013239,-19.92454516419,531.65));
#2164 = CARTESIAN_POINT('',(244.44075843463,-19.92912903976,
    531.61553473543));
#2165 = CARTESIAN_POINT('',(244.16404526087,-19.93827722752,
    531.54675486996));
#2166 = CARTESIAN_POINT('',(243.89271908854,-19.95172356881,
    531.44277540585));
#2167 = CARTESIAN_POINT('',(243.63024915335,-19.96893488153,
    531.30195423993));
#2168 = CARTESIAN_POINT('',(243.38156573499,-19.98888558775,
    531.12217776516));
#2169 = CARTESIAN_POINT('',(242.95622116862,-20.02812256488,
    530.70925623369));
#2170 = CARTESIAN_POINT('',(242.76877666704,-20.04767805994,
    530.4806009391));
#2171 = CARTESIAN_POINT('',(242.60410809305,-20.06695851119,
    530.21644007202));
#2172 = CARTESIAN_POINT('',(242.47265267443,-20.08374649932,
    529.92093129902));
#2173 = CARTESIAN_POINT('',(242.38284577156,-20.09567707652,
    529.6007382643));
#2174 = CARTESIAN_POINT('',(242.34099932193,-20.10118611137,
    529.26432880218));
#2175 = CARTESIAN_POINT('',(242.36062618591,-20.09859960664,
    528.60229567849));
#2176 = CARTESIAN_POINT('',(242.41470682691,-20.09147765325,
    528.29291647827));
#2177 = CARTESIAN_POINT('',(242.50890437716,-20.07916139318,
    528.00059641519));
#2178 = CARTESIAN_POINT('',(242.63746803101,-20.06309120059,
    527.73134707359));
#2179 = CARTESIAN_POINT('',(242.79343725347,-20.04512654942,
    527.48975293811));
#2180 = CARTESIAN_POINT('',(242.9687109941,-20.02697040958,
    527.27861873104));
#2181 = CARTESIAN_POINT('',(243.38155535962,-19.98888654486,
    526.87783230718));
#2182 = CARTESIAN_POINT('',(243.63024451869,-19.96893503016,
    526.69804460052));
#2183 = CARTESIAN_POINT('',(243.89272899288,-19.95172257274,
    526.55721712019));
#2184 = CARTESIAN_POINT('',(244.16406191189,-19.93827655461,
    526.45324002805));
#2185 = CARTESIAN_POINT('',(244.44077106872,-19.92912893985,
    526.38446451765));
#2186 = CARTESIAN_POINT('',(244.72020317713,-19.92454516419,526.35));
#2187 = CARTESIAN_POINT('',(245.25978866112,-19.92454516419,526.35));
#2188 = CARTESIAN_POINT('',(245.51932750782,-19.92849688716,
    526.37971199662));
#2189 = CARTESIAN_POINT('',(245.77666454737,-19.93638745836,
    526.43903780907));
#2190 = CARTESIAN_POINT('',(246.02965866821,-19.94801730454,
    526.52861748205));
#2191 = CARTESIAN_POINT('',(246.2756204323,-19.96298546511,
    526.64965859528));
#2192 = CARTESIAN_POINT('',(246.51085776537,-19.98055395884,
    526.80375717121));
#2193 = CARTESIAN_POINT('',(246.94511673746,-20.01811781936,
    527.17800093978));
#2194 = CARTESIAN_POINT('',(247.15083365768,-20.03859212403,
    527.40216391906));
#2195 = CARTESIAN_POINT('',(247.3345698953,-20.05941327773,
    527.66506579009));
#2196 = CARTESIAN_POINT('',(247.4851512459,-20.07826720266,
    527.96338364453));
#2197 = CARTESIAN_POINT('',(247.5929518942,-20.09247851008,
    528.29109364341));
#2198 = CARTESIAN_POINT('',(247.65,-20.1,528.64002424433));
#2199 = CARTESIAN_POINT('',(247.65,-20.1,529.));
#2200 = PCURVE('',#1494,#2201);
#2201 = DEFINITIONAL_REPRESENTATION('',(#2202),#2253);
#2202 = B_SPLINE_CURVE_WITH_KNOTS('',7,(#2203,#2204,#2205,#2206,#2207,
    #2208,#2209,#2210,#2211,#2212,#2213,#2214,#2215,#2216,#2217,#2218,
    #2219,#2220,#2221,#2222,#2223,#2224,#2225,#2226,#2227,#2228,#2229,
    #2230,#2231,#2232,#2233,#2234,#2235,#2236,#2237,#2238,#2239,#2240,
    #2241,#2242,#2243,#2244,#2245,#2246,#2247,#2248,#2249,#2250,#2251,
    #2252),.UNSPECIFIED.,.F.,.F.,(8,6,6,6,6,6,6,6,8),(0.,0.124156885254,
    0.250606359548,0.386802840163,0.505328522646,0.615667644263,
    0.750990953963,0.876637346534,1.),.UNSPECIFIED.);
#2203 = CARTESIAN_POINT('',(0.,50.1));
#2204 = CARTESIAN_POINT('',(0.135839907798,50.1));
#2205 = CARTESIAN_POINT('',(0.267511777793,50.092478510087));
#2206 = CARTESIAN_POINT('',(0.395270043551,50.078267202667));
#2207 = CARTESIAN_POINT('',(0.518995907528,50.059413277739));
#2208 = CARTESIAN_POINT('',(0.638293094243,50.038592124034));
#2209 = CARTESIAN_POINT('',(0.752320061787,50.018117819362));
#2210 = CARTESIAN_POINT('',(0.968643561408,49.980554836174));
#2211 = CARTESIAN_POINT('',(1.073850859871,49.962985936982));
#2212 = CARTESIAN_POINT('',(1.176106277585,49.948016804896));
#2213 = CARTESIAN_POINT('',(1.276181560068,49.936386661297));
#2214 = CARTESIAN_POINT('',(1.374830731765,49.928496510634));
#2215 = CARTESIAN_POINT('',(1.472767732835,49.924545164194));
#2216 = CARTESIAN_POINT('',(1.676381182496,49.924545164194));
#2217 = CARTESIAN_POINT('',(1.781830542307,49.92912903976));
#2218 = CARTESIAN_POINT('',(1.888174717092,49.938277227527));
#2219 = CARTESIAN_POINT('',(1.996304480222,49.951723568819));
#2220 = CARTESIAN_POINT('',(2.10717827596,49.968934881534));
#2221 = CARTESIAN_POINT('',(2.221765552775,49.988885587758));
#2222 = CARTESIAN_POINT('',(2.445466960616,50.028122564881));
#2223 = CARTESIAN_POINT('',(2.556321079161,50.047678059949));
#2224 = CARTESIAN_POINT('',(2.672181657873,50.066958511194));
#2225 = CARTESIAN_POINT('',(2.792057061826,50.083746499322));
#2226 = CARTESIAN_POINT('',(2.915370389293,50.095677076523));
#2227 = CARTESIAN_POINT('',(3.041793430548,50.101186111371));
#2228 = CARTESIAN_POINT('',(3.291727012515,50.098599606649));
#2229 = CARTESIAN_POINT('',(3.409027305216,50.091477653258));
#2230 = CARTESIAN_POINT('',(3.523199460643,50.079161393184));
#2231 = CARTESIAN_POINT('',(3.634086572036,50.063091200593));
#2232 = CARTESIAN_POINT('',(3.741333901813,50.045126549429));
#2233 = CARTESIAN_POINT('',(3.844287118719,50.02697040958));
#2234 = CARTESIAN_POINT('',(4.061414297685,49.98888654486));
#2235 = CARTESIAN_POINT('',(4.176006070575,49.968935030166));
#2236 = CARTESIAN_POINT('',(4.286885137949,49.951722572746));
#2237 = CARTESIAN_POINT('',(4.395016976145,49.938276554616));
#2238 = CARTESIAN_POINT('',(4.501359519999,49.929128939859));
#2239 = CARTESIAN_POINT('',(4.606805273642,49.924545164194));
#2240 = CARTESIAN_POINT('',(4.810422437413,49.924545164194));
#2241 = CARTESIAN_POINT('',(4.90836145229,49.928496887164));
#2242 = CARTESIAN_POINT('',(5.007009419121,49.936387458369));
#2243 = CARTESIAN_POINT('',(5.107080600236,49.948017304544));
#2244 = CARTESIAN_POINT('',(5.209331336416,49.962985465118));
#2245 = CARTESIAN_POINT('',(5.314536693285,49.980553958847));
#2246 = CARTESIAN_POINT('',(5.530865245393,50.018117819362));
#2247 = CARTESIAN_POINT('',(5.644892212936,50.038592124034));
#2248 = CARTESIAN_POINT('',(5.764189399652,50.059413277739));
#2249 = CARTESIAN_POINT('',(5.887915263629,50.078267202667));
#2250 = CARTESIAN_POINT('',(6.015673529386,50.092478510087));
#2251 = CARTESIAN_POINT('',(6.147345399382,50.1));
#2252 = CARTESIAN_POINT('',(6.28318530718,50.1));
#2253 = ( GEOMETRIC_REPRESENTATION_CONTEXT(2) 
PARAMETRIC_REPRESENTATION_CONTEXT() REPRESENTATION_CONTEXT('2D SPACE',''
  ) );
#2254 = PCURVE('',#1918,#2255);
#2255 = DEFINITIONAL_REPRESENTATION('',(#2256),#2307);
#2256 = B_SPLINE_CURVE_WITH_KNOTS('',7,(#2257,#2258,#2259,#2260,#2261,
    #2262,#2263,#2264,#2265,#2266,#2267,#2268,#2269,#2270,#2271,#2272,
    #2273,#2274,#2275,#2276,#2277,#2278,#2279,#2280,#2281,#2282,#2283,
    #2284,#2285,#2286,#2287,#2288,#2289,#2290,#2291,#2292,#2293,#2294,
    #2295,#2296,#2297,#2298,#2299,#2300,#2301,#2302,#2303,#2304,#2305,
    #2306),.UNSPECIFIED.,.T.,.F.,(8,6,6,6,6,6,6,6,8),(0.,0.124156885254,
    0.250606359548,0.386802840163,0.505328522646,0.615667644263,
    0.750990953963,0.876637346534,1.),.UNSPECIFIED.);
#2257 = CARTESIAN_POINT('',(4.712388980385,13.65));
#2258 = CARTESIAN_POINT('',(4.694479738809,13.65));
#2259 = CARTESIAN_POINT('',(4.677119998006,13.592951894201));
#2260 = CARTESIAN_POINT('',(4.660806688883,13.485151245903));
#2261 = CARTESIAN_POINT('',(4.64593928738,13.334569895302));
#2262 = CARTESIAN_POINT('',(4.632820190867,13.150833657688));
#2263 = CARTESIAN_POINT('',(4.621621838237,12.945116737466));
#2264 = CARTESIAN_POINT('',(4.602909626657,12.510867907763));
#2265 = CARTESIAN_POINT('',(4.595193770184,12.275628937249));
#2266 = CARTESIAN_POINT('',(4.589125831932,12.029655806433));
#2267 = CARTESIAN_POINT('',(4.584631679194,11.77665024346));
#2268 = CARTESIAN_POINT('',(4.581654304372,11.519309214852));
#2269 = CARTESIAN_POINT('',(4.58016322288,11.259775773992));
#2270 = CARTESIAN_POINT('',(4.58016322288,10.720200132392));
#2271 = CARTESIAN_POINT('',(4.581893011004,10.44075843463));
#2272 = CARTESIAN_POINT('',(4.585345034332,10.164045260872));
#2273 = CARTESIAN_POINT('',(4.590561169433,9.89271908855));
#2274 = CARTESIAN_POINT('',(4.597618973675,9.630249153353));
#2275 = CARTESIAN_POINT('',(4.606616863243,9.381565734996));
#2276 = CARTESIAN_POINT('',(4.627252761091,8.956221168623));
#2277 = CARTESIAN_POINT('',(4.638669657735,8.768776667041));
#2278 = CARTESIAN_POINT('',(4.651845290987,8.604108093054));
#2279 = CARTESIAN_POINT('',(4.666566964853,8.472652674432));
#2280 = CARTESIAN_POINT('',(4.682502571899,8.382845771567));
#2281 = CARTESIAN_POINT('',(4.699238173465,8.340999321931));
#2282 = CARTESIAN_POINT('',(4.732175396167,8.360626185917));
#2283 = CARTESIAN_POINT('',(4.747568667581,8.414706826911));
#2284 = CARTESIAN_POINT('',(4.762120751807,8.508904377163));
#2285 = CARTESIAN_POINT('',(4.775537157545,8.637468031012));
#2286 = CARTESIAN_POINT('',(4.787588622899,8.793437253474));
#2287 = CARTESIAN_POINT('',(4.798131152553,8.968710994105));
#2288 = CARTESIAN_POINT('',(4.818160594157,9.381555359621));
#2289 = CARTESIAN_POINT('',(4.827159043783,9.630244518693));
#2290 = CARTESIAN_POINT('',(4.834217166114,9.892728992887));
#2291 = CARTESIAN_POINT('',(4.839433182648,10.164061911892));
#2292 = CARTESIAN_POINT('',(4.842884987205,10.440771068729));
#2293 = CARTESIAN_POINT('',(4.844614737889,10.720203177131));
#2294 = CARTESIAN_POINT('',(4.844614737889,11.259788661126));
#2295 = CARTESIAN_POINT('',(4.843123512738,11.51932750782));
#2296 = CARTESIAN_POINT('',(4.840145984851,11.776664547373));
#2297 = CARTESIAN_POINT('',(4.835651913844,12.029658668212));
#2298 = CARTESIAN_POINT('',(4.829584330118,12.275620432304));
#2299 = CARTESIAN_POINT('',(4.821868771157,12.510857765378));
#2300 = CARTESIAN_POINT('',(4.803156122532,12.945116737465));
#2301 = CARTESIAN_POINT('',(4.791957769902,13.150833657688));
#2302 = CARTESIAN_POINT('',(4.778838673389,13.334569895301));
#2303 = CARTESIAN_POINT('',(4.763971271886,13.485151245904));
#2304 = CARTESIAN_POINT('',(4.747657962763,13.592951894201));
#2305 = CARTESIAN_POINT('',(4.73029822196,13.65));
#2306 = CARTESIAN_POINT('',(4.712388980385,13.65));
#2307 = ( GEOMETRIC_REPRESENTATION_CONTEXT(2) 
PARAMETRIC_REPRESENTATION_CONTEXT() REPRESENTATION_CONTEXT('2D SPACE',''
  ) );
#2308 = ORIENTED_EDGE('',*,*,#2124,.T.);
#2309 = ADVANCED_FACE('',(#2310),#1665,.F.);
#2310 = FACE_BOUND('',#2311,.F.);
#2311 = EDGE_LOOP('',(#2312,#2476,#2497,#2498));
#2312 = ORIENTED_EDGE('',*,*,#2313,.F.);
#2313 = EDGE_CURVE('',#2314,#2314,#2316,.T.);
#2314 = VERTEX_POINT('',#2315);
#2315 = CARTESIAN_POINT('',(269.65,20.1,529.));
#2316 = SURFACE_CURVE('',#2317,(#2368,#2422),.PCURVE_S1.);
#2317 = B_SPLINE_CURVE_WITH_KNOTS('',7,(#2318,#2319,#2320,#2321,#2322,
    #2323,#2324,#2325,#2326,#2327,#2328,#2329,#2330,#2331,#2332,#2333,
    #2334,#2335,#2336,#2337,#2338,#2339,#2340,#2341,#2342,#2343,#2344,
    #2345,#2346,#2347,#2348,#2349,#2350,#2351,#2352,#2353,#2354,#2355,
    #2356,#2357,#2358,#2359,#2360,#2361,#2362,#2363,#2364,#2365,#2366,
    #2367),.UNSPECIFIED.,.T.,.F.,(8,6,6,6,6,6,6,6,8),(0.,0.124156885254,
    0.250606359548,0.386802840163,0.505328522646,0.615667644263,
    0.750990953963,0.876637346533,1.),.UNSPECIFIED.);
#2318 = CARTESIAN_POINT('',(269.65,20.1,529.));
#2319 = CARTESIAN_POINT('',(269.65,20.1,529.35997575566));
#2320 = CARTESIAN_POINT('',(269.5929518942,20.092478510087,
    529.70890635658));
#2321 = CARTESIAN_POINT('',(269.4851512459,20.078267202667,
    530.03661635546));
#2322 = CARTESIAN_POINT('',(269.3345698953,20.059413277739,
    530.33493420991));
#2323 = CARTESIAN_POINT('',(269.15083365768,20.038592124034,
    530.59783608093));
#2324 = CARTESIAN_POINT('',(268.94511673746,20.018117819362,
    530.82199906021));
#2325 = CARTESIAN_POINT('',(268.51086790776,19.980554836174,
    531.19623408809));
#2326 = CARTESIAN_POINT('',(268.27562893724,19.962985936982,
    531.35033863303));
#2327 = CARTESIAN_POINT('',(268.02965580643,19.948016804896,
    531.47138681524));
#2328 = CARTESIAN_POINT('',(267.77665024346,19.936386661298,
    531.56096809822));
#2329 = CARTESIAN_POINT('',(267.51930921485,19.928496510634,
    531.6202908677));
#2330 = CARTESIAN_POINT('',(267.25977577399,19.924545164194,531.65));
#2331 = CARTESIAN_POINT('',(266.72020013239,19.924545164194,531.65));
#2332 = CARTESIAN_POINT('',(266.44075843463,19.92912903976,
    531.61553473543));
#2333 = CARTESIAN_POINT('',(266.16404526087,19.938277227527,
    531.54675486996));
#2334 = CARTESIAN_POINT('',(265.89271908855,19.951723568819,
    531.44277540585));
#2335 = CARTESIAN_POINT('',(265.63024915335,19.968934881534,
    531.30195423993));
#2336 = CARTESIAN_POINT('',(265.38156573499,19.988885587758,
    531.12217776516));
#2337 = CARTESIAN_POINT('',(264.95622116862,20.028122564881,
    530.70925623369));
#2338 = CARTESIAN_POINT('',(264.76877666704,20.047678059949,
    530.4806009391));
#2339 = CARTESIAN_POINT('',(264.60410809305,20.066958511194,
    530.21644007202));
#2340 = CARTESIAN_POINT('',(264.47265267443,20.083746499322,
    529.92093129902));
#2341 = CARTESIAN_POINT('',(264.38284577156,20.095677076523,
    529.60073826431));
#2342 = CARTESIAN_POINT('',(264.34099932193,20.101186111371,
    529.26432880218));
#2343 = CARTESIAN_POINT('',(264.36062618591,20.098599606649,
    528.60229567849));
#2344 = CARTESIAN_POINT('',(264.41470682691,20.091477653258,
    528.29291647827));
#2345 = CARTESIAN_POINT('',(264.50890437716,20.079161393184,
    528.00059641519));
#2346 = CARTESIAN_POINT('',(264.63746803101,20.063091200593,
    527.73134707359));
#2347 = CARTESIAN_POINT('',(264.79343725347,20.045126549429,
    527.48975293811));
#2348 = CARTESIAN_POINT('',(264.9687109941,20.02697040958,
    527.27861873104));
#2349 = CARTESIAN_POINT('',(265.38155535962,19.98888654486,
    526.87783230718));
#2350 = CARTESIAN_POINT('',(265.63024451869,19.968935030165,
    526.69804460052));
#2351 = CARTESIAN_POINT('',(265.89272899288,19.951722572747,
    526.55721712019));
#2352 = CARTESIAN_POINT('',(266.16406191189,19.938276554616,
    526.45324002805));
#2353 = CARTESIAN_POINT('',(266.44077106872,19.929128939859,
    526.38446451765));
#2354 = CARTESIAN_POINT('',(266.72020317713,19.924545164194,526.35));
#2355 = CARTESIAN_POINT('',(267.25978866112,19.924545164194,526.35));
#2356 = CARTESIAN_POINT('',(267.51932750782,19.928496887164,
    526.37971199662));
#2357 = CARTESIAN_POINT('',(267.77666454737,19.936387458369,
    526.43903780907));
#2358 = CARTESIAN_POINT('',(268.02965866821,19.948017304544,
    526.52861748205));
#2359 = CARTESIAN_POINT('',(268.2756204323,19.962985465118,
    526.64965859528));
#2360 = CARTESIAN_POINT('',(268.51085776537,19.980553958847,
    526.80375717121));
#2361 = CARTESIAN_POINT('',(268.94511673746,20.018117819362,
    527.17800093978));
#2362 = CARTESIAN_POINT('',(269.15083365768,20.038592124034,
    527.40216391906));
#2363 = CARTESIAN_POINT('',(269.3345698953,20.059413277739,
    527.66506579009));
#2364 = CARTESIAN_POINT('',(269.4851512459,20.078267202667,
    527.96338364452));
#2365 = CARTESIAN_POINT('',(269.5929518942,20.092478510087,
    528.29109364341));
#2366 = CARTESIAN_POINT('',(269.65,20.1,528.64002424433));
#2367 = CARTESIAN_POINT('',(269.65,20.1,529.));
#2368 = PCURVE('',#1665,#2369);
#2369 = DEFINITIONAL_REPRESENTATION('',(#2370),#2421);
#2370 = B_SPLINE_CURVE_WITH_KNOTS('',7,(#2371,#2372,#2373,#2374,#2375,
    #2376,#2377,#2378,#2379,#2380,#2381,#2382,#2383,#2384,#2385,#2386,
    #2387,#2388,#2389,#2390,#2391,#2392,#2393,#2394,#2395,#2396,#2397,
    #2398,#2399,#2400,#2401,#2402,#2403,#2404,#2405,#2406,#2407,#2408,
    #2409,#2410,#2411,#2412,#2413,#2414,#2415,#2416,#2417,#2418,#2419,
    #2420),.UNSPECIFIED.,.F.,.F.,(8,6,6,6,6,6,6,6,8),(0.,0.124156885254,
    0.250606359548,0.386802840163,0.505328522646,0.615667644263,
    0.750990953963,0.876637346533,1.),.UNSPECIFIED.);
#2371 = CARTESIAN_POINT('',(0.,9.9));
#2372 = CARTESIAN_POINT('',(0.135839907798,9.9));
#2373 = CARTESIAN_POINT('',(0.267511777793,9.907521489913));
#2374 = CARTESIAN_POINT('',(0.39527004355,9.921732797333));
#2375 = CARTESIAN_POINT('',(0.518995907528,9.940586722261));
#2376 = CARTESIAN_POINT('',(0.638293094243,9.961407875966));
#2377 = CARTESIAN_POINT('',(0.752320061787,9.981882180638));
#2378 = CARTESIAN_POINT('',(0.968643561408,10.019445163826));
#2379 = CARTESIAN_POINT('',(1.073850859871,10.037014063018));
#2380 = CARTESIAN_POINT('',(1.176106277585,10.051983195104));
#2381 = CARTESIAN_POINT('',(1.276181560068,10.063613338702));
#2382 = CARTESIAN_POINT('',(1.374830731765,10.071503489366));
#2383 = CARTESIAN_POINT('',(1.472767732835,10.075454835806));
#2384 = CARTESIAN_POINT('',(1.676381182496,10.075454835806));
#2385 = CARTESIAN_POINT('',(1.781830542307,10.07087096024));
#2386 = CARTESIAN_POINT('',(1.888174717092,10.061722772473));
#2387 = CARTESIAN_POINT('',(1.996304480222,10.048276431181));
#2388 = CARTESIAN_POINT('',(2.10717827596,10.031065118466));
#2389 = CARTESIAN_POINT('',(2.221765552775,10.011114412242));
#2390 = CARTESIAN_POINT('',(2.445466960616,9.971877435119));
#2391 = CARTESIAN_POINT('',(2.556321079161,9.952321940051));
#2392 = CARTESIAN_POINT('',(2.672181657872,9.933041488806));
#2393 = CARTESIAN_POINT('',(2.792057061827,9.916253500678));
#2394 = CARTESIAN_POINT('',(2.915370389292,9.904322923477));
#2395 = CARTESIAN_POINT('',(3.041793430549,9.898813888629));
#2396 = CARTESIAN_POINT('',(3.291727012515,9.901400393351));
#2397 = CARTESIAN_POINT('',(3.409027305216,9.908522346742));
#2398 = CARTESIAN_POINT('',(3.523199460642,9.920838606816));
#2399 = CARTESIAN_POINT('',(3.634086572036,9.936908799407));
#2400 = CARTESIAN_POINT('',(3.741333901813,9.954873450571));
#2401 = CARTESIAN_POINT('',(3.844287118719,9.97302959042));
#2402 = CARTESIAN_POINT('',(4.061414297685,10.01111345514));
#2403 = CARTESIAN_POINT('',(4.176006070575,10.031064969835));
#2404 = CARTESIAN_POINT('',(4.286885137949,10.048277427253));
#2405 = CARTESIAN_POINT('',(4.395016976145,10.061723445384));
#2406 = CARTESIAN_POINT('',(4.501359519999,10.070871060141));
#2407 = CARTESIAN_POINT('',(4.606805273642,10.075454835806));
#2408 = CARTESIAN_POINT('',(4.810422437413,10.075454835806));
#2409 = CARTESIAN_POINT('',(4.90836145229,10.071503112836));
#2410 = CARTESIAN_POINT('',(5.007009419121,10.063612541631));
#2411 = CARTESIAN_POINT('',(5.107080600237,10.051982695456));
#2412 = CARTESIAN_POINT('',(5.209331336415,10.037014534882));
#2413 = CARTESIAN_POINT('',(5.314536693285,10.019446041153));
#2414 = CARTESIAN_POINT('',(5.530865245393,9.981882180638));
#2415 = CARTESIAN_POINT('',(5.644892212936,9.961407875966));
#2416 = CARTESIAN_POINT('',(5.764189399652,9.940586722261));
#2417 = CARTESIAN_POINT('',(5.887915263628,9.921732797333));
#2418 = CARTESIAN_POINT('',(6.015673529387,9.907521489913));
#2419 = CARTESIAN_POINT('',(6.147345399382,9.9));
#2420 = CARTESIAN_POINT('',(6.28318530718,9.9));
#2421 = ( GEOMETRIC_REPRESENTATION_CONTEXT(2) 
PARAMETRIC_REPRESENTATION_CONTEXT() REPRESENTATION_CONTEXT('2D SPACE',''
  ) );
#2422 = PCURVE('',#1918,#2423);
#2423 = DEFINITIONAL_REPRESENTATION('',(#2424),#2475);
#2424 = B_SPLINE_CURVE_WITH_KNOTS('',7,(#2425,#2426,#2427,#2428,#2429,
    #2430,#2431,#2432,#2433,#2434,#2435,#2436,#2437,#2438,#2439,#2440,
    #2441,#2442,#2443,#2444,#2445,#2446,#2447,#2448,#2449,#2450,#2451,
    #2452,#2453,#2454,#2455,#2456,#2457,#2458,#2459,#2460,#2461,#2462,
    #2463,#2464,#2465,#2466,#2467,#2468,#2469,#2470,#2471,#2472,#2473,
    #2474),.UNSPECIFIED.,.T.,.F.,(8,6,6,6,6,6,6,6,8),(0.,0.124156885254,
    0.250606359548,0.386802840163,0.505328522646,0.615667644263,
    0.750990953963,0.876637346533,1.),.UNSPECIFIED.);
#2425 = CARTESIAN_POINT('',(1.570796326795,35.65));
#2426 = CARTESIAN_POINT('',(1.58870556837,35.65));
#2427 = CARTESIAN_POINT('',(1.606065309173,35.5929518942));
#2428 = CARTESIAN_POINT('',(1.622378618297,35.485151245905));
#2429 = CARTESIAN_POINT('',(1.637246019799,35.3345698953));
#2430 = CARTESIAN_POINT('',(1.650365116312,35.150833657689));
#2431 = CARTESIAN_POINT('',(1.661563468943,34.945116737465));
#2432 = CARTESIAN_POINT('',(1.680275680522,34.510867907763));
#2433 = CARTESIAN_POINT('',(1.687991536995,34.275628937249));
#2434 = CARTESIAN_POINT('',(1.694059475248,34.029655806433));
#2435 = CARTESIAN_POINT('',(1.698553627985,33.77665024346));
#2436 = CARTESIAN_POINT('',(1.701531002807,33.519309214852));
#2437 = CARTESIAN_POINT('',(1.703022084299,33.259775773993));
#2438 = CARTESIAN_POINT('',(1.703022084299,32.720200132392));
#2439 = CARTESIAN_POINT('',(1.701292296175,32.440758434631));
#2440 = CARTESIAN_POINT('',(1.697840272848,32.164045260872));
#2441 = CARTESIAN_POINT('',(1.692624137747,31.89271908855));
#2442 = CARTESIAN_POINT('',(1.685566333505,31.630249153353));
#2443 = CARTESIAN_POINT('',(1.676568443936,31.381565734996));
#2444 = CARTESIAN_POINT('',(1.655932546088,30.956221168623));
#2445 = CARTESIAN_POINT('',(1.644515649445,30.76877666704));
#2446 = CARTESIAN_POINT('',(1.631340016192,30.604108093055));
#2447 = CARTESIAN_POINT('',(1.616618342327,30.472652674432));
#2448 = CARTESIAN_POINT('',(1.600682735281,30.382845771567));
#2449 = CARTESIAN_POINT('',(1.583947133714,30.340999321931));
#2450 = CARTESIAN_POINT('',(1.551009911013,30.360626185917));
#2451 = CARTESIAN_POINT('',(1.535616639599,30.414706826911));
#2452 = CARTESIAN_POINT('',(1.521064555372,30.508904377162));
#2453 = CARTESIAN_POINT('',(1.507648149635,30.637468031012));
#2454 = CARTESIAN_POINT('',(1.495596684281,30.793437253474));
#2455 = CARTESIAN_POINT('',(1.485054154627,30.968710994105));
#2456 = CARTESIAN_POINT('',(1.465024713022,31.38155535962));
#2457 = CARTESIAN_POINT('',(1.456026263396,31.630244518693));
#2458 = CARTESIAN_POINT('',(1.448968141066,31.892728992886));
#2459 = CARTESIAN_POINT('',(1.443752124531,32.164061911893));
#2460 = CARTESIAN_POINT('',(1.440300319975,32.440771068729));
#2461 = CARTESIAN_POINT('',(1.438570569291,32.720203177132));
#2462 = CARTESIAN_POINT('',(1.438570569291,33.259788661126));
#2463 = CARTESIAN_POINT('',(1.440061794441,33.51932750782));
#2464 = CARTESIAN_POINT('',(1.443039322329,33.776664547372));
#2465 = CARTESIAN_POINT('',(1.447533393336,34.029658668214));
#2466 = CARTESIAN_POINT('',(1.453600977061,34.275620432303));
#2467 = CARTESIAN_POINT('',(1.461316536022,34.510857765378));
#2468 = CARTESIAN_POINT('',(1.480029184647,34.945116737466));
#2469 = CARTESIAN_POINT('',(1.491227537277,35.150833657687));
#2470 = CARTESIAN_POINT('',(1.50434663379,35.334569895302));
#2471 = CARTESIAN_POINT('',(1.519214035293,35.485151245903));
#2472 = CARTESIAN_POINT('',(1.535527344417,35.592951894201));
#2473 = CARTESIAN_POINT('',(1.55288708522,35.65));
#2474 = CARTESIAN_POINT('',(1.570796326795,35.65));
#2475 = ( GEOMETRIC_REPRESENTATION_CONTEXT(2) 
PARAMETRIC_REPRESENTATION_CONTEXT() REPRESENTATION_CONTEXT('2D SPACE',''
  ) );
#2476 = ORIENTED_EDGE('',*,*,#2477,.F.);
#2477 = EDGE_CURVE('',#1556,#2314,#2478,.T.);
#2478 = SEAM_CURVE('',#2479,(#2483,#2490),.PCURVE_S1.);
#2479 = LINE('',#2480,#2481);
#2480 = CARTESIAN_POINT('',(269.65,30.,529.));
#2481 = VECTOR('',#2482,1.);
#2482 = DIRECTION('',(0.,-1.,2.22044604925E-16));
#2483 = PCURVE('',#1665,#2484);
#2484 = DEFINITIONAL_REPRESENTATION('',(#2485),#2489);
#2485 = LINE('',#2486,#2487);
#2486 = CARTESIAN_POINT('',(6.28318530718,-0.));
#2487 = VECTOR('',#2488,1.);
#2488 = DIRECTION('',(0.,1.));
#2489 = ( GEOMETRIC_REPRESENTATION_CONTEXT(2) 
PARAMETRIC_REPRESENTATION_CONTEXT() REPRESENTATION_CONTEXT('2D SPACE',''
  ) );
#2490 = PCURVE('',#1665,#2491);
#2491 = DEFINITIONAL_REPRESENTATION('',(#2492),#2496);
#2492 = LINE('',#2493,#2494);
#2493 = CARTESIAN_POINT('',(0.,-0.));
#2494 = VECTOR('',#2495,1.);
#2495 = DIRECTION('',(0.,1.));
#2496 = ( GEOMETRIC_REPRESENTATION_CONTEXT(2) 
PARAMETRIC_REPRESENTATION_CONTEXT() REPRESENTATION_CONTEXT('2D SPACE',''
  ) );
#2497 = ORIENTED_EDGE('',*,*,#1555,.T.);
#2498 = ORIENTED_EDGE('',*,*,#2477,.T.);
#2499 = ADVANCED_FACE('',(#2500),#1836,.F.);
#2500 = FACE_BOUND('',#2501,.F.);
#2501 = EDGE_LOOP('',(#2502,#2503,#2526,#2688));
#2502 = ORIENTED_EDGE('',*,*,#1726,.F.);
#2503 = ORIENTED_EDGE('',*,*,#2504,.F.);
#2504 = EDGE_CURVE('',#2505,#1727,#2507,.T.);
#2505 = VERTEX_POINT('',#2506);
#2506 = CARTESIAN_POINT('',(269.65,-20.1,529.));
#2507 = SEAM_CURVE('',#2508,(#2512,#2519),.PCURVE_S1.);
#2508 = LINE('',#2509,#2510);
#2509 = CARTESIAN_POINT('',(269.65,30.,529.));
#2510 = VECTOR('',#2511,1.);
#2511 = DIRECTION('',(0.,-1.,2.22044604925E-16));
#2512 = PCURVE('',#1836,#2513);
#2513 = DEFINITIONAL_REPRESENTATION('',(#2514),#2518);
#2514 = LINE('',#2515,#2516);
#2515 = CARTESIAN_POINT('',(6.28318530718,-0.));
#2516 = VECTOR('',#2517,1.);
#2517 = DIRECTION('',(0.,1.));
#2518 = ( GEOMETRIC_REPRESENTATION_CONTEXT(2) 
PARAMETRIC_REPRESENTATION_CONTEXT() REPRESENTATION_CONTEXT('2D SPACE',''
  ) );
#2519 = PCURVE('',#1836,#2520);
#2520 = DEFINITIONAL_REPRESENTATION('',(#2521),#2525);
#2521 = LINE('',#2522,#2523);
#2522 = CARTESIAN_POINT('',(0.,-0.));
#2523 = VECTOR('',#2524,1.);
#2524 = DIRECTION('',(0.,1.));
#2525 = ( GEOMETRIC_REPRESENTATION_CONTEXT(2) 
PARAMETRIC_REPRESENTATION_CONTEXT() REPRESENTATION_CONTEXT('2D SPACE',''
  ) );
#2526 = ORIENTED_EDGE('',*,*,#2527,.T.);
#2527 = EDGE_CURVE('',#2505,#2505,#2528,.T.);
#2528 = SURFACE_CURVE('',#2529,(#2580,#2634),.PCURVE_S1.);
#2529 = B_SPLINE_CURVE_WITH_KNOTS('',7,(#2530,#2531,#2532,#2533,#2534,
    #2535,#2536,#2537,#2538,#2539,#2540,#2541,#2542,#2543,#2544,#2545,
    #2546,#2547,#2548,#2549,#2550,#2551,#2552,#2553,#2554,#2555,#2556,
    #2557,#2558,#2559,#2560,#2561,#2562,#2563,#2564,#2565,#2566,#2567,
    #2568,#2569,#2570,#2571,#2572,#2573,#2574,#2575,#2576,#2577,#2578,
    #2579),.UNSPECIFIED.,.T.,.F.,(8,6,6,6,6,6,6,6,8),(0.,0.124156885253,
    0.250606359547,0.386802840162,0.505328522645,0.615667644282,
    0.750990953976,0.87663734654,1.),.UNSPECIFIED.);
#2530 = CARTESIAN_POINT('',(269.65,-20.1,529.));
#2531 = CARTESIAN_POINT('',(269.65,-20.1,529.35997575566));
#2532 = CARTESIAN_POINT('',(269.5929518942,-20.09247851008,
    529.70890635658));
#2533 = CARTESIAN_POINT('',(269.4851512459,-20.07826720266,
    530.03661635546));
#2534 = CARTESIAN_POINT('',(269.3345698953,-20.05941327773,
    530.33493420991));
#2535 = CARTESIAN_POINT('',(269.15083365768,-20.03859212403,
    530.59783608093));
#2536 = CARTESIAN_POINT('',(268.94511673746,-20.01811781936,
    530.82199906021));
#2537 = CARTESIAN_POINT('',(268.51086790776,-19.98055483617,
    531.19623408809));
#2538 = CARTESIAN_POINT('',(268.27562893724,-19.96298593698,
    531.35033863303));
#2539 = CARTESIAN_POINT('',(268.02965580643,-19.94801680489,
    531.47138681524));
#2540 = CARTESIAN_POINT('',(267.77665024345,-19.93638666129,
    531.56096809823));
#2541 = CARTESIAN_POINT('',(267.51930921485,-19.92849651063,
    531.6202908677));
#2542 = CARTESIAN_POINT('',(267.25977577399,-19.92454516419,531.65));
#2543 = CARTESIAN_POINT('',(266.72020013239,-19.92454516419,531.65));
#2544 = CARTESIAN_POINT('',(266.44075843463,-19.92912903976,
    531.61553473543));
#2545 = CARTESIAN_POINT('',(266.16404526087,-19.93827722752,
    531.54675486996));
#2546 = CARTESIAN_POINT('',(265.89271908854,-19.95172356881,
    531.44277540585));
#2547 = CARTESIAN_POINT('',(265.63024915335,-19.96893488153,
    531.30195423993));
#2548 = CARTESIAN_POINT('',(265.38156573499,-19.98888558775,
    531.12217776516));
#2549 = CARTESIAN_POINT('',(264.95622116862,-20.02812256488,
    530.70925623369));
#2550 = CARTESIAN_POINT('',(264.76877666704,-20.04767805994,
    530.4806009391));
#2551 = CARTESIAN_POINT('',(264.60410809305,-20.06695851119,
    530.21644007202));
#2552 = CARTESIAN_POINT('',(264.47265267443,-20.08374649932,
    529.92093129902));
#2553 = CARTESIAN_POINT('',(264.38284577156,-20.09567707652,
    529.6007382643));
#2554 = CARTESIAN_POINT('',(264.34099932193,-20.10118611137,
    529.26432880218));
#2555 = CARTESIAN_POINT('',(264.36062618591,-20.09859960664,
    528.60229567843));
#2556 = CARTESIAN_POINT('',(264.41470682692,-20.09147765325,
    528.29291647833));
#2557 = CARTESIAN_POINT('',(264.50890437712,-20.07916139319,
    528.00059641523));
#2558 = CARTESIAN_POINT('',(264.63746803101,-20.06309120059,
    527.73134707354));
#2559 = CARTESIAN_POINT('',(264.79343725353,-20.04512654942,
    527.48975293807));
#2560 = CARTESIAN_POINT('',(264.96871099406,-20.02697040958,
    527.27861873108));
#2561 = CARTESIAN_POINT('',(265.38155535962,-19.98888654486,
    526.87783230718));
#2562 = CARTESIAN_POINT('',(265.63024451869,-19.96893503016,
    526.69804460052));
#2563 = CARTESIAN_POINT('',(265.89272899288,-19.95172257274,
    526.55721712019));
#2564 = CARTESIAN_POINT('',(266.16406191189,-19.93827655461,
    526.45324002805));
#2565 = CARTESIAN_POINT('',(266.44077106873,-19.92912893985,
    526.38446451765));
#2566 = CARTESIAN_POINT('',(266.72020317713,-19.92454516419,526.35));
#2567 = CARTESIAN_POINT('',(267.25978866112,-19.92454516419,526.35));
#2568 = CARTESIAN_POINT('',(267.51932750782,-19.92849688716,
    526.37971199662));
#2569 = CARTESIAN_POINT('',(267.77666454737,-19.93638745836,
    526.43903780907));
#2570 = CARTESIAN_POINT('',(268.02965866821,-19.94801730454,
    526.52861748205));
#2571 = CARTESIAN_POINT('',(268.2756204323,-19.96298546511,
    526.64965859528));
#2572 = CARTESIAN_POINT('',(268.51085776537,-19.98055395884,
    526.80375717121));
#2573 = CARTESIAN_POINT('',(268.94511673746,-20.01811781936,
    527.17800093978));
#2574 = CARTESIAN_POINT('',(269.15083365768,-20.03859212403,
    527.40216391906));
#2575 = CARTESIAN_POINT('',(269.3345698953,-20.05941327773,
    527.66506579009));
#2576 = CARTESIAN_POINT('',(269.4851512459,-20.07826720266,
    527.96338364452));
#2577 = CARTESIAN_POINT('',(269.5929518942,-20.09247851008,
    528.29109364341));
#2578 = CARTESIAN_POINT('',(269.65,-20.1,528.64002424433));
#2579 = CARTESIAN_POINT('',(269.65,-20.1,529.));
#2580 = PCURVE('',#1836,#2581);
#2581 = DEFINITIONAL_REPRESENTATION('',(#2582),#2633);
#2582 = B_SPLINE_CURVE_WITH_KNOTS('',7,(#2583,#2584,#2585,#2586,#2587,
    #2588,#2589,#2590,#2591,#2592,#2593,#2594,#2595,#2596,#2597,#2598,
    #2599,#2600,#2601,#2602,#2603,#2604,#2605,#2606,#2607,#2608,#2609,
    #2610,#2611,#2612,#2613,#2614,#2615,#2616,#2617,#2618,#2619,#2620,
    #2621,#2622,#2623,#2624,#2625,#2626,#2627,#2628,#2629,#2630,#2631,
    #2632),.UNSPECIFIED.,.F.,.F.,(8,6,6,6,6,6,6,6,8),(0.,0.124156885253,
    0.250606359547,0.386802840162,0.505328522645,0.615667644282,
    0.750990953976,0.87663734654,1.),.UNSPECIFIED.);
#2583 = CARTESIAN_POINT('',(0.,50.1));
#2584 = CARTESIAN_POINT('',(0.135839907798,50.1));
#2585 = CARTESIAN_POINT('',(0.267511777794,50.092478510087));
#2586 = CARTESIAN_POINT('',(0.39527004355,50.078267202667));
#2587 = CARTESIAN_POINT('',(0.518995907529,50.059413277739));
#2588 = CARTESIAN_POINT('',(0.638293094243,50.038592124034));
#2589 = CARTESIAN_POINT('',(0.752320061787,50.018117819362));
#2590 = CARTESIAN_POINT('',(0.968643561408,49.980554836174));
#2591 = CARTESIAN_POINT('',(1.073850859872,49.962985936982));
#2592 = CARTESIAN_POINT('',(1.176106277584,49.948016804896));
#2593 = CARTESIAN_POINT('',(1.276181560069,49.936386661297));
#2594 = CARTESIAN_POINT('',(1.374830731765,49.928496510634));
#2595 = CARTESIAN_POINT('',(1.472767732836,49.924545164194));
#2596 = CARTESIAN_POINT('',(1.676381182496,49.924545164194));
#2597 = CARTESIAN_POINT('',(1.781830542307,49.92912903976));
#2598 = CARTESIAN_POINT('',(1.888174717092,49.938277227527));
#2599 = CARTESIAN_POINT('',(1.996304480223,49.951723568819));
#2600 = CARTESIAN_POINT('',(2.10717827596,49.968934881534));
#2601 = CARTESIAN_POINT('',(2.221765552775,49.988885587758));
#2602 = CARTESIAN_POINT('',(2.445466960616,50.028122564881));
#2603 = CARTESIAN_POINT('',(2.556321079161,50.047678059949));
#2604 = CARTESIAN_POINT('',(2.672181657873,50.066958511194));
#2605 = CARTESIAN_POINT('',(2.792057061826,50.083746499322));
#2606 = CARTESIAN_POINT('',(2.915370389293,50.095677076523));
#2607 = CARTESIAN_POINT('',(3.041793430549,50.101186111371));
#2608 = CARTESIAN_POINT('',(3.291727012538,50.098599606649));
#2609 = CARTESIAN_POINT('',(3.409027305193,50.091477653256));
#2610 = CARTESIAN_POINT('',(3.523199460627,50.07916139319));
#2611 = CARTESIAN_POINT('',(3.634086572047,50.06309120059));
#2612 = CARTESIAN_POINT('',(3.741333901841,50.045126549424));
#2613 = CARTESIAN_POINT('',(3.844287118696,50.026970409584));
#2614 = CARTESIAN_POINT('',(4.061414297685,49.98888654486));
#2615 = CARTESIAN_POINT('',(4.176006070575,49.968935030165));
#2616 = CARTESIAN_POINT('',(4.286885137949,49.951722572746));
#2617 = CARTESIAN_POINT('',(4.395016976144,49.938276554616));
#2618 = CARTESIAN_POINT('',(4.501359519999,49.929128939859));
#2619 = CARTESIAN_POINT('',(4.606805273642,49.924545164194));
#2620 = CARTESIAN_POINT('',(4.810422437413,49.924545164194));
#2621 = CARTESIAN_POINT('',(4.908361452291,49.928496887164));
#2622 = CARTESIAN_POINT('',(5.007009419121,49.936387458369));
#2623 = CARTESIAN_POINT('',(5.107080600237,49.948017304544));
#2624 = CARTESIAN_POINT('',(5.209331336415,49.962985465118));
#2625 = CARTESIAN_POINT('',(5.314536693285,49.980553958847));
#2626 = CARTESIAN_POINT('',(5.530865245392,50.018117819362));
#2627 = CARTESIAN_POINT('',(5.644892212936,50.038592124034));
#2628 = CARTESIAN_POINT('',(5.764189399652,50.059413277739));
#2629 = CARTESIAN_POINT('',(5.887915263629,50.078267202667));
#2630 = CARTESIAN_POINT('',(6.015673529386,50.092478510087));
#2631 = CARTESIAN_POINT('',(6.147345399382,50.1));
#2632 = CARTESIAN_POINT('',(6.28318530718,50.1));
#2633 = ( GEOMETRIC_REPRESENTATION_CONTEXT(2) 
PARAMETRIC_REPRESENTATION_CONTEXT() REPRESENTATION_CONTEXT('2D SPACE',''
  ) );
#2634 = PCURVE('',#1918,#2635);
#2635 = DEFINITIONAL_REPRESENTATION('',(#2636),#2687);
#2636 = B_SPLINE_CURVE_WITH_KNOTS('',7,(#2637,#2638,#2639,#2640,#2641,
    #2642,#2643,#2644,#2645,#2646,#2647,#2648,#2649,#2650,#2651,#2652,
    #2653,#2654,#2655,#2656,#2657,#2658,#2659,#2660,#2661,#2662,#2663,
    #2664,#2665,#2666,#2667,#2668,#2669,#2670,#2671,#2672,#2673,#2674,
    #2675,#2676,#2677,#2678,#2679,#2680,#2681,#2682,#2683,#2684,#2685,
    #2686),.UNSPECIFIED.,.T.,.F.,(8,6,6,6,6,6,6,6,8),(0.,0.124156885253,
    0.250606359547,0.386802840162,0.505328522645,0.615667644282,
    0.750990953976,0.87663734654,1.),.UNSPECIFIED.);
#2637 = CARTESIAN_POINT('',(4.712388980385,35.65));
#2638 = CARTESIAN_POINT('',(4.694479738809,35.65));
#2639 = CARTESIAN_POINT('',(4.677119998006,35.592951894201));
#2640 = CARTESIAN_POINT('',(4.660806688883,35.485151245905));
#2641 = CARTESIAN_POINT('',(4.64593928738,35.3345698953));
#2642 = CARTESIAN_POINT('',(4.632820190867,35.150833657689));
#2643 = CARTESIAN_POINT('',(4.621621838237,34.945116737465));
#2644 = CARTESIAN_POINT('',(4.602909626657,34.510867907763));
#2645 = CARTESIAN_POINT('',(4.595193770184,34.275628937247));
#2646 = CARTESIAN_POINT('',(4.589125831932,34.029655806436));
#2647 = CARTESIAN_POINT('',(4.584631679194,33.776650243457));
#2648 = CARTESIAN_POINT('',(4.581654304372,33.519309214853));
#2649 = CARTESIAN_POINT('',(4.58016322288,33.259775773992));
#2650 = CARTESIAN_POINT('',(4.58016322288,32.720200132392));
#2651 = CARTESIAN_POINT('',(4.581893011004,32.440758434631));
#2652 = CARTESIAN_POINT('',(4.585345034332,32.164045260872));
#2653 = CARTESIAN_POINT('',(4.590561169433,31.892719088549));
#2654 = CARTESIAN_POINT('',(4.597618973675,31.630249153354));
#2655 = CARTESIAN_POINT('',(4.606616863243,31.381565734995));
#2656 = CARTESIAN_POINT('',(4.627252761091,30.956221168623));
#2657 = CARTESIAN_POINT('',(4.638669657735,30.768776667041));
#2658 = CARTESIAN_POINT('',(4.651845290987,30.604108093054));
#2659 = CARTESIAN_POINT('',(4.666566964853,30.472652674432));
#2660 = CARTESIAN_POINT('',(4.682502571899,30.382845771567));
#2661 = CARTESIAN_POINT('',(4.699238173465,30.340999321931));
#2662 = CARTESIAN_POINT('',(4.73217539617,30.360626185919));
#2663 = CARTESIAN_POINT('',(4.747568667578,30.414706826926));
#2664 = CARTESIAN_POINT('',(4.762120751805,30.508904377123));
#2665 = CARTESIAN_POINT('',(4.775537157547,30.637468031012));
#2666 = CARTESIAN_POINT('',(4.787588622901,30.793437253536));
#2667 = CARTESIAN_POINT('',(4.798131152551,30.96871099406));
#2668 = CARTESIAN_POINT('',(4.818160594157,31.381555359621));
#2669 = CARTESIAN_POINT('',(4.827159043783,31.630244518693));
#2670 = CARTESIAN_POINT('',(4.834217166114,31.892728992886));
#2671 = CARTESIAN_POINT('',(4.839433182648,32.164061911892));
#2672 = CARTESIAN_POINT('',(4.842884987205,32.440771068729));
#2673 = CARTESIAN_POINT('',(4.844614737889,32.720203177131));
#2674 = CARTESIAN_POINT('',(4.844614737889,33.259788661126));
#2675 = CARTESIAN_POINT('',(4.843123512738,33.519327507821));
#2676 = CARTESIAN_POINT('',(4.840145984851,33.776664547373));
#2677 = CARTESIAN_POINT('',(4.835651913844,34.029658668213));
#2678 = CARTESIAN_POINT('',(4.829584330118,34.275620432303));
#2679 = CARTESIAN_POINT('',(4.821868771157,34.510857765378));
#2680 = CARTESIAN_POINT('',(4.803156122532,34.945116737465));
#2681 = CARTESIAN_POINT('',(4.791957769902,35.150833657688));
#2682 = CARTESIAN_POINT('',(4.778838673389,35.334569895301));
#2683 = CARTESIAN_POINT('',(4.763971271886,35.485151245904));
#2684 = CARTESIAN_POINT('',(4.747657962763,35.592951894201));
#2685 = CARTESIAN_POINT('',(4.73029822196,35.65));
#2686 = CARTESIAN_POINT('',(4.712388980385,35.65));
#2687 = ( GEOMETRIC_REPRESENTATION_CONTEXT(2) 
PARAMETRIC_REPRESENTATION_CONTEXT() REPRESENTATION_CONTEXT('2D SPACE',''
  ) );
#2688 = ORIENTED_EDGE('',*,*,#2504,.T.);
#2689 = ADVANCED_FACE('',(#2690,#2744,#2747,#2750,#2753),#1918,.F.);
#2690 = FACE_BOUND('',#2691,.F.);
#2691 = EDGE_LOOP('',(#2692,#2721,#2742,#2743));
#2692 = ORIENTED_EDGE('',*,*,#2693,.T.);
#2693 = EDGE_CURVE('',#2694,#2694,#2696,.T.);
#2694 = VERTEX_POINT('',#2695);
#2695 = CARTESIAN_POINT('',(234.,-4.923080132572E-15,508.9));
#2696 = SURFACE_CURVE('',#2697,(#2702,#2709),.PCURVE_S1.);
#2697 = CIRCLE('',#2698,20.1);
#2698 = AXIS2_PLACEMENT_3D('',#2699,#2700,#2701);
#2699 = CARTESIAN_POINT('',(234.,0.,529.));
#2700 = DIRECTION('',(1.,-0.,2.22044604925E-16));
#2701 = DIRECTION('',(2.22044604925E-16,0.,-1.));
#2702 = PCURVE('',#1918,#2703);
#2703 = DEFINITIONAL_REPRESENTATION('',(#2704),#2708);
#2704 = LINE('',#2705,#2706);
#2705 = CARTESIAN_POINT('',(0.,0.));
#2706 = VECTOR('',#2707,1.);
#2707 = DIRECTION('',(1.,0.));
#2708 = ( GEOMETRIC_REPRESENTATION_CONTEXT(2) 
PARAMETRIC_REPRESENTATION_CONTEXT() REPRESENTATION_CONTEXT('2D SPACE',''
  ) );
#2709 = PCURVE('',#2710,#2715);
#2710 = PLANE('',#2711);
#2711 = AXIS2_PLACEMENT_3D('',#2712,#2713,#2714);
#2712 = CARTESIAN_POINT('',(234.,0.,529.));
#2713 = DIRECTION('',(1.,0.,2.22044604925E-16));
#2714 = DIRECTION('',(2.22044604925E-16,0.,-1.));
#2715 = DEFINITIONAL_REPRESENTATION('',(#2716),#2720);
#2716 = CIRCLE('',#2717,20.1);
#2717 = AXIS2_PLACEMENT_2D('',#2718,#2719);
#2718 = CARTESIAN_POINT('',(0.,0.));
#2719 = DIRECTION('',(1.,0.));
#2720 = ( GEOMETRIC_REPRESENTATION_CONTEXT(2) 
PARAMETRIC_REPRESENTATION_CONTEXT() REPRESENTATION_CONTEXT('2D SPACE',''
  ) );
#2721 = ORIENTED_EDGE('',*,*,#2722,.T.);
#2722 = EDGE_CURVE('',#2694,#1902,#2723,.T.);
#2723 = SEAM_CURVE('',#2724,(#2728,#2735),.PCURVE_S1.);
#2724 = LINE('',#2725,#2726);
#2725 = CARTESIAN_POINT('',(234.,-4.923080132572E-15,508.9));
#2726 = VECTOR('',#2727,1.);
#2727 = DIRECTION('',(1.,0.,2.22044604925E-16));
#2728 = PCURVE('',#1918,#2729);
#2729 = DEFINITIONAL_REPRESENTATION('',(#2730),#2734);
#2730 = LINE('',#2731,#2732);
#2731 = CARTESIAN_POINT('',(0.,-0.));
#2732 = VECTOR('',#2733,1.);
#2733 = DIRECTION('',(0.,1.));
#2734 = ( GEOMETRIC_REPRESENTATION_CONTEXT(2) 
PARAMETRIC_REPRESENTATION_CONTEXT() REPRESENTATION_CONTEXT('2D SPACE',''
  ) );
#2735 = PCURVE('',#1918,#2736);
#2736 = DEFINITIONAL_REPRESENTATION('',(#2737),#2741);
#2737 = LINE('',#2738,#2739);
#2738 = CARTESIAN_POINT('',(6.28318530718,-0.));
#2739 = VECTOR('',#2740,1.);
#2740 = DIRECTION('',(0.,1.));
#2741 = ( GEOMETRIC_REPRESENTATION_CONTEXT(2) 
PARAMETRIC_REPRESENTATION_CONTEXT() REPRESENTATION_CONTEXT('2D SPACE',''
  ) );
#2742 = ORIENTED_EDGE('',*,*,#1901,.F.);
#2743 = ORIENTED_EDGE('',*,*,#2722,.F.);
#2744 = FACE_BOUND('',#2745,.F.);
#2745 = EDGE_LOOP('',(#2746));
#2746 = ORIENTED_EDGE('',*,*,#1933,.T.);
#2747 = FACE_BOUND('',#2748,.F.);
#2748 = EDGE_LOOP('',(#2749));
#2749 = ORIENTED_EDGE('',*,*,#2147,.F.);
#2750 = FACE_BOUND('',#2751,.F.);
#2751 = EDGE_LOOP('',(#2752));
#2752 = ORIENTED_EDGE('',*,*,#2313,.T.);
#2753 = FACE_BOUND('',#2754,.F.);
#2754 = EDGE_LOOP('',(#2755));
#2755 = ORIENTED_EDGE('',*,*,#2527,.F.);
#2756 = ADVANCED_FACE('',(#2757),#2710,.T.);
#2757 = FACE_BOUND('',#2758,.F.);
#2758 = EDGE_LOOP('',(#2759));
#2759 = ORIENTED_EDGE('',*,*,#2693,.F.);
#2760 = ( GEOMETRIC_REPRESENTATION_CONTEXT(3) 
GLOBAL_UNCERTAINTY_ASSIGNED_CONTEXT((#2764)) 
GLOBAL_UNIT_ASSIGNED_CONTEXT((#2761,#2762,#2763)) REPRESENTATION_CONTEXT
('Context #1','3D Context with UNIT and UNCERTAINTY') );
#2761 = ( LENGTH_UNIT() NAMED_UNIT(*) SI_UNIT(.MILLI.,.METRE.) );
#2762 = ( NAMED_UNIT(*) PLANE_ANGLE_UNIT() SI_UNIT($,.RADIAN.) );
#2763 = ( NAMED_UNIT(*) SI_UNIT($,.STERADIAN.) SOLID_ANGLE_UNIT() );
#2764 = UNCERTAINTY_MEASURE_WITH_UNIT(LENGTH_MEASURE(1.E-07),#2761,
  'distance_accuracy_value','confusion accuracy');
#2765 = PRODUCT_RELATED_PRODUCT_CATEGORY('part',$,(#7));
ENDSEC;
END-ISO-10303-21;
