ISO-10303-21;
HEADER;
FILE_DESCRIPTION(('Open CASCADE Model'),'2;1');
FILE_NAME('Open CASCADE Shape Model','2026-10-03T23:18:44',('Author'),(
    'Open CASCADE'),'Open CASCADE STEP processor 8.0','build123d',
  'Unknown');
FILE_SCHEMA(('AUTOMOTIVE_DESIGN { 1 0 10303 214 1 1 1 1 }'));
ENDSEC;
DATA;
#1 = APPLICATION_PROTOCOL_DEFINITION('international standard',
  'automotive_design',2000,#2);
#2 = APPLICATION_CONTEXT(
  'core data for automotive mechanical design processes');
#3 = SHAPE_DEFINITION_REPRESENTATION(#4,#10);
#4 = PRODUCT_DEFINITION_SHAPE('','',#5);
#5 = PRODUCT_DEFINITION('design','',#6,#9);
#6 = PRODUCT_DEFINITION_FORMATION('','',#7);
#7 = PRODUCT('COMPOUND','COMPOUND','',(#8));
#8 = PRODUCT_CONTEXT('',#2,'mechanical');
#9 = PRODUCT_DEFINITION_CONTEXT('part definition',#2,'design');
#10 = SHAPE_REPRESENTATION('',(#11,#15,#2275),#4535);
#11 = AXIS2_PLACEMENT_3D('',#12,#13,#14);
#12 = CARTESIAN_POINT('',(0.,0.,0.));
#13 = DIRECTION('',(0.,0.,1.));
#14 = DIRECTION('',(1.,0.,-0.));
#15 = MANIFOLD_SOLID_BREP('',#16);
#16 = CLOSED_SHELL('',(#17,#194,#518,#734,#805,#1089,#1162,#1346,#1395,
    #1422,#1477,#1527,#1582,#1637,#1664,#1719,#1769,#1799,#1806,#1882,
    #1931,#1980,#2007,#2037,#2044,#2120,#2169,#2218,#2245,#2249,#2253,
    #2257,#2261,#2268));
#17 = ADVANCED_FACE('',(#18),#32,.F.);
#18 = FACE_BOUND('',#19,.F.);
#19 = EDGE_LOOP('',(#20,#55,#83,#111,#140,#168));
#20 = ORIENTED_EDGE('',*,*,#21,.F.);
#21 = EDGE_CURVE('',#22,#24,#26,.T.);
#22 = VERTEX_POINT('',#23);
#23 = CARTESIAN_POINT('',(595.,-30.,555.));
#24 = VERTEX_POINT('',#25);
#25 = CARTESIAN_POINT('',(595.,30.,555.));
#26 = SURFACE_CURVE('',#27,(#31,#43),.PCURVE_S1.);
#27 = LINE('',#28,#29);
#28 = CARTESIAN_POINT('',(595.,-30.,555.));
#29 = VECTOR('',#30,1.);
#30 = DIRECTION('',(-0.,1.,0.));
#31 = PCURVE('',#32,#37);
#32 = PLANE('',#33);
#33 = AXIS2_PLACEMENT_3D('',#34,#35,#36);
#34 = CARTESIAN_POINT('',(595.,-30.,529.));
#35 = DIRECTION('',(1.,0.,-0.));
#36 = DIRECTION('',(0.,0.,1.));
#37 = DEFINITIONAL_REPRESENTATION('',(#38),#42);
#38 = LINE('',#39,#40);
#39 = CARTESIAN_POINT('',(26.,0.));
#40 = VECTOR('',#41,1.);
#41 = DIRECTION('',(0.,-1.));
#42 = ( GEOMETRIC_REPRESENTATION_CONTEXT(2) 
PARAMETRIC_REPRESENTATION_CONTEXT() REPRESENTATION_CONTEXT('2D SPACE',''
  ) );
#43 = PCURVE('',#44,#49);
#44 = PLANE('',#45);
#45 = AXIS2_PLACEMENT_3D('',#46,#47,#48);
#46 = CARTESIAN_POINT('',(595.,-30.,555.));
#47 = DIRECTION('',(0.,0.,1.));
#48 = DIRECTION('',(1.,0.,-0.));
#49 = DEFINITIONAL_REPRESENTATION('',(#50),#54);
#50 = LINE('',#51,#52);
#51 = CARTESIAN_POINT('',(0.,0.));
#52 = VECTOR('',#53,1.);
#53 = DIRECTION('',(0.,1.));
#54 = ( GEOMETRIC_REPRESENTATION_CONTEXT(2) 
PARAMETRIC_REPRESENTATION_CONTEXT() REPRESENTATION_CONTEXT('2D SPACE',''
  ) );
#55 = ORIENTED_EDGE('',*,*,#56,.F.);
#56 = EDGE_CURVE('',#57,#22,#59,.T.);
#57 = VERTEX_POINT('',#58);
#58 = CARTESIAN_POINT('',(595.,-30.,529.));
#59 = SURFACE_CURVE('',#60,(#64,#71),.PCURVE_S1.);
#60 = LINE('',#61,#62);
#61 = CARTESIAN_POINT('',(595.,-30.,529.));
#62 = VECTOR('',#63,1.);
#63 = DIRECTION('',(0.,0.,1.));
#64 = PCURVE('',#32,#65);
#65 = DEFINITIONAL_REPRESENTATION('',(#66),#70);
#66 = LINE('',#67,#68);
#67 = CARTESIAN_POINT('',(0.,0.));
#68 = VECTOR('',#69,1.);
#69 = DIRECTION('',(1.,0.));
#70 = ( GEOMETRIC_REPRESENTATION_CONTEXT(2) 
PARAMETRIC_REPRESENTATION_CONTEXT() REPRESENTATION_CONTEXT('2D SPACE',''
  ) );
#71 = PCURVE('',#72,#77);
#72 = PLANE('',#73);
#73 = AXIS2_PLACEMENT_3D('',#74,#75,#76);
#74 = CARTESIAN_POINT('',(595.,-30.,529.));
#75 = DIRECTION('',(-0.,1.,0.));
#76 = DIRECTION('',(0.,0.,1.));
#77 = DEFINITIONAL_REPRESENTATION('',(#78),#82);
#78 = LINE('',#79,#80);
#79 = CARTESIAN_POINT('',(0.,0.));
#80 = VECTOR('',#81,1.);
#81 = DIRECTION('',(1.,0.));
#82 = ( GEOMETRIC_REPRESENTATION_CONTEXT(2) 
PARAMETRIC_REPRESENTATION_CONTEXT() REPRESENTATION_CONTEXT('2D SPACE',''
  ) );
#83 = ORIENTED_EDGE('',*,*,#84,.T.);
#84 = EDGE_CURVE('',#57,#85,#87,.T.);
#85 = VERTEX_POINT('',#86);
#86 = CARTESIAN_POINT('',(595.,-20.1,529.));
#87 = SURFACE_CURVE('',#88,(#92,#99),.PCURVE_S1.);
#88 = LINE('',#89,#90);
#89 = CARTESIAN_POINT('',(595.,-30.,529.));
#90 = VECTOR('',#91,1.);
#91 = DIRECTION('',(-0.,1.,0.));
#92 = PCURVE('',#32,#93);
#93 = DEFINITIONAL_REPRESENTATION('',(#94),#98);
#94 = LINE('',#95,#96);
#95 = CARTESIAN_POINT('',(0.,0.));
#96 = VECTOR('',#97,1.);
#97 = DIRECTION('',(0.,-1.));
#98 = ( GEOMETRIC_REPRESENTATION_CONTEXT(2) 
PARAMETRIC_REPRESENTATION_CONTEXT() REPRESENTATION_CONTEXT('2D SPACE',''
  ) );
#99 = PCURVE('',#100,#105);
#100 = PLANE('',#101);
#101 = AXIS2_PLACEMENT_3D('',#102,#103,#104);
#102 = CARTESIAN_POINT('',(595.,-30.,529.));
#103 = DIRECTION('',(0.,0.,1.));
#104 = DIRECTION('',(1.,0.,-0.));
#105 = DEFINITIONAL_REPRESENTATION('',(#106),#110);
#106 = LINE('',#107,#108);
#107 = CARTESIAN_POINT('',(0.,0.));
#108 = VECTOR('',#109,1.);
#109 = DIRECTION('',(0.,1.));
#110 = ( GEOMETRIC_REPRESENTATION_CONTEXT(2) 
PARAMETRIC_REPRESENTATION_CONTEXT() REPRESENTATION_CONTEXT('2D SPACE',''
  ) );
#111 = ORIENTED_EDGE('',*,*,#112,.F.);
#112 = EDGE_CURVE('',#113,#85,#115,.T.);
#113 = VERTEX_POINT('',#114);
#114 = CARTESIAN_POINT('',(595.,20.1,529.));
#115 = SURFACE_CURVE('',#116,(#121,#128),.PCURVE_S1.);
#116 = CIRCLE('',#117,20.1);
#117 = AXIS2_PLACEMENT_3D('',#118,#119,#120);
#118 = CARTESIAN_POINT('',(595.,0.,529.));
#119 = DIRECTION('',(1.,0.,2.22044604925E-16));
#120 = DIRECTION('',(2.22044604925E-16,0.,-1.));
#121 = PCURVE('',#32,#122);
#122 = DEFINITIONAL_REPRESENTATION('',(#123),#127);
#123 = CIRCLE('',#124,20.1);
#124 = AXIS2_PLACEMENT_2D('',#125,#126);
#125 = CARTESIAN_POINT('',(0.,-30.));
#126 = DIRECTION('',(-1.,0.));
#127 = ( GEOMETRIC_REPRESENTATION_CONTEXT(2) 
PARAMETRIC_REPRESENTATION_CONTEXT() REPRESENTATION_CONTEXT('2D SPACE',''
  ) );
#128 = PCURVE('',#129,#134);
#129 = CYLINDRICAL_SURFACE('',#130,20.1);
#130 = AXIS2_PLACEMENT_3D('',#131,#132,#133);
#131 = CARTESIAN_POINT('',(594.,0.,529.));
#132 = DIRECTION('',(1.,0.,2.22044604925E-16));
#133 = DIRECTION('',(2.22044604925E-16,0.,-1.));
#134 = DEFINITIONAL_REPRESENTATION('',(#135),#139);
#135 = LINE('',#136,#137);
#136 = CARTESIAN_POINT('',(0.,1.));
#137 = VECTOR('',#138,1.);
#138 = DIRECTION('',(1.,0.));
#139 = ( GEOMETRIC_REPRESENTATION_CONTEXT(2) 
PARAMETRIC_REPRESENTATION_CONTEXT() REPRESENTATION_CONTEXT('2D SPACE',''
  ) );
#140 = ORIENTED_EDGE('',*,*,#141,.T.);
#141 = EDGE_CURVE('',#113,#142,#144,.T.);
#142 = VERTEX_POINT('',#143);
#143 = CARTESIAN_POINT('',(595.,30.,529.));
#144 = SURFACE_CURVE('',#145,(#149,#156),.PCURVE_S1.);
#145 = LINE('',#146,#147);
#146 = CARTESIAN_POINT('',(595.,-30.,529.));
#147 = VECTOR('',#148,1.);
#148 = DIRECTION('',(-0.,1.,0.));
#149 = PCURVE('',#32,#150);
#150 = DEFINITIONAL_REPRESENTATION('',(#151),#155);
#151 = LINE('',#152,#153);
#152 = CARTESIAN_POINT('',(0.,0.));
#153 = VECTOR('',#154,1.);
#154 = DIRECTION('',(0.,-1.));
#155 = ( GEOMETRIC_REPRESENTATION_CONTEXT(2) 
PARAMETRIC_REPRESENTATION_CONTEXT() REPRESENTATION_CONTEXT('2D SPACE',''
  ) );
#156 = PCURVE('',#157,#162);
#157 = PLANE('',#158);
#158 = AXIS2_PLACEMENT_3D('',#159,#160,#161);
#159 = CARTESIAN_POINT('',(595.,-30.,529.));
#160 = DIRECTION('',(0.,0.,1.));
#161 = DIRECTION('',(1.,0.,-0.));
#162 = DEFINITIONAL_REPRESENTATION('',(#163),#167);
#163 = LINE('',#164,#165);
#164 = CARTESIAN_POINT('',(0.,0.));
#165 = VECTOR('',#166,1.);
#166 = DIRECTION('',(0.,1.));
#167 = ( GEOMETRIC_REPRESENTATION_CONTEXT(2) 
PARAMETRIC_REPRESENTATION_CONTEXT() REPRESENTATION_CONTEXT('2D SPACE',''
  ) );
#168 = ORIENTED_EDGE('',*,*,#169,.T.);
#169 = EDGE_CURVE('',#142,#24,#170,.T.);
#170 = SURFACE_CURVE('',#171,(#175,#182),.PCURVE_S1.);
#171 = LINE('',#172,#173);
#172 = CARTESIAN_POINT('',(595.,30.,529.));
#173 = VECTOR('',#174,1.);
#174 = DIRECTION('',(0.,0.,1.));
#175 = PCURVE('',#32,#176);
#176 = DEFINITIONAL_REPRESENTATION('',(#177),#181);
#177 = LINE('',#178,#179);
#178 = CARTESIAN_POINT('',(0.,-60.));
#179 = VECTOR('',#180,1.);
#180 = DIRECTION('',(1.,0.));
#181 = ( GEOMETRIC_REPRESENTATION_CONTEXT(2) 
PARAMETRIC_REPRESENTATION_CONTEXT() REPRESENTATION_CONTEXT('2D SPACE',''
  ) );
#182 = PCURVE('',#183,#188);
#183 = PLANE('',#184);
#184 = AXIS2_PLACEMENT_3D('',#185,#186,#187);
#185 = CARTESIAN_POINT('',(595.,30.,529.));
#186 = DIRECTION('',(-0.,1.,0.));
#187 = DIRECTION('',(0.,0.,1.));
#188 = DEFINITIONAL_REPRESENTATION('',(#189),#193);
#189 = LINE('',#190,#191);
#190 = CARTESIAN_POINT('',(0.,0.));
#191 = VECTOR('',#192,1.);
#192 = DIRECTION('',(1.,0.));
#193 = ( GEOMETRIC_REPRESENTATION_CONTEXT(2) 
PARAMETRIC_REPRESENTATION_CONTEXT() REPRESENTATION_CONTEXT('2D SPACE',''
  ) );
#194 = ADVANCED_FACE('',(#195,#270,#301,#332,#363,#394,#425,#456,#487),
  #44,.T.);
#195 = FACE_BOUND('',#196,.T.);
#196 = EDGE_LOOP('',(#197,#198,#221,#249));
#197 = ORIENTED_EDGE('',*,*,#21,.F.);
#198 = ORIENTED_EDGE('',*,*,#199,.T.);
#199 = EDGE_CURVE('',#22,#200,#202,.T.);
#200 = VERTEX_POINT('',#201);
#201 = CARTESIAN_POINT('',(645.,-30.,555.));
#202 = SURFACE_CURVE('',#203,(#207,#214),.PCURVE_S1.);
#203 = LINE('',#204,#205);
#204 = CARTESIAN_POINT('',(595.,-30.,555.));
#205 = VECTOR('',#206,1.);
#206 = DIRECTION('',(1.,0.,-0.));
#207 = PCURVE('',#44,#208);
#208 = DEFINITIONAL_REPRESENTATION('',(#209),#213);
#209 = LINE('',#210,#211);
#210 = CARTESIAN_POINT('',(0.,0.));
#211 = VECTOR('',#212,1.);
#212 = DIRECTION('',(1.,0.));
#213 = ( GEOMETRIC_REPRESENTATION_CONTEXT(2) 
PARAMETRIC_REPRESENTATION_CONTEXT() REPRESENTATION_CONTEXT('2D SPACE',''
  ) );
#214 = PCURVE('',#72,#215);
#215 = DEFINITIONAL_REPRESENTATION('',(#216),#220);
#216 = LINE('',#217,#218);
#217 = CARTESIAN_POINT('',(26.,0.));
#218 = VECTOR('',#219,1.);
#219 = DIRECTION('',(0.,1.));
#220 = ( GEOMETRIC_REPRESENTATION_CONTEXT(2) 
PARAMETRIC_REPRESENTATION_CONTEXT() REPRESENTATION_CONTEXT('2D SPACE',''
  ) );
#221 = ORIENTED_EDGE('',*,*,#222,.T.);
#222 = EDGE_CURVE('',#200,#223,#225,.T.);
#223 = VERTEX_POINT('',#224);
#224 = CARTESIAN_POINT('',(645.,30.,555.));
#225 = SURFACE_CURVE('',#226,(#230,#237),.PCURVE_S1.);
#226 = LINE('',#227,#228);
#227 = CARTESIAN_POINT('',(645.,-30.,555.));
#228 = VECTOR('',#229,1.);
#229 = DIRECTION('',(-0.,1.,0.));
#230 = PCURVE('',#44,#231);
#231 = DEFINITIONAL_REPRESENTATION('',(#232),#236);
#232 = LINE('',#233,#234);
#233 = CARTESIAN_POINT('',(50.,0.));
#234 = VECTOR('',#235,1.);
#235 = DIRECTION('',(0.,1.));
#236 = ( GEOMETRIC_REPRESENTATION_CONTEXT(2) 
PARAMETRIC_REPRESENTATION_CONTEXT() REPRESENTATION_CONTEXT('2D SPACE',''
  ) );
#237 = PCURVE('',#238,#243);
#238 = PLANE('',#239);
#239 = AXIS2_PLACEMENT_3D('',#240,#241,#242);
#240 = CARTESIAN_POINT('',(645.,-30.,529.));
#241 = DIRECTION('',(1.,0.,-0.));
#242 = DIRECTION('',(0.,0.,1.));
#243 = DEFINITIONAL_REPRESENTATION('',(#244),#248);
#244 = LINE('',#245,#246);
#245 = CARTESIAN_POINT('',(26.,0.));
#246 = VECTOR('',#247,1.);
#247 = DIRECTION('',(0.,-1.));
#248 = ( GEOMETRIC_REPRESENTATION_CONTEXT(2) 
PARAMETRIC_REPRESENTATION_CONTEXT() REPRESENTATION_CONTEXT('2D SPACE',''
  ) );
#249 = ORIENTED_EDGE('',*,*,#250,.F.);
#250 = EDGE_CURVE('',#24,#223,#251,.T.);
#251 = SURFACE_CURVE('',#252,(#256,#263),.PCURVE_S1.);
#252 = LINE('',#253,#254);
#253 = CARTESIAN_POINT('',(595.,30.,555.));
#254 = VECTOR('',#255,1.);
#255 = DIRECTION('',(1.,0.,-0.));
#256 = PCURVE('',#44,#257);
#257 = DEFINITIONAL_REPRESENTATION('',(#258),#262);
#258 = LINE('',#259,#260);
#259 = CARTESIAN_POINT('',(0.,60.));
#260 = VECTOR('',#261,1.);
#261 = DIRECTION('',(1.,0.));
#262 = ( GEOMETRIC_REPRESENTATION_CONTEXT(2) 
PARAMETRIC_REPRESENTATION_CONTEXT() REPRESENTATION_CONTEXT('2D SPACE',''
  ) );
#263 = PCURVE('',#183,#264);
#264 = DEFINITIONAL_REPRESENTATION('',(#265),#269);
#265 = LINE('',#266,#267);
#266 = CARTESIAN_POINT('',(26.,0.));
#267 = VECTOR('',#268,1.);
#268 = DIRECTION('',(0.,1.));
#269 = ( GEOMETRIC_REPRESENTATION_CONTEXT(2) 
PARAMETRIC_REPRESENTATION_CONTEXT() REPRESENTATION_CONTEXT('2D SPACE',''
  ) );
#270 = FACE_BOUND('',#271,.T.);
#271 = EDGE_LOOP('',(#272));
#272 = ORIENTED_EDGE('',*,*,#273,.F.);
#273 = EDGE_CURVE('',#274,#274,#276,.T.);
#274 = VERTEX_POINT('',#275);
#275 = CARTESIAN_POINT('',(605.15,-25.5,555.));
#276 = SURFACE_CURVE('',#277,(#282,#289),.PCURVE_S1.);
#277 = CIRCLE('',#278,2.15);
#278 = AXIS2_PLACEMENT_3D('',#279,#280,#281);
#279 = CARTESIAN_POINT('',(603.,-25.5,555.));
#280 = DIRECTION('',(0.,0.,1.));
#281 = DIRECTION('',(1.,0.,-0.));
#282 = PCURVE('',#44,#283);
#283 = DEFINITIONAL_REPRESENTATION('',(#284),#288);
#284 = CIRCLE('',#285,2.15);
#285 = AXIS2_PLACEMENT_2D('',#286,#287);
#286 = CARTESIAN_POINT('',(8.,4.5));
#287 = DIRECTION('',(1.,0.));
#288 = ( GEOMETRIC_REPRESENTATION_CONTEXT(2) 
PARAMETRIC_REPRESENTATION_CONTEXT() REPRESENTATION_CONTEXT('2D SPACE',''
  ) );
#289 = PCURVE('',#290,#295);
#290 = CYLINDRICAL_SURFACE('',#291,2.15);
#291 = AXIS2_PLACEMENT_3D('',#292,#293,#294);
#292 = CARTESIAN_POINT('',(603.,-25.5,477.));
#293 = DIRECTION('',(0.,0.,1.));
#294 = DIRECTION('',(1.,0.,-0.));
#295 = DEFINITIONAL_REPRESENTATION('',(#296),#300);
#296 = LINE('',#297,#298);
#297 = CARTESIAN_POINT('',(0.,78.));
#298 = VECTOR('',#299,1.);
#299 = DIRECTION('',(1.,0.));
#300 = ( GEOMETRIC_REPRESENTATION_CONTEXT(2) 
PARAMETRIC_REPRESENTATION_CONTEXT() REPRESENTATION_CONTEXT('2D SPACE',''
  ) );
#301 = FACE_BOUND('',#302,.T.);
#302 = EDGE_LOOP('',(#303));
#303 = ORIENTED_EDGE('',*,*,#304,.F.);
#304 = EDGE_CURVE('',#305,#305,#307,.T.);
#305 = VERTEX_POINT('',#306);
#306 = CARTESIAN_POINT('',(609.27563132923,-12.37436867076,555.));
#307 = SURFACE_CURVE('',#308,(#313,#320),.PCURVE_S1.);
#308 = CIRCLE('',#309,1.65);
#309 = AXIS2_PLACEMENT_3D('',#310,#311,#312);
#310 = CARTESIAN_POINT('',(607.62563132923,-12.37436867076,555.));
#311 = DIRECTION('',(0.,0.,1.));
#312 = DIRECTION('',(1.,0.,-0.));
#313 = PCURVE('',#44,#314);
#314 = DEFINITIONAL_REPRESENTATION('',(#315),#319);
#315 = CIRCLE('',#316,1.65);
#316 = AXIS2_PLACEMENT_2D('',#317,#318);
#317 = CARTESIAN_POINT('',(12.625631329235,17.625631329235));
#318 = DIRECTION('',(1.,0.));
#319 = ( GEOMETRIC_REPRESENTATION_CONTEXT(2) 
PARAMETRIC_REPRESENTATION_CONTEXT() REPRESENTATION_CONTEXT('2D SPACE',''
  ) );
#320 = PCURVE('',#321,#326);
#321 = CYLINDRICAL_SURFACE('',#322,1.65);
#322 = AXIS2_PLACEMENT_3D('',#323,#324,#325);
#323 = CARTESIAN_POINT('',(607.62563132923,-12.37436867076,546.));
#324 = DIRECTION('',(0.,0.,1.));
#325 = DIRECTION('',(1.,0.,-0.));
#326 = DEFINITIONAL_REPRESENTATION('',(#327),#331);
#327 = LINE('',#328,#329);
#328 = CARTESIAN_POINT('',(0.,9.));
#329 = VECTOR('',#330,1.);
#330 = DIRECTION('',(1.,0.));
#331 = ( GEOMETRIC_REPRESENTATION_CONTEXT(2) 
PARAMETRIC_REPRESENTATION_CONTEXT() REPRESENTATION_CONTEXT('2D SPACE',''
  ) );
#332 = FACE_BOUND('',#333,.T.);
#333 = EDGE_LOOP('',(#334));
#334 = ORIENTED_EDGE('',*,*,#335,.F.);
#335 = EDGE_CURVE('',#336,#336,#338,.T.);
#336 = VERTEX_POINT('',#337);
#337 = CARTESIAN_POINT('',(639.15,-25.5,555.));
#338 = SURFACE_CURVE('',#339,(#344,#351),.PCURVE_S1.);
#339 = CIRCLE('',#340,2.15);
#340 = AXIS2_PLACEMENT_3D('',#341,#342,#343);
#341 = CARTESIAN_POINT('',(637.,-25.5,555.));
#342 = DIRECTION('',(0.,0.,1.));
#343 = DIRECTION('',(1.,0.,-0.));
#344 = PCURVE('',#44,#345);
#345 = DEFINITIONAL_REPRESENTATION('',(#346),#350);
#346 = CIRCLE('',#347,2.15);
#347 = AXIS2_PLACEMENT_2D('',#348,#349);
#348 = CARTESIAN_POINT('',(42.,4.5));
#349 = DIRECTION('',(1.,0.));
#350 = ( GEOMETRIC_REPRESENTATION_CONTEXT(2) 
PARAMETRIC_REPRESENTATION_CONTEXT() REPRESENTATION_CONTEXT('2D SPACE',''
  ) );
#351 = PCURVE('',#352,#357);
#352 = CYLINDRICAL_SURFACE('',#353,2.15);
#353 = AXIS2_PLACEMENT_3D('',#354,#355,#356);
#354 = CARTESIAN_POINT('',(637.,-25.5,477.));
#355 = DIRECTION('',(0.,0.,1.));
#356 = DIRECTION('',(1.,0.,-0.));
#357 = DEFINITIONAL_REPRESENTATION('',(#358),#362);
#358 = LINE('',#359,#360);
#359 = CARTESIAN_POINT('',(0.,78.));
#360 = VECTOR('',#361,1.);
#361 = DIRECTION('',(1.,0.));
#362 = ( GEOMETRIC_REPRESENTATION_CONTEXT(2) 
PARAMETRIC_REPRESENTATION_CONTEXT() REPRESENTATION_CONTEXT('2D SPACE',''
  ) );
#363 = FACE_BOUND('',#364,.T.);
#364 = EDGE_LOOP('',(#365));
#365 = ORIENTED_EDGE('',*,*,#366,.F.);
#366 = EDGE_CURVE('',#367,#367,#369,.T.);
#367 = VERTEX_POINT('',#368);
#368 = CARTESIAN_POINT('',(634.02436867076,-12.37436867076,555.));
#369 = SURFACE_CURVE('',#370,(#375,#382),.PCURVE_S1.);
#370 = CIRCLE('',#371,1.65);
#371 = AXIS2_PLACEMENT_3D('',#372,#373,#374);
#372 = CARTESIAN_POINT('',(632.37436867076,-12.37436867076,555.));
#373 = DIRECTION('',(0.,0.,1.));
#374 = DIRECTION('',(1.,0.,-0.));
#375 = PCURVE('',#44,#376);
#376 = DEFINITIONAL_REPRESENTATION('',(#377),#381);
#377 = CIRCLE('',#378,1.65);
#378 = AXIS2_PLACEMENT_2D('',#379,#380);
#379 = CARTESIAN_POINT('',(37.374368670765,17.625631329235));
#380 = DIRECTION('',(1.,0.));
#381 = ( GEOMETRIC_REPRESENTATION_CONTEXT(2) 
PARAMETRIC_REPRESENTATION_CONTEXT() REPRESENTATION_CONTEXT('2D SPACE',''
  ) );
#382 = PCURVE('',#383,#388);
#383 = CYLINDRICAL_SURFACE('',#384,1.65);
#384 = AXIS2_PLACEMENT_3D('',#385,#386,#387);
#385 = CARTESIAN_POINT('',(632.37436867076,-12.37436867076,546.));
#386 = DIRECTION('',(0.,0.,1.));
#387 = DIRECTION('',(1.,0.,-0.));
#388 = DEFINITIONAL_REPRESENTATION('',(#389),#393);
#389 = LINE('',#390,#391);
#390 = CARTESIAN_POINT('',(0.,9.));
#391 = VECTOR('',#392,1.);
#392 = DIRECTION('',(1.,0.));
#393 = ( GEOMETRIC_REPRESENTATION_CONTEXT(2) 
PARAMETRIC_REPRESENTATION_CONTEXT() REPRESENTATION_CONTEXT('2D SPACE',''
  ) );
#394 = FACE_BOUND('',#395,.T.);
#395 = EDGE_LOOP('',(#396));
#396 = ORIENTED_EDGE('',*,*,#397,.F.);
#397 = EDGE_CURVE('',#398,#398,#400,.T.);
#398 = VERTEX_POINT('',#399);
#399 = CARTESIAN_POINT('',(609.27563132923,12.374368670765,555.));
#400 = SURFACE_CURVE('',#401,(#406,#413),.PCURVE_S1.);
#401 = CIRCLE('',#402,1.65);
#402 = AXIS2_PLACEMENT_3D('',#403,#404,#405);
#403 = CARTESIAN_POINT('',(607.62563132923,12.374368670765,555.));
#404 = DIRECTION('',(0.,0.,1.));
#405 = DIRECTION('',(1.,0.,-0.));
#406 = PCURVE('',#44,#407);
#407 = DEFINITIONAL_REPRESENTATION('',(#408),#412);
#408 = CIRCLE('',#409,1.65);
#409 = AXIS2_PLACEMENT_2D('',#410,#411);
#410 = CARTESIAN_POINT('',(12.625631329235,42.374368670765));
#411 = DIRECTION('',(1.,0.));
#412 = ( GEOMETRIC_REPRESENTATION_CONTEXT(2) 
PARAMETRIC_REPRESENTATION_CONTEXT() REPRESENTATION_CONTEXT('2D SPACE',''
  ) );
#413 = PCURVE('',#414,#419);
#414 = CYLINDRICAL_SURFACE('',#415,1.65);
#415 = AXIS2_PLACEMENT_3D('',#416,#417,#418);
#416 = CARTESIAN_POINT('',(607.62563132923,12.374368670765,546.));
#417 = DIRECTION('',(0.,0.,1.));
#418 = DIRECTION('',(1.,0.,-0.));
#419 = DEFINITIONAL_REPRESENTATION('',(#420),#424);
#420 = LINE('',#421,#422);
#421 = CARTESIAN_POINT('',(0.,9.));
#422 = VECTOR('',#423,1.);
#423 = DIRECTION('',(1.,0.));
#424 = ( GEOMETRIC_REPRESENTATION_CONTEXT(2) 
PARAMETRIC_REPRESENTATION_CONTEXT() REPRESENTATION_CONTEXT('2D SPACE',''
  ) );
#425 = FACE_BOUND('',#426,.T.);
#426 = EDGE_LOOP('',(#427));
#427 = ORIENTED_EDGE('',*,*,#428,.F.);
#428 = EDGE_CURVE('',#429,#429,#431,.T.);
#429 = VERTEX_POINT('',#430);
#430 = CARTESIAN_POINT('',(605.15,25.5,555.));
#431 = SURFACE_CURVE('',#432,(#437,#444),.PCURVE_S1.);
#432 = CIRCLE('',#433,2.15);
#433 = AXIS2_PLACEMENT_3D('',#434,#435,#436);
#434 = CARTESIAN_POINT('',(603.,25.5,555.));
#435 = DIRECTION('',(0.,0.,1.));
#436 = DIRECTION('',(1.,0.,-0.));
#437 = PCURVE('',#44,#438);
#438 = DEFINITIONAL_REPRESENTATION('',(#439),#443);
#439 = CIRCLE('',#440,2.15);
#440 = AXIS2_PLACEMENT_2D('',#441,#442);
#441 = CARTESIAN_POINT('',(8.,55.5));
#442 = DIRECTION('',(1.,0.));
#443 = ( GEOMETRIC_REPRESENTATION_CONTEXT(2) 
PARAMETRIC_REPRESENTATION_CONTEXT() REPRESENTATION_CONTEXT('2D SPACE',''
  ) );
#444 = PCURVE('',#445,#450);
#445 = CYLINDRICAL_SURFACE('',#446,2.15);
#446 = AXIS2_PLACEMENT_3D('',#447,#448,#449);
#447 = CARTESIAN_POINT('',(603.,25.5,477.));
#448 = DIRECTION('',(0.,0.,1.));
#449 = DIRECTION('',(1.,0.,-0.));
#450 = DEFINITIONAL_REPRESENTATION('',(#451),#455);
#451 = LINE('',#452,#453);
#452 = CARTESIAN_POINT('',(0.,78.));
#453 = VECTOR('',#454,1.);
#454 = DIRECTION('',(1.,0.));
#455 = ( GEOMETRIC_REPRESENTATION_CONTEXT(2) 
PARAMETRIC_REPRESENTATION_CONTEXT() REPRESENTATION_CONTEXT('2D SPACE',''
  ) );
#456 = FACE_BOUND('',#457,.T.);
#457 = EDGE_LOOP('',(#458));
#458 = ORIENTED_EDGE('',*,*,#459,.F.);
#459 = EDGE_CURVE('',#460,#460,#462,.T.);
#460 = VERTEX_POINT('',#461);
#461 = CARTESIAN_POINT('',(634.02436867076,12.374368670765,555.));
#462 = SURFACE_CURVE('',#463,(#468,#475),.PCURVE_S1.);
#463 = CIRCLE('',#464,1.65);
#464 = AXIS2_PLACEMENT_3D('',#465,#466,#467);
#465 = CARTESIAN_POINT('',(632.37436867076,12.374368670765,555.));
#466 = DIRECTION('',(0.,0.,1.));
#467 = DIRECTION('',(1.,0.,-0.));
#468 = PCURVE('',#44,#469);
#469 = DEFINITIONAL_REPRESENTATION('',(#470),#474);
#470 = CIRCLE('',#471,1.65);
#471 = AXIS2_PLACEMENT_2D('',#472,#473);
#472 = CARTESIAN_POINT('',(37.374368670765,42.374368670765));
#473 = DIRECTION('',(1.,0.));
#474 = ( GEOMETRIC_REPRESENTATION_CONTEXT(2) 
PARAMETRIC_REPRESENTATION_CONTEXT() REPRESENTATION_CONTEXT('2D SPACE',''
  ) );
#475 = PCURVE('',#476,#481);
#476 = CYLINDRICAL_SURFACE('',#477,1.65);
#477 = AXIS2_PLACEMENT_3D('',#478,#479,#480);
#478 = CARTESIAN_POINT('',(632.37436867076,12.374368670765,546.));
#479 = DIRECTION('',(0.,0.,1.));
#480 = DIRECTION('',(1.,0.,-0.));
#481 = DEFINITIONAL_REPRESENTATION('',(#482),#486);
#482 = LINE('',#483,#484);
#483 = CARTESIAN_POINT('',(0.,9.));
#484 = VECTOR('',#485,1.);
#485 = DIRECTION('',(1.,0.));
#486 = ( GEOMETRIC_REPRESENTATION_CONTEXT(2) 
PARAMETRIC_REPRESENTATION_CONTEXT() REPRESENTATION_CONTEXT('2D SPACE',''
  ) );
#487 = FACE_BOUND('',#488,.T.);
#488 = EDGE_LOOP('',(#489));
#489 = ORIENTED_EDGE('',*,*,#490,.F.);
#490 = EDGE_CURVE('',#491,#491,#493,.T.);
#491 = VERTEX_POINT('',#492);
#492 = CARTESIAN_POINT('',(639.15,25.5,555.));
#493 = SURFACE_CURVE('',#494,(#499,#506),.PCURVE_S1.);
#494 = CIRCLE('',#495,2.15);
#495 = AXIS2_PLACEMENT_3D('',#496,#497,#498);
#496 = CARTESIAN_POINT('',(637.,25.5,555.));
#497 = DIRECTION('',(0.,0.,1.));
#498 = DIRECTION('',(1.,0.,-0.));
#499 = PCURVE('',#44,#500);
#500 = DEFINITIONAL_REPRESENTATION('',(#501),#505);
#501 = CIRCLE('',#502,2.15);
#502 = AXIS2_PLACEMENT_2D('',#503,#504);
#503 = CARTESIAN_POINT('',(42.,55.5));
#504 = DIRECTION('',(1.,0.));
#505 = ( GEOMETRIC_REPRESENTATION_CONTEXT(2) 
PARAMETRIC_REPRESENTATION_CONTEXT() REPRESENTATION_CONTEXT('2D SPACE',''
  ) );
#506 = PCURVE('',#507,#512);
#507 = CYLINDRICAL_SURFACE('',#508,2.15);
#508 = AXIS2_PLACEMENT_3D('',#509,#510,#511);
#509 = CARTESIAN_POINT('',(637.,25.5,477.));
#510 = DIRECTION('',(0.,0.,1.));
#511 = DIRECTION('',(1.,0.,-0.));
#512 = DEFINITIONAL_REPRESENTATION('',(#513),#517);
#513 = LINE('',#514,#515);
#514 = CARTESIAN_POINT('',(0.,78.));
#515 = VECTOR('',#516,1.);
#516 = DIRECTION('',(1.,0.));
#517 = ( GEOMETRIC_REPRESENTATION_CONTEXT(2) 
PARAMETRIC_REPRESENTATION_CONTEXT() REPRESENTATION_CONTEXT('2D SPACE',''
  ) );
#518 = ADVANCED_FACE('',(#519,#628),#183,.T.);
#519 = FACE_BOUND('',#520,.T.);
#520 = EDGE_LOOP('',(#521,#551,#584,#605,#606,#607));
#521 = ORIENTED_EDGE('',*,*,#522,.F.);
#522 = EDGE_CURVE('',#523,#525,#527,.T.);
#523 = VERTEX_POINT('',#524);
#524 = CARTESIAN_POINT('',(622.65,30.,529.));
#525 = VERTEX_POINT('',#526);
#526 = CARTESIAN_POINT('',(645.,30.,529.));
#527 = SURFACE_CURVE('',#528,(#532,#539),.PCURVE_S1.);
#528 = LINE('',#529,#530);
#529 = CARTESIAN_POINT('',(595.,30.,529.));
#530 = VECTOR('',#531,1.);
#531 = DIRECTION('',(1.,0.,-0.));
#532 = PCURVE('',#183,#533);
#533 = DEFINITIONAL_REPRESENTATION('',(#534),#538);
#534 = LINE('',#535,#536);
#535 = CARTESIAN_POINT('',(0.,0.));
#536 = VECTOR('',#537,1.);
#537 = DIRECTION('',(0.,1.));
#538 = ( GEOMETRIC_REPRESENTATION_CONTEXT(2) 
PARAMETRIC_REPRESENTATION_CONTEXT() REPRESENTATION_CONTEXT('2D SPACE',''
  ) );
#539 = PCURVE('',#540,#545);
#540 = PLANE('',#541);
#541 = AXIS2_PLACEMENT_3D('',#542,#543,#544);
#542 = CARTESIAN_POINT('',(595.,-30.,529.));
#543 = DIRECTION('',(0.,0.,1.));
#544 = DIRECTION('',(1.,0.,-0.));
#545 = DEFINITIONAL_REPRESENTATION('',(#546),#550);
#546 = LINE('',#547,#548);
#547 = CARTESIAN_POINT('',(0.,60.));
#548 = VECTOR('',#549,1.);
#549 = DIRECTION('',(1.,0.));
#550 = ( GEOMETRIC_REPRESENTATION_CONTEXT(2) 
PARAMETRIC_REPRESENTATION_CONTEXT() REPRESENTATION_CONTEXT('2D SPACE',''
  ) );
#551 = ORIENTED_EDGE('',*,*,#552,.T.);
#552 = EDGE_CURVE('',#523,#553,#555,.T.);
#553 = VERTEX_POINT('',#554);
#554 = CARTESIAN_POINT('',(617.35,30.,529.));
#555 = SURFACE_CURVE('',#556,(#561,#572),.PCURVE_S1.);
#556 = CIRCLE('',#557,2.65);
#557 = AXIS2_PLACEMENT_3D('',#558,#559,#560);
#558 = CARTESIAN_POINT('',(620.,30.,529.));
#559 = DIRECTION('',(0.,-1.,2.22044604925E-16));
#560 = DIRECTION('',(1.,0.,0.));
#561 = PCURVE('',#183,#562);
#562 = DEFINITIONAL_REPRESENTATION('',(#563),#571);
#563 = ( BOUNDED_CURVE() B_SPLINE_CURVE(2,(#564,#565,#566,#567,#568,#569
,#570),.UNSPECIFIED.,.T.,.F.) B_SPLINE_CURVE_WITH_KNOTS((1,2,2,2,2,1),(
    -2.094395102393,0.,2.094395102393,4.188790204786,6.28318530718,
8.377580409573),.UNSPECIFIED.) CURVE() GEOMETRIC_REPRESENTATION_ITEM() 
RATIONAL_B_SPLINE_CURVE((1.,0.5,1.,0.5,1.,0.5,1.)) REPRESENTATION_ITEM(
  '') );
#564 = CARTESIAN_POINT('',(0.,27.65));
#565 = CARTESIAN_POINT('',(4.589934640058,27.65));
#566 = CARTESIAN_POINT('',(2.294967320029,23.675));
#567 = CARTESIAN_POINT('',(6.490628035481E-16,19.7));
#568 = CARTESIAN_POINT('',(-2.294967320029,23.675));
#569 = CARTESIAN_POINT('',(-4.589934640058,27.65));
#570 = CARTESIAN_POINT('',(0.,27.65));
#571 = ( GEOMETRIC_REPRESENTATION_CONTEXT(2) 
PARAMETRIC_REPRESENTATION_CONTEXT() REPRESENTATION_CONTEXT('2D SPACE',''
  ) );
#572 = PCURVE('',#573,#578);
#573 = CYLINDRICAL_SURFACE('',#574,2.65);
#574 = AXIS2_PLACEMENT_3D('',#575,#576,#577);
#575 = CARTESIAN_POINT('',(620.,60.,529.));
#576 = DIRECTION('',(0.,-1.,2.22044604925E-16));
#577 = DIRECTION('',(1.,0.,0.));
#578 = DEFINITIONAL_REPRESENTATION('',(#579),#583);
#579 = LINE('',#580,#581);
#580 = CARTESIAN_POINT('',(0.,30.));
#581 = VECTOR('',#582,1.);
#582 = DIRECTION('',(1.,0.));
#583 = ( GEOMETRIC_REPRESENTATION_CONTEXT(2) 
PARAMETRIC_REPRESENTATION_CONTEXT() REPRESENTATION_CONTEXT('2D SPACE',''
  ) );
#584 = ORIENTED_EDGE('',*,*,#585,.F.);
#585 = EDGE_CURVE('',#142,#553,#586,.T.);
#586 = SURFACE_CURVE('',#587,(#591,#598),.PCURVE_S1.);
#587 = LINE('',#588,#589);
#588 = CARTESIAN_POINT('',(595.,30.,529.));
#589 = VECTOR('',#590,1.);
#590 = DIRECTION('',(1.,0.,-0.));
#591 = PCURVE('',#183,#592);
#592 = DEFINITIONAL_REPRESENTATION('',(#593),#597);
#593 = LINE('',#594,#595);
#594 = CARTESIAN_POINT('',(0.,0.));
#595 = VECTOR('',#596,1.);
#596 = DIRECTION('',(0.,1.));
#597 = ( GEOMETRIC_REPRESENTATION_CONTEXT(2) 
PARAMETRIC_REPRESENTATION_CONTEXT() REPRESENTATION_CONTEXT('2D SPACE',''
  ) );
#598 = PCURVE('',#157,#599);
#599 = DEFINITIONAL_REPRESENTATION('',(#600),#604);
#600 = LINE('',#601,#602);
#601 = CARTESIAN_POINT('',(0.,60.));
#602 = VECTOR('',#603,1.);
#603 = DIRECTION('',(1.,0.));
#604 = ( GEOMETRIC_REPRESENTATION_CONTEXT(2) 
PARAMETRIC_REPRESENTATION_CONTEXT() REPRESENTATION_CONTEXT('2D SPACE',''
  ) );
#605 = ORIENTED_EDGE('',*,*,#169,.T.);
#606 = ORIENTED_EDGE('',*,*,#250,.T.);
#607 = ORIENTED_EDGE('',*,*,#608,.F.);
#608 = EDGE_CURVE('',#525,#223,#609,.T.);
#609 = SURFACE_CURVE('',#610,(#614,#621),.PCURVE_S1.);
#610 = LINE('',#611,#612);
#611 = CARTESIAN_POINT('',(645.,30.,529.));
#612 = VECTOR('',#613,1.);
#613 = DIRECTION('',(0.,0.,1.));
#614 = PCURVE('',#183,#615);
#615 = DEFINITIONAL_REPRESENTATION('',(#616),#620);
#616 = LINE('',#617,#618);
#617 = CARTESIAN_POINT('',(0.,50.));
#618 = VECTOR('',#619,1.);
#619 = DIRECTION('',(1.,0.));
#620 = ( GEOMETRIC_REPRESENTATION_CONTEXT(2) 
PARAMETRIC_REPRESENTATION_CONTEXT() REPRESENTATION_CONTEXT('2D SPACE',''
  ) );
#621 = PCURVE('',#238,#622);
#622 = DEFINITIONAL_REPRESENTATION('',(#623),#627);
#623 = LINE('',#624,#625);
#624 = CARTESIAN_POINT('',(0.,-60.));
#625 = VECTOR('',#626,1.);
#626 = DIRECTION('',(1.,0.));
#627 = ( GEOMETRIC_REPRESENTATION_CONTEXT(2) 
PARAMETRIC_REPRESENTATION_CONTEXT() REPRESENTATION_CONTEXT('2D SPACE',''
  ) );
#628 = FACE_BOUND('',#629,.T.);
#629 = EDGE_LOOP('',(#630,#658,#684,#710));
#630 = ORIENTED_EDGE('',*,*,#631,.F.);
#631 = EDGE_CURVE('',#632,#634,#636,.T.);
#632 = VERTEX_POINT('',#633);
#633 = CARTESIAN_POINT('',(609.65,30.,550.5));
#634 = VERTEX_POINT('',#635);
#635 = CARTESIAN_POINT('',(630.35,30.,550.5));
#636 = SURFACE_CURVE('',#637,(#641,#647),.PCURVE_S1.);
#637 = LINE('',#638,#639);
#638 = CARTESIAN_POINT('',(602.325,30.,550.5));
#639 = VECTOR('',#640,1.);
#640 = DIRECTION('',(1.,0.,-0.));
#641 = PCURVE('',#183,#642);
#642 = DEFINITIONAL_REPRESENTATION('',(#643),#646);
#643 = B_SPLINE_CURVE_WITH_KNOTS('',1,(#644,#645),.UNSPECIFIED.,.F.,.F.,
  (2,2),(7.325,28.025),.PIECEWISE_BEZIER_KNOTS.);
#644 = CARTESIAN_POINT('',(21.5,14.65));
#645 = CARTESIAN_POINT('',(21.5,35.35));
#646 = ( GEOMETRIC_REPRESENTATION_CONTEXT(2) 
PARAMETRIC_REPRESENTATION_CONTEXT() REPRESENTATION_CONTEXT('2D SPACE',''
  ) );
#647 = PCURVE('',#648,#653);
#648 = PLANE('',#649);
#649 = AXIS2_PLACEMENT_3D('',#650,#651,#652);
#650 = CARTESIAN_POINT('',(609.65,24.6,550.5));
#651 = DIRECTION('',(0.,0.,1.));
#652 = DIRECTION('',(1.,0.,-0.));
#653 = DEFINITIONAL_REPRESENTATION('',(#654),#657);
#654 = B_SPLINE_CURVE_WITH_KNOTS('',1,(#655,#656),.UNSPECIFIED.,.F.,.F.,
  (2,2),(7.325,28.025),.PIECEWISE_BEZIER_KNOTS.);
#655 = CARTESIAN_POINT('',(0.,5.4));
#656 = CARTESIAN_POINT('',(20.7,5.4));
#657 = ( GEOMETRIC_REPRESENTATION_CONTEXT(2) 
PARAMETRIC_REPRESENTATION_CONTEXT() REPRESENTATION_CONTEXT('2D SPACE',''
  ) );
#658 = ORIENTED_EDGE('',*,*,#659,.T.);
#659 = EDGE_CURVE('',#632,#660,#662,.T.);
#660 = VERTEX_POINT('',#661);
#661 = CARTESIAN_POINT('',(609.65,30.,533.5));
#662 = SURFACE_CURVE('',#663,(#667,#673),.PCURVE_S1.);
#663 = LINE('',#664,#665);
#664 = CARTESIAN_POINT('',(609.65,30.,531.25));
#665 = VECTOR('',#666,1.);
#666 = DIRECTION('',(-0.,0.,-1.));
#667 = PCURVE('',#183,#668);
#668 = DEFINITIONAL_REPRESENTATION('',(#669),#672);
#669 = B_SPLINE_CURVE_WITH_KNOTS('',1,(#670,#671),.UNSPECIFIED.,.F.,.F.,
  (2,2),(-19.25,-2.25),.PIECEWISE_BEZIER_KNOTS.);
#670 = CARTESIAN_POINT('',(21.5,14.65));
#671 = CARTESIAN_POINT('',(4.5,14.65));
#672 = ( GEOMETRIC_REPRESENTATION_CONTEXT(2) 
PARAMETRIC_REPRESENTATION_CONTEXT() REPRESENTATION_CONTEXT('2D SPACE',''
  ) );
#673 = PCURVE('',#674,#679);
#674 = PLANE('',#675);
#675 = AXIS2_PLACEMENT_3D('',#676,#677,#678);
#676 = CARTESIAN_POINT('',(609.65,24.6,533.5));
#677 = DIRECTION('',(1.,0.,-0.));
#678 = DIRECTION('',(0.,0.,1.));
#679 = DEFINITIONAL_REPRESENTATION('',(#680),#683);
#680 = B_SPLINE_CURVE_WITH_KNOTS('',1,(#681,#682),.UNSPECIFIED.,.F.,.F.,
  (2,2),(-19.25,-2.25),.PIECEWISE_BEZIER_KNOTS.);
#681 = CARTESIAN_POINT('',(17.,-5.4));
#682 = CARTESIAN_POINT('',(0.,-5.4));
#683 = ( GEOMETRIC_REPRESENTATION_CONTEXT(2) 
PARAMETRIC_REPRESENTATION_CONTEXT() REPRESENTATION_CONTEXT('2D SPACE',''
  ) );
#684 = ORIENTED_EDGE('',*,*,#685,.T.);
#685 = EDGE_CURVE('',#660,#686,#688,.T.);
#686 = VERTEX_POINT('',#687);
#687 = CARTESIAN_POINT('',(630.35,30.,533.5));
#688 = SURFACE_CURVE('',#689,(#693,#699),.PCURVE_S1.);
#689 = LINE('',#690,#691);
#690 = CARTESIAN_POINT('',(602.325,30.,533.5));
#691 = VECTOR('',#692,1.);
#692 = DIRECTION('',(1.,0.,-0.));
#693 = PCURVE('',#183,#694);
#694 = DEFINITIONAL_REPRESENTATION('',(#695),#698);
#695 = B_SPLINE_CURVE_WITH_KNOTS('',1,(#696,#697),.UNSPECIFIED.,.F.,.F.,
  (2,2),(7.325,28.025),.PIECEWISE_BEZIER_KNOTS.);
#696 = CARTESIAN_POINT('',(4.5,14.65));
#697 = CARTESIAN_POINT('',(4.5,35.35));
#698 = ( GEOMETRIC_REPRESENTATION_CONTEXT(2) 
PARAMETRIC_REPRESENTATION_CONTEXT() REPRESENTATION_CONTEXT('2D SPACE',''
  ) );
#699 = PCURVE('',#700,#705);
#700 = PLANE('',#701);
#701 = AXIS2_PLACEMENT_3D('',#702,#703,#704);
#702 = CARTESIAN_POINT('',(609.65,24.6,533.5));
#703 = DIRECTION('',(0.,0.,1.));
#704 = DIRECTION('',(1.,0.,-0.));
#705 = DEFINITIONAL_REPRESENTATION('',(#706),#709);
#706 = B_SPLINE_CURVE_WITH_KNOTS('',1,(#707,#708),.UNSPECIFIED.,.F.,.F.,
  (2,2),(7.325,28.025),.PIECEWISE_BEZIER_KNOTS.);
#707 = CARTESIAN_POINT('',(0.,5.4));
#708 = CARTESIAN_POINT('',(20.7,5.4));
#709 = ( GEOMETRIC_REPRESENTATION_CONTEXT(2) 
PARAMETRIC_REPRESENTATION_CONTEXT() REPRESENTATION_CONTEXT('2D SPACE',''
  ) );
#710 = ORIENTED_EDGE('',*,*,#711,.F.);
#711 = EDGE_CURVE('',#634,#686,#712,.T.);
#712 = SURFACE_CURVE('',#713,(#717,#723),.PCURVE_S1.);
#713 = LINE('',#714,#715);
#714 = CARTESIAN_POINT('',(630.35,30.,531.25));
#715 = VECTOR('',#716,1.);
#716 = DIRECTION('',(-0.,0.,-1.));
#717 = PCURVE('',#183,#718);
#718 = DEFINITIONAL_REPRESENTATION('',(#719),#722);
#719 = B_SPLINE_CURVE_WITH_KNOTS('',1,(#720,#721),.UNSPECIFIED.,.F.,.F.,
  (2,2),(-19.25,-2.25),.PIECEWISE_BEZIER_KNOTS.);
#720 = CARTESIAN_POINT('',(21.5,35.35));
#721 = CARTESIAN_POINT('',(4.5,35.35));
#722 = ( GEOMETRIC_REPRESENTATION_CONTEXT(2) 
PARAMETRIC_REPRESENTATION_CONTEXT() REPRESENTATION_CONTEXT('2D SPACE',''
  ) );
#723 = PCURVE('',#724,#729);
#724 = PLANE('',#725);
#725 = AXIS2_PLACEMENT_3D('',#726,#727,#728);
#726 = CARTESIAN_POINT('',(630.35,24.6,533.5));
#727 = DIRECTION('',(1.,0.,-0.));
#728 = DIRECTION('',(0.,0.,1.));
#729 = DEFINITIONAL_REPRESENTATION('',(#730),#733);
#730 = B_SPLINE_CURVE_WITH_KNOTS('',1,(#731,#732),.UNSPECIFIED.,.F.,.F.,
  (2,2),(-19.25,-2.25),.PIECEWISE_BEZIER_KNOTS.);
#731 = CARTESIAN_POINT('',(17.,-5.4));
#732 = CARTESIAN_POINT('',(0.,-5.4));
#733 = ( GEOMETRIC_REPRESENTATION_CONTEXT(2) 
PARAMETRIC_REPRESENTATION_CONTEXT() REPRESENTATION_CONTEXT('2D SPACE',''
  ) );
#734 = ADVANCED_FACE('',(#735,#779),#157,.F.);
#735 = FACE_BOUND('',#736,.F.);
#736 = EDGE_LOOP('',(#737,#738,#759,#778));
#737 = ORIENTED_EDGE('',*,*,#141,.F.);
#738 = ORIENTED_EDGE('',*,*,#739,.T.);
#739 = EDGE_CURVE('',#113,#740,#742,.T.);
#740 = VERTEX_POINT('',#741);
#741 = CARTESIAN_POINT('',(617.35,20.1,529.));
#742 = SURFACE_CURVE('',#743,(#747,#753),.PCURVE_S1.);
#743 = LINE('',#744,#745);
#744 = CARTESIAN_POINT('',(594.,20.1,529.));
#745 = VECTOR('',#746,1.);
#746 = DIRECTION('',(1.,0.,2.22044604925E-16));
#747 = PCURVE('',#157,#748);
#748 = DEFINITIONAL_REPRESENTATION('',(#749),#752);
#749 = B_SPLINE_CURVE_WITH_KNOTS('',1,(#750,#751),.UNSPECIFIED.,.F.,.F.,
  (2,2),(-6.000000212225E-07,52.0000006),.PIECEWISE_BEZIER_KNOTS.);
#750 = CARTESIAN_POINT('',(-1.0000006,50.1));
#751 = CARTESIAN_POINT('',(51.0000006,50.1));
#752 = ( GEOMETRIC_REPRESENTATION_CONTEXT(2) 
PARAMETRIC_REPRESENTATION_CONTEXT() REPRESENTATION_CONTEXT('2D SPACE',''
  ) );
#753 = PCURVE('',#129,#754);
#754 = DEFINITIONAL_REPRESENTATION('',(#755),#758);
#755 = B_SPLINE_CURVE_WITH_KNOTS('',1,(#756,#757),.UNSPECIFIED.,.F.,.F.,
  (2,2),(-6.000000212225E-07,52.0000006),.PIECEWISE_BEZIER_KNOTS.);
#756 = CARTESIAN_POINT('',(1.570796326795,-6.000000212225E-07));
#757 = CARTESIAN_POINT('',(1.570796326795,52.0000006));
#758 = ( GEOMETRIC_REPRESENTATION_CONTEXT(2) 
PARAMETRIC_REPRESENTATION_CONTEXT() REPRESENTATION_CONTEXT('2D SPACE',''
  ) );
#759 = ORIENTED_EDGE('',*,*,#760,.F.);
#760 = EDGE_CURVE('',#553,#740,#761,.T.);
#761 = SURFACE_CURVE('',#762,(#766,#772),.PCURVE_S1.);
#762 = LINE('',#763,#764);
#763 = CARTESIAN_POINT('',(617.35,60.,529.));
#764 = VECTOR('',#765,1.);
#765 = DIRECTION('',(0.,-1.,2.22044604925E-16));
#766 = PCURVE('',#157,#767);
#767 = DEFINITIONAL_REPRESENTATION('',(#768),#771);
#768 = B_SPLINE_CURVE_WITH_KNOTS('',1,(#769,#770),.UNSPECIFIED.,.F.,.F.,
  (2,2),(29.01,40.89),.PIECEWISE_BEZIER_KNOTS.);
#769 = CARTESIAN_POINT('',(22.35,60.99));
#770 = CARTESIAN_POINT('',(22.35,49.11));
#771 = ( GEOMETRIC_REPRESENTATION_CONTEXT(2) 
PARAMETRIC_REPRESENTATION_CONTEXT() REPRESENTATION_CONTEXT('2D SPACE',''
  ) );
#772 = PCURVE('',#573,#773);
#773 = DEFINITIONAL_REPRESENTATION('',(#774),#777);
#774 = B_SPLINE_CURVE_WITH_KNOTS('',1,(#775,#776),.UNSPECIFIED.,.F.,.F.,
  (2,2),(29.01,40.89),.PIECEWISE_BEZIER_KNOTS.);
#775 = CARTESIAN_POINT('',(3.14159265359,29.01));
#776 = CARTESIAN_POINT('',(3.14159265359,40.89));
#777 = ( GEOMETRIC_REPRESENTATION_CONTEXT(2) 
PARAMETRIC_REPRESENTATION_CONTEXT() REPRESENTATION_CONTEXT('2D SPACE',''
  ) );
#778 = ORIENTED_EDGE('',*,*,#585,.F.);
#779 = FACE_BOUND('',#780,.F.);
#780 = EDGE_LOOP('',(#781));
#781 = ORIENTED_EDGE('',*,*,#782,.F.);
#782 = EDGE_CURVE('',#783,#783,#785,.T.);
#783 = VERTEX_POINT('',#784);
#784 = CARTESIAN_POINT('',(605.15,25.5,529.));
#785 = SURFACE_CURVE('',#786,(#791,#798),.PCURVE_S1.);
#786 = CIRCLE('',#787,2.15);
#787 = AXIS2_PLACEMENT_3D('',#788,#789,#790);
#788 = CARTESIAN_POINT('',(603.,25.5,529.));
#789 = DIRECTION('',(0.,0.,1.));
#790 = DIRECTION('',(1.,0.,-0.));
#791 = PCURVE('',#157,#792);
#792 = DEFINITIONAL_REPRESENTATION('',(#793),#797);
#793 = CIRCLE('',#794,2.15);
#794 = AXIS2_PLACEMENT_2D('',#795,#796);
#795 = CARTESIAN_POINT('',(8.,55.5));
#796 = DIRECTION('',(1.,0.));
#797 = ( GEOMETRIC_REPRESENTATION_CONTEXT(2) 
PARAMETRIC_REPRESENTATION_CONTEXT() REPRESENTATION_CONTEXT('2D SPACE',''
  ) );
#798 = PCURVE('',#445,#799);
#799 = DEFINITIONAL_REPRESENTATION('',(#800),#804);
#800 = LINE('',#801,#802);
#801 = CARTESIAN_POINT('',(0.,52.));
#802 = VECTOR('',#803,1.);
#803 = DIRECTION('',(1.,0.));
#804 = ( GEOMETRIC_REPRESENTATION_CONTEXT(2) 
PARAMETRIC_REPRESENTATION_CONTEXT() REPRESENTATION_CONTEXT('2D SPACE',''
  ) );
#805 = ADVANCED_FACE('',(#806),#129,.F.);
#806 = FACE_BOUND('',#807,.F.);
#807 = EDGE_LOOP('',(#808,#831,#921,#922,#923,#944,#1041,#1067));
#808 = ORIENTED_EDGE('',*,*,#809,.F.);
#809 = EDGE_CURVE('',#810,#812,#814,.T.);
#810 = VERTEX_POINT('',#811);
#811 = CARTESIAN_POINT('',(622.65,20.1,529.));
#812 = VERTEX_POINT('',#813);
#813 = CARTESIAN_POINT('',(645.,20.1,529.));
#814 = SURFACE_CURVE('',#815,(#819,#825),.PCURVE_S1.);
#815 = LINE('',#816,#817);
#816 = CARTESIAN_POINT('',(594.,20.1,529.));
#817 = VECTOR('',#818,1.);
#818 = DIRECTION('',(1.,0.,2.22044604925E-16));
#819 = PCURVE('',#129,#820);
#820 = DEFINITIONAL_REPRESENTATION('',(#821),#824);
#821 = B_SPLINE_CURVE_WITH_KNOTS('',1,(#822,#823),.UNSPECIFIED.,.F.,.F.,
  (2,2),(-6.000000212225E-07,52.0000006),.PIECEWISE_BEZIER_KNOTS.);
#822 = CARTESIAN_POINT('',(1.570796326795,-6.000000212225E-07));
#823 = CARTESIAN_POINT('',(1.570796326795,52.0000006));
#824 = ( GEOMETRIC_REPRESENTATION_CONTEXT(2) 
PARAMETRIC_REPRESENTATION_CONTEXT() REPRESENTATION_CONTEXT('2D SPACE',''
  ) );
#825 = PCURVE('',#540,#826);
#826 = DEFINITIONAL_REPRESENTATION('',(#827),#830);
#827 = B_SPLINE_CURVE_WITH_KNOTS('',1,(#828,#829),.UNSPECIFIED.,.F.,.F.,
  (2,2),(-6.000000212225E-07,52.0000006),.PIECEWISE_BEZIER_KNOTS.);
#828 = CARTESIAN_POINT('',(-1.0000006,50.1));
#829 = CARTESIAN_POINT('',(51.0000006,50.1));
#830 = ( GEOMETRIC_REPRESENTATION_CONTEXT(2) 
PARAMETRIC_REPRESENTATION_CONTEXT() REPRESENTATION_CONTEXT('2D SPACE',''
  ) );
#831 = ORIENTED_EDGE('',*,*,#832,.T.);
#832 = EDGE_CURVE('',#810,#740,#833,.T.);
#833 = SURFACE_CURVE('',#834,(#861,#891),.PCURVE_S1.);
#834 = B_SPLINE_CURVE_WITH_KNOTS('',7,(#835,#836,#837,#838,#839,#840,
    #841,#842,#843,#844,#845,#846,#847,#848,#849,#850,#851,#852,#853,
    #854,#855,#856,#857,#858,#859,#860),.UNSPECIFIED.,.F.,.F.,(8,6,6,6,8
    ),(0.,0.247711192227,0.499996435772,0.752294194854,1.),
  .UNSPECIFIED.);
#835 = CARTESIAN_POINT('',(622.65,20.1,529.));
#836 = CARTESIAN_POINT('',(622.65,20.1,529.35997575566));
#837 = CARTESIAN_POINT('',(622.5929518942,20.092478510087,
    529.70890635658));
#838 = CARTESIAN_POINT('',(622.4851512459,20.078267202667,
    530.03661635547));
#839 = CARTESIAN_POINT('',(622.3345698953,20.059413277739,
    530.33493420991));
#840 = CARTESIAN_POINT('',(622.15083365768,20.038592124034,
    530.59783608093));
#841 = CARTESIAN_POINT('',(621.94511673746,20.018117819362,
    530.82199906021));
#842 = CARTESIAN_POINT('',(621.51086790776,19.980554836174,
    531.19623408809));
#843 = CARTESIAN_POINT('',(621.27562893724,19.962985936982,
    531.35033863303));
#844 = CARTESIAN_POINT('',(621.02965580643,19.948016804896,
    531.47138681524));
#845 = CARTESIAN_POINT('',(620.77665024345,19.936386661297,
    531.56096809822));
#846 = CARTESIAN_POINT('',(620.51930921485,19.928496510634,
    531.6202908677));
#847 = CARTESIAN_POINT('',(620.25977577399,19.924545164194,531.65));
#848 = CARTESIAN_POINT('',(619.74021133887,19.924545164194,531.65));
#849 = CARTESIAN_POINT('',(619.48067249218,19.928496887164,
    531.62028800337));
#850 = CARTESIAN_POINT('',(619.22333545262,19.936387458369,
    531.56096219092));
#851 = CARTESIAN_POINT('',(618.97034133178,19.948017304544,
    531.47138251794));
#852 = CARTESIAN_POINT('',(618.72437956769,19.962985465118,
    531.35034140471));
#853 = CARTESIAN_POINT('',(618.48914223462,19.980553958847,
    531.19624282878));
#854 = CARTESIAN_POINT('',(618.0548886554,20.018117352873,
    530.82200370778));
#855 = CARTESIAN_POINT('',(617.8491690714,20.038591753857,
    530.59784080244));
#856 = CARTESIAN_POINT('',(617.66542775227,20.059413449661,
    530.33493402472));
#857 = CARTESIAN_POINT('',(617.51484346541,20.078267899415,
    530.03660864589));
#858 = CARTESIAN_POINT('',(617.40704415013,20.092479031763,
    529.70889246512));
#859 = CARTESIAN_POINT('',(617.35,20.1,529.35996330917));
#860 = CARTESIAN_POINT('',(617.35,20.1,529.));
#861 = PCURVE('',#129,#862);
#862 = DEFINITIONAL_REPRESENTATION('',(#863),#890);
#863 = B_SPLINE_CURVE_WITH_KNOTS('',7,(#864,#865,#866,#867,#868,#869,
    #870,#871,#872,#873,#874,#875,#876,#877,#878,#879,#880,#881,#882,
    #883,#884,#885,#886,#887,#888,#889),.UNSPECIFIED.,.F.,.F.,(8,6,6,6,8
    ),(0.,0.247711192227,0.499996435772,0.752294194854,1.),
  .UNSPECIFIED.);
#864 = CARTESIAN_POINT('',(1.570796326795,28.65));
#865 = CARTESIAN_POINT('',(1.58870556837,28.65));
#866 = CARTESIAN_POINT('',(1.606065309173,28.5929518942));
#867 = CARTESIAN_POINT('',(1.622378618297,28.485151245905));
#868 = CARTESIAN_POINT('',(1.637246019799,28.334569895299));
#869 = CARTESIAN_POINT('',(1.650365116312,28.150833657689));
#870 = CARTESIAN_POINT('',(1.661563468943,27.945116737465));
#871 = CARTESIAN_POINT('',(1.680275680522,27.510867907763));
#872 = CARTESIAN_POINT('',(1.687991536995,27.275628937248));
#873 = CARTESIAN_POINT('',(1.694059475248,27.029655806434));
#874 = CARTESIAN_POINT('',(1.698553627985,26.776650243459));
#875 = CARTESIAN_POINT('',(1.701531002807,26.519309214852));
#876 = CARTESIAN_POINT('',(1.703022084299,26.259775773992));
#877 = CARTESIAN_POINT('',(1.703022084299,25.740211338874));
#878 = CARTESIAN_POINT('',(1.701530859149,25.48067249218));
#879 = CARTESIAN_POINT('',(1.698553331261,25.223335452628));
#880 = CARTESIAN_POINT('',(1.694059260254,24.970341331786));
#881 = CARTESIAN_POINT('',(1.687991676529,24.724379567697));
#882 = CARTESIAN_POINT('',(1.680276117568,24.489142234622));
#883 = CARTESIAN_POINT('',(1.661563701327,24.054888655404));
#884 = CARTESIAN_POINT('',(1.650365351907,23.849169071403));
#885 = CARTESIAN_POINT('',(1.63724600976,23.665427752279));
#886 = CARTESIAN_POINT('',(1.622378233657,23.514843465414));
#887 = CARTESIAN_POINT('',(1.606064618077,23.407044150137));
#888 = CARTESIAN_POINT('',(1.588704949142,23.35));
#889 = CARTESIAN_POINT('',(1.570796326795,23.35));
#890 = ( GEOMETRIC_REPRESENTATION_CONTEXT(2) 
PARAMETRIC_REPRESENTATION_CONTEXT() REPRESENTATION_CONTEXT('2D SPACE',''
  ) );
#891 = PCURVE('',#573,#892);
#892 = DEFINITIONAL_REPRESENTATION('',(#893),#920);
#893 = B_SPLINE_CURVE_WITH_KNOTS('',7,(#894,#895,#896,#897,#898,#899,
    #900,#901,#902,#903,#904,#905,#906,#907,#908,#909,#910,#911,#912,
    #913,#914,#915,#916,#917,#918,#919),.UNSPECIFIED.,.F.,.F.,(8,6,6,6,8
    ),(0.,0.247711192227,0.499996435772,0.752294194854,1.),
  .UNSPECIFIED.);
#894 = CARTESIAN_POINT('',(-1.7763568394E-15,39.9));
#895 = CARTESIAN_POINT('',(0.135839907798,39.9));
#896 = CARTESIAN_POINT('',(0.267511777793,39.907521489913));
#897 = CARTESIAN_POINT('',(0.395270043551,39.921732797333));
#898 = CARTESIAN_POINT('',(0.518995907528,39.940586722261));
#899 = CARTESIAN_POINT('',(0.638293094243,39.961407875966));
#900 = CARTESIAN_POINT('',(0.752320061787,39.981882180638));
#901 = CARTESIAN_POINT('',(0.968643561408,40.019445163826));
#902 = CARTESIAN_POINT('',(1.073850859872,40.037014063018));
#903 = CARTESIAN_POINT('',(1.176106277584,40.051983195104));
#904 = CARTESIAN_POINT('',(1.276181560068,40.063613338703));
#905 = CARTESIAN_POINT('',(1.374830731765,40.071503489366));
#906 = CARTESIAN_POINT('',(1.472767732835,40.075454835806));
#907 = CARTESIAN_POINT('',(1.668829783824,40.075454835806));
#908 = CARTESIAN_POINT('',(1.766768798701,40.071503112836));
#909 = CARTESIAN_POINT('',(1.865416765531,40.063612541631));
#910 = CARTESIAN_POINT('',(1.965487946647,40.051982695456));
#911 = CARTESIAN_POINT('',(2.067738682826,40.037014534882));
#912 = CARTESIAN_POINT('',(2.172944039695,40.019446041153));
#913 = CARTESIAN_POINT('',(2.389269905314,39.981882647127));
#914 = CARTESIAN_POINT('',(2.503297614873,39.961408246143));
#915 = CARTESIAN_POINT('',(2.622597315984,39.940586550339));
#916 = CARTESIAN_POINT('',(2.746325938761,39.921732100585));
#917 = CARTESIAN_POINT('',(2.87408611931,39.907520968237));
#918 = CARTESIAN_POINT('',(3.00575744258,39.9));
#919 = CARTESIAN_POINT('',(3.14159265359,39.9));
#920 = ( GEOMETRIC_REPRESENTATION_CONTEXT(2) 
PARAMETRIC_REPRESENTATION_CONTEXT() REPRESENTATION_CONTEXT('2D SPACE',''
  ) );
#921 = ORIENTED_EDGE('',*,*,#739,.F.);
#922 = ORIENTED_EDGE('',*,*,#112,.T.);
#923 = ORIENTED_EDGE('',*,*,#924,.T.);
#924 = EDGE_CURVE('',#85,#925,#927,.T.);
#925 = VERTEX_POINT('',#926);
#926 = CARTESIAN_POINT('',(617.35,-20.1,529.));
#927 = SURFACE_CURVE('',#928,(#932,#938),.PCURVE_S1.);
#928 = LINE('',#929,#930);
#929 = CARTESIAN_POINT('',(594.,-20.1,529.));
#930 = VECTOR('',#931,1.);
#931 = DIRECTION('',(1.,0.,2.22044604925E-16));
#932 = PCURVE('',#129,#933);
#933 = DEFINITIONAL_REPRESENTATION('',(#934),#937);
#934 = B_SPLINE_CURVE_WITH_KNOTS('',1,(#935,#936),.UNSPECIFIED.,.F.,.F.,
  (2,2),(-6.000000212225E-07,52.0000006),.PIECEWISE_BEZIER_KNOTS.);
#935 = CARTESIAN_POINT('',(4.712388980385,-6.000000212225E-07));
#936 = CARTESIAN_POINT('',(4.712388980385,52.0000006));
#937 = ( GEOMETRIC_REPRESENTATION_CONTEXT(2) 
PARAMETRIC_REPRESENTATION_CONTEXT() REPRESENTATION_CONTEXT('2D SPACE',''
  ) );
#938 = PCURVE('',#100,#939);
#939 = DEFINITIONAL_REPRESENTATION('',(#940),#943);
#940 = B_SPLINE_CURVE_WITH_KNOTS('',1,(#941,#942),.UNSPECIFIED.,.F.,.F.,
  (2,2),(-6.000000212225E-07,52.0000006),.PIECEWISE_BEZIER_KNOTS.);
#941 = CARTESIAN_POINT('',(-1.0000006,9.9));
#942 = CARTESIAN_POINT('',(51.0000006,9.9));
#943 = ( GEOMETRIC_REPRESENTATION_CONTEXT(2) 
PARAMETRIC_REPRESENTATION_CONTEXT() REPRESENTATION_CONTEXT('2D SPACE',''
  ) );
#944 = ORIENTED_EDGE('',*,*,#945,.F.);
#945 = EDGE_CURVE('',#946,#925,#948,.T.);
#946 = VERTEX_POINT('',#947);
#947 = CARTESIAN_POINT('',(622.65,-20.1,529.));
#948 = SURFACE_CURVE('',#949,(#976,#1006),.PCURVE_S1.);
#949 = B_SPLINE_CURVE_WITH_KNOTS('',7,(#950,#951,#952,#953,#954,#955,
    #956,#957,#958,#959,#960,#961,#962,#963,#964,#965,#966,#967,#968,
    #969,#970,#971,#972,#973,#974,#975),.UNSPECIFIED.,.F.,.F.,(8,6,6,6,8
    ),(0.,0.247711192227,0.499996435772,0.752294194854,1.),
  .UNSPECIFIED.);
#950 = CARTESIAN_POINT('',(622.65,-20.1,529.));
#951 = CARTESIAN_POINT('',(622.65,-20.1,529.35997575566));
#952 = CARTESIAN_POINT('',(622.5929518942,-20.09247851008,
    529.70890635658));
#953 = CARTESIAN_POINT('',(622.4851512459,-20.07826720266,
    530.03661635547));
#954 = CARTESIAN_POINT('',(622.3345698953,-20.05941327773,
    530.33493420991));
#955 = CARTESIAN_POINT('',(622.15083365768,-20.03859212403,
    530.59783608093));
#956 = CARTESIAN_POINT('',(621.94511673746,-20.01811781936,
    530.82199906021));
#957 = CARTESIAN_POINT('',(621.51086790776,-19.98055483617,
    531.19623408809));
#958 = CARTESIAN_POINT('',(621.27562893724,-19.96298593698,
    531.35033863303));
#959 = CARTESIAN_POINT('',(621.02965580643,-19.94801680489,
    531.47138681524));
#960 = CARTESIAN_POINT('',(620.77665024346,-19.93638666129,
    531.56096809822));
#961 = CARTESIAN_POINT('',(620.51930921485,-19.92849651063,
    531.6202908677));
#962 = CARTESIAN_POINT('',(620.25977577399,-19.92454516419,531.65));
#963 = CARTESIAN_POINT('',(619.74021133887,-19.92454516419,531.65));
#964 = CARTESIAN_POINT('',(619.48067249218,-19.92849688716,
    531.62028800338));
#965 = CARTESIAN_POINT('',(619.22333545262,-19.93638745836,
    531.56096219092));
#966 = CARTESIAN_POINT('',(618.97034133178,-19.94801730454,
    531.47138251794));
#967 = CARTESIAN_POINT('',(618.72437956769,-19.96298546511,
    531.35034140471));
#968 = CARTESIAN_POINT('',(618.48914223462,-19.98055395884,
    531.19624282878));
#969 = CARTESIAN_POINT('',(618.0548886554,-20.01811735287,
    530.82200370778));
#970 = CARTESIAN_POINT('',(617.8491690714,-20.03859175385,
    530.59784080244));
#971 = CARTESIAN_POINT('',(617.66542775227,-20.05941344966,
    530.33493402472));
#972 = CARTESIAN_POINT('',(617.51484346541,-20.07826789941,
    530.03660864589));
#973 = CARTESIAN_POINT('',(617.40704415013,-20.09247903176,
    529.70889246512));
#974 = CARTESIAN_POINT('',(617.35,-20.1,529.35996330917));
#975 = CARTESIAN_POINT('',(617.35,-20.1,529.));
#976 = PCURVE('',#129,#977);
#977 = DEFINITIONAL_REPRESENTATION('',(#978),#1005);
#978 = B_SPLINE_CURVE_WITH_KNOTS('',7,(#979,#980,#981,#982,#983,#984,
    #985,#986,#987,#988,#989,#990,#991,#992,#993,#994,#995,#996,#997,
    #998,#999,#1000,#1001,#1002,#1003,#1004),.UNSPECIFIED.,.F.,.F.,(8,6,
    6,6,8),(0.,0.247711192227,0.499996435772,0.752294194854,1.),
  .UNSPECIFIED.);
#979 = CARTESIAN_POINT('',(4.712388980385,28.65));
#980 = CARTESIAN_POINT('',(4.694479738809,28.65));
#981 = CARTESIAN_POINT('',(4.677119998006,28.5929518942));
#982 = CARTESIAN_POINT('',(4.660806688883,28.485151245905));
#983 = CARTESIAN_POINT('',(4.64593928738,28.3345698953));
#984 = CARTESIAN_POINT('',(4.632820190867,28.150833657689));
#985 = CARTESIAN_POINT('',(4.621621838237,27.945116737465));
#986 = CARTESIAN_POINT('',(4.602909626657,27.510867907763));
#987 = CARTESIAN_POINT('',(4.595193770184,27.275628937249));
#988 = CARTESIAN_POINT('',(4.589125831932,27.029655806433));
#989 = CARTESIAN_POINT('',(4.584631679194,26.77665024346));
#990 = CARTESIAN_POINT('',(4.581654304372,26.519309214851));
#991 = CARTESIAN_POINT('',(4.58016322288,26.259775773993));
#992 = CARTESIAN_POINT('',(4.58016322288,25.740211338874));
#993 = CARTESIAN_POINT('',(4.581654448031,25.48067249218));
#994 = CARTESIAN_POINT('',(4.584631975919,25.223335452627));
#995 = CARTESIAN_POINT('',(4.589126046926,24.970341331786));
#996 = CARTESIAN_POINT('',(4.595193630651,24.724379567697));
#997 = CARTESIAN_POINT('',(4.602909189612,24.489142234623));
#998 = CARTESIAN_POINT('',(4.621621605853,24.054888655404));
#999 = CARTESIAN_POINT('',(4.632819955272,23.849169071403));
#1000 = CARTESIAN_POINT('',(4.64593929742,23.665427752279));
#1001 = CARTESIAN_POINT('',(4.660807073523,23.514843465415));
#1002 = CARTESIAN_POINT('',(4.677120689103,23.407044150137));
#1003 = CARTESIAN_POINT('',(4.694480358038,23.35));
#1004 = CARTESIAN_POINT('',(4.712388980385,23.35));
#1005 = ( GEOMETRIC_REPRESENTATION_CONTEXT(2) 
PARAMETRIC_REPRESENTATION_CONTEXT() REPRESENTATION_CONTEXT('2D SPACE',''
  ) );
#1006 = PCURVE('',#1007,#1012);
#1007 = CYLINDRICAL_SURFACE('',#1008,2.65);
#1008 = AXIS2_PLACEMENT_3D('',#1009,#1010,#1011);
#1009 = CARTESIAN_POINT('',(620.,60.,529.));
#1010 = DIRECTION('',(0.,-1.,2.22044604925E-16));
#1011 = DIRECTION('',(1.,0.,0.));
#1012 = DEFINITIONAL_REPRESENTATION('',(#1013),#1040);
#1013 = B_SPLINE_CURVE_WITH_KNOTS('',7,(#1014,#1015,#1016,#1017,#1018,
    #1019,#1020,#1021,#1022,#1023,#1024,#1025,#1026,#1027,#1028,#1029,
    #1030,#1031,#1032,#1033,#1034,#1035,#1036,#1037,#1038,#1039),
  .UNSPECIFIED.,.F.,.F.,(8,6,6,6,8),(0.,0.247711192227,0.499996435772,
    0.752294194854,1.),.UNSPECIFIED.);
#1014 = CARTESIAN_POINT('',(-1.7763568394E-15,80.1));
#1015 = CARTESIAN_POINT('',(0.135839907798,80.1));
#1016 = CARTESIAN_POINT('',(0.267511777793,80.092478510087));
#1017 = CARTESIAN_POINT('',(0.395270043551,80.078267202667));
#1018 = CARTESIAN_POINT('',(0.518995907528,80.059413277739));
#1019 = CARTESIAN_POINT('',(0.638293094243,80.038592124034));
#1020 = CARTESIAN_POINT('',(0.752320061787,80.018117819362));
#1021 = CARTESIAN_POINT('',(0.968643561408,79.980554836174));
#1022 = CARTESIAN_POINT('',(1.073850859871,79.962985936982));
#1023 = CARTESIAN_POINT('',(1.176106277585,79.948016804896));
#1024 = CARTESIAN_POINT('',(1.276181560068,79.936386661297));
#1025 = CARTESIAN_POINT('',(1.374830731765,79.928496510634));
#1026 = CARTESIAN_POINT('',(1.472767732835,79.924545164194));
#1027 = CARTESIAN_POINT('',(1.668829783824,79.924545164194));
#1028 = CARTESIAN_POINT('',(1.766768798701,79.928496887164));
#1029 = CARTESIAN_POINT('',(1.865416765531,79.936387458369));
#1030 = CARTESIAN_POINT('',(1.965487946647,79.948017304544));
#1031 = CARTESIAN_POINT('',(2.067738682826,79.962985465118));
#1032 = CARTESIAN_POINT('',(2.172944039695,79.980553958847));
#1033 = CARTESIAN_POINT('',(2.389269905314,80.018117352873));
#1034 = CARTESIAN_POINT('',(2.503297614872,80.038591753857));
#1035 = CARTESIAN_POINT('',(2.622597315985,80.059413449661));
#1036 = CARTESIAN_POINT('',(2.746325938761,80.078267899415));
#1037 = CARTESIAN_POINT('',(2.874086119311,80.092479031763));
#1038 = CARTESIAN_POINT('',(3.00575744258,80.1));
#1039 = CARTESIAN_POINT('',(3.14159265359,80.1));
#1040 = ( GEOMETRIC_REPRESENTATION_CONTEXT(2) 
PARAMETRIC_REPRESENTATION_CONTEXT() REPRESENTATION_CONTEXT('2D SPACE',''
  ) );
#1041 = ORIENTED_EDGE('',*,*,#1042,.T.);
#1042 = EDGE_CURVE('',#946,#1043,#1045,.T.);
#1043 = VERTEX_POINT('',#1044);
#1044 = CARTESIAN_POINT('',(645.,-20.1,529.));
#1045 = SURFACE_CURVE('',#1046,(#1050,#1056),.PCURVE_S1.);
#1046 = LINE('',#1047,#1048);
#1047 = CARTESIAN_POINT('',(594.,-20.1,529.));
#1048 = VECTOR('',#1049,1.);
#1049 = DIRECTION('',(1.,0.,2.22044604925E-16));
#1050 = PCURVE('',#129,#1051);
#1051 = DEFINITIONAL_REPRESENTATION('',(#1052),#1055);
#1052 = B_SPLINE_CURVE_WITH_KNOTS('',1,(#1053,#1054),.UNSPECIFIED.,.F.,
  .F.,(2,2),(-6.000000212225E-07,52.0000006),.PIECEWISE_BEZIER_KNOTS.);
#1053 = CARTESIAN_POINT('',(4.712388980385,-6.000000212225E-07));
#1054 = CARTESIAN_POINT('',(4.712388980385,52.0000006));
#1055 = ( GEOMETRIC_REPRESENTATION_CONTEXT(2) 
PARAMETRIC_REPRESENTATION_CONTEXT() REPRESENTATION_CONTEXT('2D SPACE',''
  ) );
#1056 = PCURVE('',#1057,#1062);
#1057 = PLANE('',#1058);
#1058 = AXIS2_PLACEMENT_3D('',#1059,#1060,#1061);
#1059 = CARTESIAN_POINT('',(595.,-30.,529.));
#1060 = DIRECTION('',(0.,0.,1.));
#1061 = DIRECTION('',(1.,0.,-0.));
#1062 = DEFINITIONAL_REPRESENTATION('',(#1063),#1066);
#1063 = B_SPLINE_CURVE_WITH_KNOTS('',1,(#1064,#1065),.UNSPECIFIED.,.F.,
  .F.,(2,2),(-6.000000212225E-07,52.0000006),.PIECEWISE_BEZIER_KNOTS.);
#1064 = CARTESIAN_POINT('',(-1.0000006,9.9));
#1065 = CARTESIAN_POINT('',(51.0000006,9.9));
#1066 = ( GEOMETRIC_REPRESENTATION_CONTEXT(2) 
PARAMETRIC_REPRESENTATION_CONTEXT() REPRESENTATION_CONTEXT('2D SPACE',''
  ) );
#1067 = ORIENTED_EDGE('',*,*,#1068,.F.);
#1068 = EDGE_CURVE('',#812,#1043,#1069,.T.);
#1069 = SURFACE_CURVE('',#1070,(#1075,#1082),.PCURVE_S1.);
#1070 = CIRCLE('',#1071,20.1);
#1071 = AXIS2_PLACEMENT_3D('',#1072,#1073,#1074);
#1072 = CARTESIAN_POINT('',(645.,0.,529.));
#1073 = DIRECTION('',(1.,0.,2.22044604925E-16));
#1074 = DIRECTION('',(2.22044604925E-16,0.,-1.));
#1075 = PCURVE('',#129,#1076);
#1076 = DEFINITIONAL_REPRESENTATION('',(#1077),#1081);
#1077 = LINE('',#1078,#1079);
#1078 = CARTESIAN_POINT('',(0.,51.));
#1079 = VECTOR('',#1080,1.);
#1080 = DIRECTION('',(1.,0.));
#1081 = ( GEOMETRIC_REPRESENTATION_CONTEXT(2) 
PARAMETRIC_REPRESENTATION_CONTEXT() REPRESENTATION_CONTEXT('2D SPACE',''
  ) );
#1082 = PCURVE('',#238,#1083);
#1083 = DEFINITIONAL_REPRESENTATION('',(#1084),#1088);
#1084 = CIRCLE('',#1085,20.1);
#1085 = AXIS2_PLACEMENT_2D('',#1086,#1087);
#1086 = CARTESIAN_POINT('',(0.,-30.));
#1087 = DIRECTION('',(-1.,0.));
#1088 = ( GEOMETRIC_REPRESENTATION_CONTEXT(2) 
PARAMETRIC_REPRESENTATION_CONTEXT() REPRESENTATION_CONTEXT('2D SPACE',''
  ) );
#1089 = ADVANCED_FACE('',(#1090,#1136),#100,.F.);
#1090 = FACE_BOUND('',#1091,.F.);
#1091 = EDGE_LOOP('',(#1092,#1093,#1116,#1135));
#1092 = ORIENTED_EDGE('',*,*,#84,.F.);
#1093 = ORIENTED_EDGE('',*,*,#1094,.T.);
#1094 = EDGE_CURVE('',#57,#1095,#1097,.T.);
#1095 = VERTEX_POINT('',#1096);
#1096 = CARTESIAN_POINT('',(617.35,-30.,529.));
#1097 = SURFACE_CURVE('',#1098,(#1102,#1109),.PCURVE_S1.);
#1098 = LINE('',#1099,#1100);
#1099 = CARTESIAN_POINT('',(595.,-30.,529.));
#1100 = VECTOR('',#1101,1.);
#1101 = DIRECTION('',(1.,0.,-0.));
#1102 = PCURVE('',#100,#1103);
#1103 = DEFINITIONAL_REPRESENTATION('',(#1104),#1108);
#1104 = LINE('',#1105,#1106);
#1105 = CARTESIAN_POINT('',(0.,0.));
#1106 = VECTOR('',#1107,1.);
#1107 = DIRECTION('',(1.,0.));
#1108 = ( GEOMETRIC_REPRESENTATION_CONTEXT(2) 
PARAMETRIC_REPRESENTATION_CONTEXT() REPRESENTATION_CONTEXT('2D SPACE',''
  ) );
#1109 = PCURVE('',#72,#1110);
#1110 = DEFINITIONAL_REPRESENTATION('',(#1111),#1115);
#1111 = LINE('',#1112,#1113);
#1112 = CARTESIAN_POINT('',(0.,0.));
#1113 = VECTOR('',#1114,1.);
#1114 = DIRECTION('',(0.,1.));
#1115 = ( GEOMETRIC_REPRESENTATION_CONTEXT(2) 
PARAMETRIC_REPRESENTATION_CONTEXT() REPRESENTATION_CONTEXT('2D SPACE',''
  ) );
#1116 = ORIENTED_EDGE('',*,*,#1117,.F.);
#1117 = EDGE_CURVE('',#925,#1095,#1118,.T.);
#1118 = SURFACE_CURVE('',#1119,(#1123,#1129),.PCURVE_S1.);
#1119 = LINE('',#1120,#1121);
#1120 = CARTESIAN_POINT('',(617.35,60.,529.));
#1121 = VECTOR('',#1122,1.);
#1122 = DIRECTION('',(0.,-1.,2.22044604925E-16));
#1123 = PCURVE('',#100,#1124);
#1124 = DEFINITIONAL_REPRESENTATION('',(#1125),#1128);
#1125 = B_SPLINE_CURVE_WITH_KNOTS('',1,(#1126,#1127),.UNSPECIFIED.,.F.,
  .F.,(2,2),(79.11,90.99),.PIECEWISE_BEZIER_KNOTS.);
#1126 = CARTESIAN_POINT('',(22.35,10.89));
#1127 = CARTESIAN_POINT('',(22.35,-0.99));
#1128 = ( GEOMETRIC_REPRESENTATION_CONTEXT(2) 
PARAMETRIC_REPRESENTATION_CONTEXT() REPRESENTATION_CONTEXT('2D SPACE',''
  ) );
#1129 = PCURVE('',#1007,#1130);
#1130 = DEFINITIONAL_REPRESENTATION('',(#1131),#1134);
#1131 = B_SPLINE_CURVE_WITH_KNOTS('',1,(#1132,#1133),.UNSPECIFIED.,.F.,
  .F.,(2,2),(79.11,90.99),.PIECEWISE_BEZIER_KNOTS.);
#1132 = CARTESIAN_POINT('',(3.14159265359,79.11));
#1133 = CARTESIAN_POINT('',(3.14159265359,90.99));
#1134 = ( GEOMETRIC_REPRESENTATION_CONTEXT(2) 
PARAMETRIC_REPRESENTATION_CONTEXT() REPRESENTATION_CONTEXT('2D SPACE',''
  ) );
#1135 = ORIENTED_EDGE('',*,*,#924,.F.);
#1136 = FACE_BOUND('',#1137,.F.);
#1137 = EDGE_LOOP('',(#1138));
#1138 = ORIENTED_EDGE('',*,*,#1139,.F.);
#1139 = EDGE_CURVE('',#1140,#1140,#1142,.T.);
#1140 = VERTEX_POINT('',#1141);
#1141 = CARTESIAN_POINT('',(605.15,-25.5,529.));
#1142 = SURFACE_CURVE('',#1143,(#1148,#1155),.PCURVE_S1.);
#1143 = CIRCLE('',#1144,2.15);
#1144 = AXIS2_PLACEMENT_3D('',#1145,#1146,#1147);
#1145 = CARTESIAN_POINT('',(603.,-25.5,529.));
#1146 = DIRECTION('',(0.,0.,1.));
#1147 = DIRECTION('',(1.,0.,-0.));
#1148 = PCURVE('',#100,#1149);
#1149 = DEFINITIONAL_REPRESENTATION('',(#1150),#1154);
#1150 = CIRCLE('',#1151,2.15);
#1151 = AXIS2_PLACEMENT_2D('',#1152,#1153);
#1152 = CARTESIAN_POINT('',(8.,4.5));
#1153 = DIRECTION('',(1.,0.));
#1154 = ( GEOMETRIC_REPRESENTATION_CONTEXT(2) 
PARAMETRIC_REPRESENTATION_CONTEXT() REPRESENTATION_CONTEXT('2D SPACE',''
  ) );
#1155 = PCURVE('',#290,#1156);
#1156 = DEFINITIONAL_REPRESENTATION('',(#1157),#1161);
#1157 = LINE('',#1158,#1159);
#1158 = CARTESIAN_POINT('',(0.,52.));
#1159 = VECTOR('',#1160,1.);
#1160 = DIRECTION('',(1.,0.));
#1161 = ( GEOMETRIC_REPRESENTATION_CONTEXT(2) 
PARAMETRIC_REPRESENTATION_CONTEXT() REPRESENTATION_CONTEXT('2D SPACE',''
  ) );
#1162 = ADVANCED_FACE('',(#1163,#1240),#72,.F.);
#1163 = FACE_BOUND('',#1164,.F.);
#1164 = EDGE_LOOP('',(#1165,#1190,#1216,#1217,#1218,#1219));
#1165 = ORIENTED_EDGE('',*,*,#1166,.F.);
#1166 = EDGE_CURVE('',#1167,#1169,#1171,.T.);
#1167 = VERTEX_POINT('',#1168);
#1168 = CARTESIAN_POINT('',(622.65,-30.,529.));
#1169 = VERTEX_POINT('',#1170);
#1170 = CARTESIAN_POINT('',(645.,-30.,529.));
#1171 = SURFACE_CURVE('',#1172,(#1176,#1183),.PCURVE_S1.);
#1172 = LINE('',#1173,#1174);
#1173 = CARTESIAN_POINT('',(595.,-30.,529.));
#1174 = VECTOR('',#1175,1.);
#1175 = DIRECTION('',(1.,0.,-0.));
#1176 = PCURVE('',#72,#1177);
#1177 = DEFINITIONAL_REPRESENTATION('',(#1178),#1182);
#1178 = LINE('',#1179,#1180);
#1179 = CARTESIAN_POINT('',(0.,0.));
#1180 = VECTOR('',#1181,1.);
#1181 = DIRECTION('',(0.,1.));
#1182 = ( GEOMETRIC_REPRESENTATION_CONTEXT(2) 
PARAMETRIC_REPRESENTATION_CONTEXT() REPRESENTATION_CONTEXT('2D SPACE',''
  ) );
#1183 = PCURVE('',#1057,#1184);
#1184 = DEFINITIONAL_REPRESENTATION('',(#1185),#1189);
#1185 = LINE('',#1186,#1187);
#1186 = CARTESIAN_POINT('',(0.,0.));
#1187 = VECTOR('',#1188,1.);
#1188 = DIRECTION('',(1.,0.));
#1189 = ( GEOMETRIC_REPRESENTATION_CONTEXT(2) 
PARAMETRIC_REPRESENTATION_CONTEXT() REPRESENTATION_CONTEXT('2D SPACE',''
  ) );
#1190 = ORIENTED_EDGE('',*,*,#1191,.T.);
#1191 = EDGE_CURVE('',#1167,#1095,#1192,.T.);
#1192 = SURFACE_CURVE('',#1193,(#1198,#1209),.PCURVE_S1.);
#1193 = CIRCLE('',#1194,2.65);
#1194 = AXIS2_PLACEMENT_3D('',#1195,#1196,#1197);
#1195 = CARTESIAN_POINT('',(620.,-30.,529.));
#1196 = DIRECTION('',(0.,-1.,2.22044604925E-16));
#1197 = DIRECTION('',(1.,0.,0.));
#1198 = PCURVE('',#72,#1199);
#1199 = DEFINITIONAL_REPRESENTATION('',(#1200),#1208);
#1200 = ( BOUNDED_CURVE() B_SPLINE_CURVE(2,(#1201,#1202,#1203,#1204,
#1205,#1206,#1207),.UNSPECIFIED.,.T.,.F.) B_SPLINE_CURVE_WITH_KNOTS((1,2
    ,2,2,2,1),(-2.094395102393,0.,2.094395102393,4.188790204786,
6.28318530718,8.377580409573),.UNSPECIFIED.) CURVE() 
GEOMETRIC_REPRESENTATION_ITEM() RATIONAL_B_SPLINE_CURVE((1.,0.5,1.,0.5,
1.,0.5,1.)) REPRESENTATION_ITEM('') );
#1201 = CARTESIAN_POINT('',(0.,27.65));
#1202 = CARTESIAN_POINT('',(4.589934640058,27.65));
#1203 = CARTESIAN_POINT('',(2.294967320029,23.675));
#1204 = CARTESIAN_POINT('',(6.490628035481E-16,19.7));
#1205 = CARTESIAN_POINT('',(-2.294967320029,23.675));
#1206 = CARTESIAN_POINT('',(-4.589934640058,27.65));
#1207 = CARTESIAN_POINT('',(0.,27.65));
#1208 = ( GEOMETRIC_REPRESENTATION_CONTEXT(2) 
PARAMETRIC_REPRESENTATION_CONTEXT() REPRESENTATION_CONTEXT('2D SPACE',''
  ) );
#1209 = PCURVE('',#1007,#1210);
#1210 = DEFINITIONAL_REPRESENTATION('',(#1211),#1215);
#1211 = LINE('',#1212,#1213);
#1212 = CARTESIAN_POINT('',(0.,90.));
#1213 = VECTOR('',#1214,1.);
#1214 = DIRECTION('',(1.,0.));
#1215 = ( GEOMETRIC_REPRESENTATION_CONTEXT(2) 
PARAMETRIC_REPRESENTATION_CONTEXT() REPRESENTATION_CONTEXT('2D SPACE',''
  ) );
#1216 = ORIENTED_EDGE('',*,*,#1094,.F.);
#1217 = ORIENTED_EDGE('',*,*,#56,.T.);
#1218 = ORIENTED_EDGE('',*,*,#199,.T.);
#1219 = ORIENTED_EDGE('',*,*,#1220,.F.);
#1220 = EDGE_CURVE('',#1169,#200,#1221,.T.);
#1221 = SURFACE_CURVE('',#1222,(#1226,#1233),.PCURVE_S1.);
#1222 = LINE('',#1223,#1224);
#1223 = CARTESIAN_POINT('',(645.,-30.,529.));
#1224 = VECTOR('',#1225,1.);
#1225 = DIRECTION('',(0.,0.,1.));
#1226 = PCURVE('',#72,#1227);
#1227 = DEFINITIONAL_REPRESENTATION('',(#1228),#1232);
#1228 = LINE('',#1229,#1230);
#1229 = CARTESIAN_POINT('',(0.,50.));
#1230 = VECTOR('',#1231,1.);
#1231 = DIRECTION('',(1.,0.));
#1232 = ( GEOMETRIC_REPRESENTATION_CONTEXT(2) 
PARAMETRIC_REPRESENTATION_CONTEXT() REPRESENTATION_CONTEXT('2D SPACE',''
  ) );
#1233 = PCURVE('',#238,#1234);
#1234 = DEFINITIONAL_REPRESENTATION('',(#1235),#1239);
#1235 = LINE('',#1236,#1237);
#1236 = CARTESIAN_POINT('',(0.,0.));
#1237 = VECTOR('',#1238,1.);
#1238 = DIRECTION('',(1.,0.));
#1239 = ( GEOMETRIC_REPRESENTATION_CONTEXT(2) 
PARAMETRIC_REPRESENTATION_CONTEXT() REPRESENTATION_CONTEXT('2D SPACE',''
  ) );
#1240 = FACE_BOUND('',#1241,.F.);
#1241 = EDGE_LOOP('',(#1242,#1270,#1296,#1322));
#1242 = ORIENTED_EDGE('',*,*,#1243,.F.);
#1243 = EDGE_CURVE('',#1244,#1246,#1248,.T.);
#1244 = VERTEX_POINT('',#1245);
#1245 = CARTESIAN_POINT('',(609.65,-30.,550.5));
#1246 = VERTEX_POINT('',#1247);
#1247 = CARTESIAN_POINT('',(630.35,-30.,550.5));
#1248 = SURFACE_CURVE('',#1249,(#1253,#1259),.PCURVE_S1.);
#1249 = LINE('',#1250,#1251);
#1250 = CARTESIAN_POINT('',(602.325,-30.,550.5));
#1251 = VECTOR('',#1252,1.);
#1252 = DIRECTION('',(1.,0.,-0.));
#1253 = PCURVE('',#72,#1254);
#1254 = DEFINITIONAL_REPRESENTATION('',(#1255),#1258);
#1255 = B_SPLINE_CURVE_WITH_KNOTS('',1,(#1256,#1257),.UNSPECIFIED.,.F.,
  .F.,(2,2),(7.325,28.025),.PIECEWISE_BEZIER_KNOTS.);
#1256 = CARTESIAN_POINT('',(21.5,14.65));
#1257 = CARTESIAN_POINT('',(21.5,35.35));
#1258 = ( GEOMETRIC_REPRESENTATION_CONTEXT(2) 
PARAMETRIC_REPRESENTATION_CONTEXT() REPRESENTATION_CONTEXT('2D SPACE',''
  ) );
#1259 = PCURVE('',#1260,#1265);
#1260 = PLANE('',#1261);
#1261 = AXIS2_PLACEMENT_3D('',#1262,#1263,#1264);
#1262 = CARTESIAN_POINT('',(609.65,-31.,550.5));
#1263 = DIRECTION('',(0.,0.,1.));
#1264 = DIRECTION('',(1.,0.,-0.));
#1265 = DEFINITIONAL_REPRESENTATION('',(#1266),#1269);
#1266 = B_SPLINE_CURVE_WITH_KNOTS('',1,(#1267,#1268),.UNSPECIFIED.,.F.,
  .F.,(2,2),(7.325,28.025),.PIECEWISE_BEZIER_KNOTS.);
#1267 = CARTESIAN_POINT('',(0.,1.));
#1268 = CARTESIAN_POINT('',(20.7,1.));
#1269 = ( GEOMETRIC_REPRESENTATION_CONTEXT(2) 
PARAMETRIC_REPRESENTATION_CONTEXT() REPRESENTATION_CONTEXT('2D SPACE',''
  ) );
#1270 = ORIENTED_EDGE('',*,*,#1271,.T.);
#1271 = EDGE_CURVE('',#1244,#1272,#1274,.T.);
#1272 = VERTEX_POINT('',#1273);
#1273 = CARTESIAN_POINT('',(609.65,-30.,533.5));
#1274 = SURFACE_CURVE('',#1275,(#1279,#1285),.PCURVE_S1.);
#1275 = LINE('',#1276,#1277);
#1276 = CARTESIAN_POINT('',(609.65,-30.,531.25));
#1277 = VECTOR('',#1278,1.);
#1278 = DIRECTION('',(-0.,0.,-1.));
#1279 = PCURVE('',#72,#1280);
#1280 = DEFINITIONAL_REPRESENTATION('',(#1281),#1284);
#1281 = B_SPLINE_CURVE_WITH_KNOTS('',1,(#1282,#1283),.UNSPECIFIED.,.F.,
  .F.,(2,2),(-19.25,-2.25),.PIECEWISE_BEZIER_KNOTS.);
#1282 = CARTESIAN_POINT('',(21.5,14.65));
#1283 = CARTESIAN_POINT('',(4.5,14.65));
#1284 = ( GEOMETRIC_REPRESENTATION_CONTEXT(2) 
PARAMETRIC_REPRESENTATION_CONTEXT() REPRESENTATION_CONTEXT('2D SPACE',''
  ) );
#1285 = PCURVE('',#1286,#1291);
#1286 = PLANE('',#1287);
#1287 = AXIS2_PLACEMENT_3D('',#1288,#1289,#1290);
#1288 = CARTESIAN_POINT('',(609.65,-31.,533.5));
#1289 = DIRECTION('',(1.,0.,-0.));
#1290 = DIRECTION('',(0.,0.,1.));
#1291 = DEFINITIONAL_REPRESENTATION('',(#1292),#1295);
#1292 = B_SPLINE_CURVE_WITH_KNOTS('',1,(#1293,#1294),.UNSPECIFIED.,.F.,
  .F.,(2,2),(-19.25,-2.25),.PIECEWISE_BEZIER_KNOTS.);
#1293 = CARTESIAN_POINT('',(17.,-1.));
#1294 = CARTESIAN_POINT('',(0.,-1.));
#1295 = ( GEOMETRIC_REPRESENTATION_CONTEXT(2) 
PARAMETRIC_REPRESENTATION_CONTEXT() REPRESENTATION_CONTEXT('2D SPACE',''
  ) );
#1296 = ORIENTED_EDGE('',*,*,#1297,.T.);
#1297 = EDGE_CURVE('',#1272,#1298,#1300,.T.);
#1298 = VERTEX_POINT('',#1299);
#1299 = CARTESIAN_POINT('',(630.35,-30.,533.5));
#1300 = SURFACE_CURVE('',#1301,(#1305,#1311),.PCURVE_S1.);
#1301 = LINE('',#1302,#1303);
#1302 = CARTESIAN_POINT('',(602.325,-30.,533.5));
#1303 = VECTOR('',#1304,1.);
#1304 = DIRECTION('',(1.,0.,-0.));
#1305 = PCURVE('',#72,#1306);
#1306 = DEFINITIONAL_REPRESENTATION('',(#1307),#1310);
#1307 = B_SPLINE_CURVE_WITH_KNOTS('',1,(#1308,#1309),.UNSPECIFIED.,.F.,
  .F.,(2,2),(7.325,28.025),.PIECEWISE_BEZIER_KNOTS.);
#1308 = CARTESIAN_POINT('',(4.5,14.65));
#1309 = CARTESIAN_POINT('',(4.5,35.35));
#1310 = ( GEOMETRIC_REPRESENTATION_CONTEXT(2) 
PARAMETRIC_REPRESENTATION_CONTEXT() REPRESENTATION_CONTEXT('2D SPACE',''
  ) );
#1311 = PCURVE('',#1312,#1317);
#1312 = PLANE('',#1313);
#1313 = AXIS2_PLACEMENT_3D('',#1314,#1315,#1316);
#1314 = CARTESIAN_POINT('',(609.65,-31.,533.5));
#1315 = DIRECTION('',(0.,0.,1.));
#1316 = DIRECTION('',(1.,0.,-0.));
#1317 = DEFINITIONAL_REPRESENTATION('',(#1318),#1321);
#1318 = B_SPLINE_CURVE_WITH_KNOTS('',1,(#1319,#1320),.UNSPECIFIED.,.F.,
  .F.,(2,2),(7.325,28.025),.PIECEWISE_BEZIER_KNOTS.);
#1319 = CARTESIAN_POINT('',(0.,1.));
#1320 = CARTESIAN_POINT('',(20.7,1.));
#1321 = ( GEOMETRIC_REPRESENTATION_CONTEXT(2) 
PARAMETRIC_REPRESENTATION_CONTEXT() REPRESENTATION_CONTEXT('2D SPACE',''
  ) );
#1322 = ORIENTED_EDGE('',*,*,#1323,.F.);
#1323 = EDGE_CURVE('',#1246,#1298,#1324,.T.);
#1324 = SURFACE_CURVE('',#1325,(#1329,#1335),.PCURVE_S1.);
#1325 = LINE('',#1326,#1327);
#1326 = CARTESIAN_POINT('',(630.35,-30.,531.25));
#1327 = VECTOR('',#1328,1.);
#1328 = DIRECTION('',(-0.,0.,-1.));
#1329 = PCURVE('',#72,#1330);
#1330 = DEFINITIONAL_REPRESENTATION('',(#1331),#1334);
#1331 = B_SPLINE_CURVE_WITH_KNOTS('',1,(#1332,#1333),.UNSPECIFIED.,.F.,
  .F.,(2,2),(-19.25,-2.25),.PIECEWISE_BEZIER_KNOTS.);
#1332 = CARTESIAN_POINT('',(21.5,35.35));
#1333 = CARTESIAN_POINT('',(4.5,35.35));
#1334 = ( GEOMETRIC_REPRESENTATION_CONTEXT(2) 
PARAMETRIC_REPRESENTATION_CONTEXT() REPRESENTATION_CONTEXT('2D SPACE',''
  ) );
#1335 = PCURVE('',#1336,#1341);
#1336 = PLANE('',#1337);
#1337 = AXIS2_PLACEMENT_3D('',#1338,#1339,#1340);
#1338 = CARTESIAN_POINT('',(630.35,-31.,533.5));
#1339 = DIRECTION('',(1.,0.,-0.));
#1340 = DIRECTION('',(0.,0.,1.));
#1341 = DEFINITIONAL_REPRESENTATION('',(#1342),#1345);
#1342 = B_SPLINE_CURVE_WITH_KNOTS('',1,(#1343,#1344),.UNSPECIFIED.,.F.,
  .F.,(2,2),(-19.25,-2.25),.PIECEWISE_BEZIER_KNOTS.);
#1343 = CARTESIAN_POINT('',(17.,-1.));
#1344 = CARTESIAN_POINT('',(0.,-1.));
#1345 = ( GEOMETRIC_REPRESENTATION_CONTEXT(2) 
PARAMETRIC_REPRESENTATION_CONTEXT() REPRESENTATION_CONTEXT('2D SPACE',''
  ) );
#1346 = ADVANCED_FACE('',(#1347),#238,.T.);
#1347 = FACE_BOUND('',#1348,.T.);
#1348 = EDGE_LOOP('',(#1349,#1350,#1351,#1372,#1373,#1394));
#1349 = ORIENTED_EDGE('',*,*,#222,.F.);
#1350 = ORIENTED_EDGE('',*,*,#1220,.F.);
#1351 = ORIENTED_EDGE('',*,*,#1352,.T.);
#1352 = EDGE_CURVE('',#1169,#1043,#1353,.T.);
#1353 = SURFACE_CURVE('',#1354,(#1358,#1365),.PCURVE_S1.);
#1354 = LINE('',#1355,#1356);
#1355 = CARTESIAN_POINT('',(645.,-30.,529.));
#1356 = VECTOR('',#1357,1.);
#1357 = DIRECTION('',(-0.,1.,0.));
#1358 = PCURVE('',#238,#1359);
#1359 = DEFINITIONAL_REPRESENTATION('',(#1360),#1364);
#1360 = LINE('',#1361,#1362);
#1361 = CARTESIAN_POINT('',(0.,0.));
#1362 = VECTOR('',#1363,1.);
#1363 = DIRECTION('',(0.,-1.));
#1364 = ( GEOMETRIC_REPRESENTATION_CONTEXT(2) 
PARAMETRIC_REPRESENTATION_CONTEXT() REPRESENTATION_CONTEXT('2D SPACE',''
  ) );
#1365 = PCURVE('',#1057,#1366);
#1366 = DEFINITIONAL_REPRESENTATION('',(#1367),#1371);
#1367 = LINE('',#1368,#1369);
#1368 = CARTESIAN_POINT('',(50.,0.));
#1369 = VECTOR('',#1370,1.);
#1370 = DIRECTION('',(0.,1.));
#1371 = ( GEOMETRIC_REPRESENTATION_CONTEXT(2) 
PARAMETRIC_REPRESENTATION_CONTEXT() REPRESENTATION_CONTEXT('2D SPACE',''
  ) );
#1372 = ORIENTED_EDGE('',*,*,#1068,.F.);
#1373 = ORIENTED_EDGE('',*,*,#1374,.T.);
#1374 = EDGE_CURVE('',#812,#525,#1375,.T.);
#1375 = SURFACE_CURVE('',#1376,(#1380,#1387),.PCURVE_S1.);
#1376 = LINE('',#1377,#1378);
#1377 = CARTESIAN_POINT('',(645.,-30.,529.));
#1378 = VECTOR('',#1379,1.);
#1379 = DIRECTION('',(-0.,1.,0.));
#1380 = PCURVE('',#238,#1381);
#1381 = DEFINITIONAL_REPRESENTATION('',(#1382),#1386);
#1382 = LINE('',#1383,#1384);
#1383 = CARTESIAN_POINT('',(0.,0.));
#1384 = VECTOR('',#1385,1.);
#1385 = DIRECTION('',(0.,-1.));
#1386 = ( GEOMETRIC_REPRESENTATION_CONTEXT(2) 
PARAMETRIC_REPRESENTATION_CONTEXT() REPRESENTATION_CONTEXT('2D SPACE',''
  ) );
#1387 = PCURVE('',#540,#1388);
#1388 = DEFINITIONAL_REPRESENTATION('',(#1389),#1393);
#1389 = LINE('',#1390,#1391);
#1390 = CARTESIAN_POINT('',(50.,0.));
#1391 = VECTOR('',#1392,1.);
#1392 = DIRECTION('',(0.,1.));
#1393 = ( GEOMETRIC_REPRESENTATION_CONTEXT(2) 
PARAMETRIC_REPRESENTATION_CONTEXT() REPRESENTATION_CONTEXT('2D SPACE',''
  ) );
#1394 = ORIENTED_EDGE('',*,*,#608,.T.);
#1395 = ADVANCED_FACE('',(#1396),#290,.F.);
#1396 = FACE_BOUND('',#1397,.F.);
#1397 = EDGE_LOOP('',(#1398,#1399,#1420,#1421));
#1398 = ORIENTED_EDGE('',*,*,#273,.F.);
#1399 = ORIENTED_EDGE('',*,*,#1400,.F.);
#1400 = EDGE_CURVE('',#1140,#274,#1401,.T.);
#1401 = SEAM_CURVE('',#1402,(#1406,#1413),.PCURVE_S1.);
#1402 = LINE('',#1403,#1404);
#1403 = CARTESIAN_POINT('',(605.15,-25.5,477.));
#1404 = VECTOR('',#1405,1.);
#1405 = DIRECTION('',(0.,0.,1.));
#1406 = PCURVE('',#290,#1407);
#1407 = DEFINITIONAL_REPRESENTATION('',(#1408),#1412);
#1408 = LINE('',#1409,#1410);
#1409 = CARTESIAN_POINT('',(6.28318530718,-0.));
#1410 = VECTOR('',#1411,1.);
#1411 = DIRECTION('',(0.,1.));
#1412 = ( GEOMETRIC_REPRESENTATION_CONTEXT(2) 
PARAMETRIC_REPRESENTATION_CONTEXT() REPRESENTATION_CONTEXT('2D SPACE',''
  ) );
#1413 = PCURVE('',#290,#1414);
#1414 = DEFINITIONAL_REPRESENTATION('',(#1415),#1419);
#1415 = LINE('',#1416,#1417);
#1416 = CARTESIAN_POINT('',(0.,-0.));
#1417 = VECTOR('',#1418,1.);
#1418 = DIRECTION('',(0.,1.));
#1419 = ( GEOMETRIC_REPRESENTATION_CONTEXT(2) 
PARAMETRIC_REPRESENTATION_CONTEXT() REPRESENTATION_CONTEXT('2D SPACE',''
  ) );
#1420 = ORIENTED_EDGE('',*,*,#1139,.T.);
#1421 = ORIENTED_EDGE('',*,*,#1400,.T.);
#1422 = ADVANCED_FACE('',(#1423),#321,.F.);
#1423 = FACE_BOUND('',#1424,.F.);
#1424 = EDGE_LOOP('',(#1425,#1426,#1449,#1476));
#1425 = ORIENTED_EDGE('',*,*,#304,.F.);
#1426 = ORIENTED_EDGE('',*,*,#1427,.F.);
#1427 = EDGE_CURVE('',#1428,#305,#1430,.T.);
#1428 = VERTEX_POINT('',#1429);
#1429 = CARTESIAN_POINT('',(609.27563132923,-12.37436867076,546.));
#1430 = SEAM_CURVE('',#1431,(#1435,#1442),.PCURVE_S1.);
#1431 = LINE('',#1432,#1433);
#1432 = CARTESIAN_POINT('',(609.27563132923,-12.37436867076,546.));
#1433 = VECTOR('',#1434,1.);
#1434 = DIRECTION('',(0.,0.,1.));
#1435 = PCURVE('',#321,#1436);
#1436 = DEFINITIONAL_REPRESENTATION('',(#1437),#1441);
#1437 = LINE('',#1438,#1439);
#1438 = CARTESIAN_POINT('',(6.28318530718,-0.));
#1439 = VECTOR('',#1440,1.);
#1440 = DIRECTION('',(0.,1.));
#1441 = ( GEOMETRIC_REPRESENTATION_CONTEXT(2) 
PARAMETRIC_REPRESENTATION_CONTEXT() REPRESENTATION_CONTEXT('2D SPACE',''
  ) );
#1442 = PCURVE('',#321,#1443);
#1443 = DEFINITIONAL_REPRESENTATION('',(#1444),#1448);
#1444 = LINE('',#1445,#1446);
#1445 = CARTESIAN_POINT('',(0.,-0.));
#1446 = VECTOR('',#1447,1.);
#1447 = DIRECTION('',(0.,1.));
#1448 = ( GEOMETRIC_REPRESENTATION_CONTEXT(2) 
PARAMETRIC_REPRESENTATION_CONTEXT() REPRESENTATION_CONTEXT('2D SPACE',''
  ) );
#1449 = ORIENTED_EDGE('',*,*,#1450,.T.);
#1450 = EDGE_CURVE('',#1428,#1428,#1451,.T.);
#1451 = SURFACE_CURVE('',#1452,(#1457,#1464),.PCURVE_S1.);
#1452 = CIRCLE('',#1453,1.65);
#1453 = AXIS2_PLACEMENT_3D('',#1454,#1455,#1456);
#1454 = CARTESIAN_POINT('',(607.62563132923,-12.37436867076,546.));
#1455 = DIRECTION('',(0.,0.,1.));
#1456 = DIRECTION('',(1.,0.,-0.));
#1457 = PCURVE('',#321,#1458);
#1458 = DEFINITIONAL_REPRESENTATION('',(#1459),#1463);
#1459 = LINE('',#1460,#1461);
#1460 = CARTESIAN_POINT('',(0.,0.));
#1461 = VECTOR('',#1462,1.);
#1462 = DIRECTION('',(1.,0.));
#1463 = ( GEOMETRIC_REPRESENTATION_CONTEXT(2) 
PARAMETRIC_REPRESENTATION_CONTEXT() REPRESENTATION_CONTEXT('2D SPACE',''
  ) );
#1464 = PCURVE('',#1465,#1470);
#1465 = PLANE('',#1466);
#1466 = AXIS2_PLACEMENT_3D('',#1467,#1468,#1469);
#1467 = CARTESIAN_POINT('',(607.62563132923,-12.37436867076,546.));
#1468 = DIRECTION('',(0.,0.,1.));
#1469 = DIRECTION('',(1.,0.,-0.));
#1470 = DEFINITIONAL_REPRESENTATION('',(#1471),#1475);
#1471 = CIRCLE('',#1472,1.65);
#1472 = AXIS2_PLACEMENT_2D('',#1473,#1474);
#1473 = CARTESIAN_POINT('',(0.,0.));
#1474 = DIRECTION('',(1.,0.));
#1475 = ( GEOMETRIC_REPRESENTATION_CONTEXT(2) 
PARAMETRIC_REPRESENTATION_CONTEXT() REPRESENTATION_CONTEXT('2D SPACE',''
  ) );
#1476 = ORIENTED_EDGE('',*,*,#1427,.T.);
#1477 = ADVANCED_FACE('',(#1478),#352,.F.);
#1478 = FACE_BOUND('',#1479,.F.);
#1479 = EDGE_LOOP('',(#1480,#1481,#1504,#1526));
#1480 = ORIENTED_EDGE('',*,*,#335,.F.);
#1481 = ORIENTED_EDGE('',*,*,#1482,.F.);
#1482 = EDGE_CURVE('',#1483,#336,#1485,.T.);
#1483 = VERTEX_POINT('',#1484);
#1484 = CARTESIAN_POINT('',(639.15,-25.5,529.));
#1485 = SEAM_CURVE('',#1486,(#1490,#1497),.PCURVE_S1.);
#1486 = LINE('',#1487,#1488);
#1487 = CARTESIAN_POINT('',(639.15,-25.5,477.));
#1488 = VECTOR('',#1489,1.);
#1489 = DIRECTION('',(0.,0.,1.));
#1490 = PCURVE('',#352,#1491);
#1491 = DEFINITIONAL_REPRESENTATION('',(#1492),#1496);
#1492 = LINE('',#1493,#1494);
#1493 = CARTESIAN_POINT('',(6.28318530718,-0.));
#1494 = VECTOR('',#1495,1.);
#1495 = DIRECTION('',(0.,1.));
#1496 = ( GEOMETRIC_REPRESENTATION_CONTEXT(2) 
PARAMETRIC_REPRESENTATION_CONTEXT() REPRESENTATION_CONTEXT('2D SPACE',''
  ) );
#1497 = PCURVE('',#352,#1498);
#1498 = DEFINITIONAL_REPRESENTATION('',(#1499),#1503);
#1499 = LINE('',#1500,#1501);
#1500 = CARTESIAN_POINT('',(0.,-0.));
#1501 = VECTOR('',#1502,1.);
#1502 = DIRECTION('',(0.,1.));
#1503 = ( GEOMETRIC_REPRESENTATION_CONTEXT(2) 
PARAMETRIC_REPRESENTATION_CONTEXT() REPRESENTATION_CONTEXT('2D SPACE',''
  ) );
#1504 = ORIENTED_EDGE('',*,*,#1505,.T.);
#1505 = EDGE_CURVE('',#1483,#1483,#1506,.T.);
#1506 = SURFACE_CURVE('',#1507,(#1512,#1519),.PCURVE_S1.);
#1507 = CIRCLE('',#1508,2.15);
#1508 = AXIS2_PLACEMENT_3D('',#1509,#1510,#1511);
#1509 = CARTESIAN_POINT('',(637.,-25.5,529.));
#1510 = DIRECTION('',(0.,0.,1.));
#1511 = DIRECTION('',(1.,0.,-0.));
#1512 = PCURVE('',#352,#1513);
#1513 = DEFINITIONAL_REPRESENTATION('',(#1514),#1518);
#1514 = LINE('',#1515,#1516);
#1515 = CARTESIAN_POINT('',(0.,52.));
#1516 = VECTOR('',#1517,1.);
#1517 = DIRECTION('',(1.,0.));
#1518 = ( GEOMETRIC_REPRESENTATION_CONTEXT(2) 
PARAMETRIC_REPRESENTATION_CONTEXT() REPRESENTATION_CONTEXT('2D SPACE',''
  ) );
#1519 = PCURVE('',#1057,#1520);
#1520 = DEFINITIONAL_REPRESENTATION('',(#1521),#1525);
#1521 = CIRCLE('',#1522,2.15);
#1522 = AXIS2_PLACEMENT_2D('',#1523,#1524);
#1523 = CARTESIAN_POINT('',(42.,4.5));
#1524 = DIRECTION('',(1.,0.));
#1525 = ( GEOMETRIC_REPRESENTATION_CONTEXT(2) 
PARAMETRIC_REPRESENTATION_CONTEXT() REPRESENTATION_CONTEXT('2D SPACE',''
  ) );
#1526 = ORIENTED_EDGE('',*,*,#1482,.T.);
#1527 = ADVANCED_FACE('',(#1528),#383,.F.);
#1528 = FACE_BOUND('',#1529,.F.);
#1529 = EDGE_LOOP('',(#1530,#1531,#1554,#1581));
#1530 = ORIENTED_EDGE('',*,*,#366,.F.);
#1531 = ORIENTED_EDGE('',*,*,#1532,.F.);
#1532 = EDGE_CURVE('',#1533,#367,#1535,.T.);
#1533 = VERTEX_POINT('',#1534);
#1534 = CARTESIAN_POINT('',(634.02436867076,-12.37436867076,546.));
#1535 = SEAM_CURVE('',#1536,(#1540,#1547),.PCURVE_S1.);
#1536 = LINE('',#1537,#1538);
#1537 = CARTESIAN_POINT('',(634.02436867076,-12.37436867076,546.));
#1538 = VECTOR('',#1539,1.);
#1539 = DIRECTION('',(0.,0.,1.));
#1540 = PCURVE('',#383,#1541);
#1541 = DEFINITIONAL_REPRESENTATION('',(#1542),#1546);
#1542 = LINE('',#1543,#1544);
#1543 = CARTESIAN_POINT('',(6.28318530718,-0.));
#1544 = VECTOR('',#1545,1.);
#1545 = DIRECTION('',(0.,1.));
#1546 = ( GEOMETRIC_REPRESENTATION_CONTEXT(2) 
PARAMETRIC_REPRESENTATION_CONTEXT() REPRESENTATION_CONTEXT('2D SPACE',''
  ) );
#1547 = PCURVE('',#383,#1548);
#1548 = DEFINITIONAL_REPRESENTATION('',(#1549),#1553);
#1549 = LINE('',#1550,#1551);
#1550 = CARTESIAN_POINT('',(0.,-0.));
#1551 = VECTOR('',#1552,1.);
#1552 = DIRECTION('',(0.,1.));
#1553 = ( GEOMETRIC_REPRESENTATION_CONTEXT(2) 
PARAMETRIC_REPRESENTATION_CONTEXT() REPRESENTATION_CONTEXT('2D SPACE',''
  ) );
#1554 = ORIENTED_EDGE('',*,*,#1555,.T.);
#1555 = EDGE_CURVE('',#1533,#1533,#1556,.T.);
#1556 = SURFACE_CURVE('',#1557,(#1562,#1569),.PCURVE_S1.);
#1557 = CIRCLE('',#1558,1.65);
#1558 = AXIS2_PLACEMENT_3D('',#1559,#1560,#1561);
#1559 = CARTESIAN_POINT('',(632.37436867076,-12.37436867076,546.));
#1560 = DIRECTION('',(0.,0.,1.));
#1561 = DIRECTION('',(1.,0.,-0.));
#1562 = PCURVE('',#383,#1563);
#1563 = DEFINITIONAL_REPRESENTATION('',(#1564),#1568);
#1564 = LINE('',#1565,#1566);
#1565 = CARTESIAN_POINT('',(0.,0.));
#1566 = VECTOR('',#1567,1.);
#1567 = DIRECTION('',(1.,0.));
#1568 = ( GEOMETRIC_REPRESENTATION_CONTEXT(2) 
PARAMETRIC_REPRESENTATION_CONTEXT() REPRESENTATION_CONTEXT('2D SPACE',''
  ) );
#1569 = PCURVE('',#1570,#1575);
#1570 = PLANE('',#1571);
#1571 = AXIS2_PLACEMENT_3D('',#1572,#1573,#1574);
#1572 = CARTESIAN_POINT('',(632.37436867076,-12.37436867076,546.));
#1573 = DIRECTION('',(0.,0.,1.));
#1574 = DIRECTION('',(1.,0.,-0.));
#1575 = DEFINITIONAL_REPRESENTATION('',(#1576),#1580);
#1576 = CIRCLE('',#1577,1.65);
#1577 = AXIS2_PLACEMENT_2D('',#1578,#1579);
#1578 = CARTESIAN_POINT('',(0.,0.));
#1579 = DIRECTION('',(1.,0.));
#1580 = ( GEOMETRIC_REPRESENTATION_CONTEXT(2) 
PARAMETRIC_REPRESENTATION_CONTEXT() REPRESENTATION_CONTEXT('2D SPACE',''
  ) );
#1581 = ORIENTED_EDGE('',*,*,#1532,.T.);
#1582 = ADVANCED_FACE('',(#1583),#414,.F.);
#1583 = FACE_BOUND('',#1584,.F.);
#1584 = EDGE_LOOP('',(#1585,#1586,#1609,#1636));
#1585 = ORIENTED_EDGE('',*,*,#397,.F.);
#1586 = ORIENTED_EDGE('',*,*,#1587,.F.);
#1587 = EDGE_CURVE('',#1588,#398,#1590,.T.);
#1588 = VERTEX_POINT('',#1589);
#1589 = CARTESIAN_POINT('',(609.27563132923,12.374368670765,546.));
#1590 = SEAM_CURVE('',#1591,(#1595,#1602),.PCURVE_S1.);
#1591 = LINE('',#1592,#1593);
#1592 = CARTESIAN_POINT('',(609.27563132923,12.374368670765,546.));
#1593 = VECTOR('',#1594,1.);
#1594 = DIRECTION('',(0.,0.,1.));
#1595 = PCURVE('',#414,#1596);
#1596 = DEFINITIONAL_REPRESENTATION('',(#1597),#1601);
#1597 = LINE('',#1598,#1599);
#1598 = CARTESIAN_POINT('',(6.28318530718,-0.));
#1599 = VECTOR('',#1600,1.);
#1600 = DIRECTION('',(0.,1.));
#1601 = ( GEOMETRIC_REPRESENTATION_CONTEXT(2) 
PARAMETRIC_REPRESENTATION_CONTEXT() REPRESENTATION_CONTEXT('2D SPACE',''
  ) );
#1602 = PCURVE('',#414,#1603);
#1603 = DEFINITIONAL_REPRESENTATION('',(#1604),#1608);
#1604 = LINE('',#1605,#1606);
#1605 = CARTESIAN_POINT('',(0.,-0.));
#1606 = VECTOR('',#1607,1.);
#1607 = DIRECTION('',(0.,1.));
#1608 = ( GEOMETRIC_REPRESENTATION_CONTEXT(2) 
PARAMETRIC_REPRESENTATION_CONTEXT() REPRESENTATION_CONTEXT('2D SPACE',''
  ) );
#1609 = ORIENTED_EDGE('',*,*,#1610,.T.);
#1610 = EDGE_CURVE('',#1588,#1588,#1611,.T.);
#1611 = SURFACE_CURVE('',#1612,(#1617,#1624),.PCURVE_S1.);
#1612 = CIRCLE('',#1613,1.65);
#1613 = AXIS2_PLACEMENT_3D('',#1614,#1615,#1616);
#1614 = CARTESIAN_POINT('',(607.62563132923,12.374368670765,546.));
#1615 = DIRECTION('',(0.,0.,1.));
#1616 = DIRECTION('',(1.,0.,-0.));
#1617 = PCURVE('',#414,#1618);
#1618 = DEFINITIONAL_REPRESENTATION('',(#1619),#1623);
#1619 = LINE('',#1620,#1621);
#1620 = CARTESIAN_POINT('',(0.,0.));
#1621 = VECTOR('',#1622,1.);
#1622 = DIRECTION('',(1.,0.));
#1623 = ( GEOMETRIC_REPRESENTATION_CONTEXT(2) 
PARAMETRIC_REPRESENTATION_CONTEXT() REPRESENTATION_CONTEXT('2D SPACE',''
  ) );
#1624 = PCURVE('',#1625,#1630);
#1625 = PLANE('',#1626);
#1626 = AXIS2_PLACEMENT_3D('',#1627,#1628,#1629);
#1627 = CARTESIAN_POINT('',(607.62563132923,12.374368670765,546.));
#1628 = DIRECTION('',(0.,0.,1.));
#1629 = DIRECTION('',(1.,0.,-0.));
#1630 = DEFINITIONAL_REPRESENTATION('',(#1631),#1635);
#1631 = CIRCLE('',#1632,1.65);
#1632 = AXIS2_PLACEMENT_2D('',#1633,#1634);
#1633 = CARTESIAN_POINT('',(0.,0.));
#1634 = DIRECTION('',(1.,0.));
#1635 = ( GEOMETRIC_REPRESENTATION_CONTEXT(2) 
PARAMETRIC_REPRESENTATION_CONTEXT() REPRESENTATION_CONTEXT('2D SPACE',''
  ) );
#1636 = ORIENTED_EDGE('',*,*,#1587,.T.);
#1637 = ADVANCED_FACE('',(#1638),#445,.F.);
#1638 = FACE_BOUND('',#1639,.F.);
#1639 = EDGE_LOOP('',(#1640,#1641,#1662,#1663));
#1640 = ORIENTED_EDGE('',*,*,#428,.F.);
#1641 = ORIENTED_EDGE('',*,*,#1642,.F.);
#1642 = EDGE_CURVE('',#783,#429,#1643,.T.);
#1643 = SEAM_CURVE('',#1644,(#1648,#1655),.PCURVE_S1.);
#1644 = LINE('',#1645,#1646);
#1645 = CARTESIAN_POINT('',(605.15,25.5,477.));
#1646 = VECTOR('',#1647,1.);
#1647 = DIRECTION('',(0.,0.,1.));
#1648 = PCURVE('',#445,#1649);
#1649 = DEFINITIONAL_REPRESENTATION('',(#1650),#1654);
#1650 = LINE('',#1651,#1652);
#1651 = CARTESIAN_POINT('',(6.28318530718,-0.));
#1652 = VECTOR('',#1653,1.);
#1653 = DIRECTION('',(0.,1.));
#1654 = ( GEOMETRIC_REPRESENTATION_CONTEXT(2) 
PARAMETRIC_REPRESENTATION_CONTEXT() REPRESENTATION_CONTEXT('2D SPACE',''
  ) );
#1655 = PCURVE('',#445,#1656);
#1656 = DEFINITIONAL_REPRESENTATION('',(#1657),#1661);
#1657 = LINE('',#1658,#1659);
#1658 = CARTESIAN_POINT('',(0.,-0.));
#1659 = VECTOR('',#1660,1.);
#1660 = DIRECTION('',(0.,1.));
#1661 = ( GEOMETRIC_REPRESENTATION_CONTEXT(2) 
PARAMETRIC_REPRESENTATION_CONTEXT() REPRESENTATION_CONTEXT('2D SPACE',''
  ) );
#1662 = ORIENTED_EDGE('',*,*,#782,.T.);
#1663 = ORIENTED_EDGE('',*,*,#1642,.T.);
#1664 = ADVANCED_FACE('',(#1665),#476,.F.);
#1665 = FACE_BOUND('',#1666,.F.);
#1666 = EDGE_LOOP('',(#1667,#1668,#1691,#1718));
#1667 = ORIENTED_EDGE('',*,*,#459,.F.);
#1668 = ORIENTED_EDGE('',*,*,#1669,.F.);
#1669 = EDGE_CURVE('',#1670,#460,#1672,.T.);
#1670 = VERTEX_POINT('',#1671);
#1671 = CARTESIAN_POINT('',(634.02436867076,12.374368670765,546.));
#1672 = SEAM_CURVE('',#1673,(#1677,#1684),.PCURVE_S1.);
#1673 = LINE('',#1674,#1675);
#1674 = CARTESIAN_POINT('',(634.02436867076,12.374368670765,546.));
#1675 = VECTOR('',#1676,1.);
#1676 = DIRECTION('',(0.,0.,1.));
#1677 = PCURVE('',#476,#1678);
#1678 = DEFINITIONAL_REPRESENTATION('',(#1679),#1683);
#1679 = LINE('',#1680,#1681);
#1680 = CARTESIAN_POINT('',(6.28318530718,-0.));
#1681 = VECTOR('',#1682,1.);
#1682 = DIRECTION('',(0.,1.));
#1683 = ( GEOMETRIC_REPRESENTATION_CONTEXT(2) 
PARAMETRIC_REPRESENTATION_CONTEXT() REPRESENTATION_CONTEXT('2D SPACE',''
  ) );
#1684 = PCURVE('',#476,#1685);
#1685 = DEFINITIONAL_REPRESENTATION('',(#1686),#1690);
#1686 = LINE('',#1687,#1688);
#1687 = CARTESIAN_POINT('',(0.,-0.));
#1688 = VECTOR('',#1689,1.);
#1689 = DIRECTION('',(0.,1.));
#1690 = ( GEOMETRIC_REPRESENTATION_CONTEXT(2) 
PARAMETRIC_REPRESENTATION_CONTEXT() REPRESENTATION_CONTEXT('2D SPACE',''
  ) );
#1691 = ORIENTED_EDGE('',*,*,#1692,.T.);
#1692 = EDGE_CURVE('',#1670,#1670,#1693,.T.);
#1693 = SURFACE_CURVE('',#1694,(#1699,#1706),.PCURVE_S1.);
#1694 = CIRCLE('',#1695,1.65);
#1695 = AXIS2_PLACEMENT_3D('',#1696,#1697,#1698);
#1696 = CARTESIAN_POINT('',(632.37436867076,12.374368670765,546.));
#1697 = DIRECTION('',(0.,0.,1.));
#1698 = DIRECTION('',(1.,0.,-0.));
#1699 = PCURVE('',#476,#1700);
#1700 = DEFINITIONAL_REPRESENTATION('',(#1701),#1705);
#1701 = LINE('',#1702,#1703);
#1702 = CARTESIAN_POINT('',(0.,0.));
#1703 = VECTOR('',#1704,1.);
#1704 = DIRECTION('',(1.,0.));
#1705 = ( GEOMETRIC_REPRESENTATION_CONTEXT(2) 
PARAMETRIC_REPRESENTATION_CONTEXT() REPRESENTATION_CONTEXT('2D SPACE',''
  ) );
#1706 = PCURVE('',#1707,#1712);
#1707 = PLANE('',#1708);
#1708 = AXIS2_PLACEMENT_3D('',#1709,#1710,#1711);
#1709 = CARTESIAN_POINT('',(632.37436867076,12.374368670765,546.));
#1710 = DIRECTION('',(0.,0.,1.));
#1711 = DIRECTION('',(1.,0.,-0.));
#1712 = DEFINITIONAL_REPRESENTATION('',(#1713),#1717);
#1713 = CIRCLE('',#1714,1.65);
#1714 = AXIS2_PLACEMENT_2D('',#1715,#1716);
#1715 = CARTESIAN_POINT('',(0.,0.));
#1716 = DIRECTION('',(1.,0.));
#1717 = ( GEOMETRIC_REPRESENTATION_CONTEXT(2) 
PARAMETRIC_REPRESENTATION_CONTEXT() REPRESENTATION_CONTEXT('2D SPACE',''
  ) );
#1718 = ORIENTED_EDGE('',*,*,#1669,.T.);
#1719 = ADVANCED_FACE('',(#1720),#507,.F.);
#1720 = FACE_BOUND('',#1721,.F.);
#1721 = EDGE_LOOP('',(#1722,#1723,#1746,#1768));
#1722 = ORIENTED_EDGE('',*,*,#490,.F.);
#1723 = ORIENTED_EDGE('',*,*,#1724,.F.);
#1724 = EDGE_CURVE('',#1725,#491,#1727,.T.);
#1725 = VERTEX_POINT('',#1726);
#1726 = CARTESIAN_POINT('',(639.15,25.5,529.));
#1727 = SEAM_CURVE('',#1728,(#1732,#1739),.PCURVE_S1.);
#1728 = LINE('',#1729,#1730);
#1729 = CARTESIAN_POINT('',(639.15,25.5,477.));
#1730 = VECTOR('',#1731,1.);
#1731 = DIRECTION('',(0.,0.,1.));
#1732 = PCURVE('',#507,#1733);
#1733 = DEFINITIONAL_REPRESENTATION('',(#1734),#1738);
#1734 = LINE('',#1735,#1736);
#1735 = CARTESIAN_POINT('',(6.28318530718,-0.));
#1736 = VECTOR('',#1737,1.);
#1737 = DIRECTION('',(0.,1.));
#1738 = ( GEOMETRIC_REPRESENTATION_CONTEXT(2) 
PARAMETRIC_REPRESENTATION_CONTEXT() REPRESENTATION_CONTEXT('2D SPACE',''
  ) );
#1739 = PCURVE('',#507,#1740);
#1740 = DEFINITIONAL_REPRESENTATION('',(#1741),#1745);
#1741 = LINE('',#1742,#1743);
#1742 = CARTESIAN_POINT('',(0.,-0.));
#1743 = VECTOR('',#1744,1.);
#1744 = DIRECTION('',(0.,1.));
#1745 = ( GEOMETRIC_REPRESENTATION_CONTEXT(2) 
PARAMETRIC_REPRESENTATION_CONTEXT() REPRESENTATION_CONTEXT('2D SPACE',''
  ) );
#1746 = ORIENTED_EDGE('',*,*,#1747,.T.);
#1747 = EDGE_CURVE('',#1725,#1725,#1748,.T.);
#1748 = SURFACE_CURVE('',#1749,(#1754,#1761),.PCURVE_S1.);
#1749 = CIRCLE('',#1750,2.15);
#1750 = AXIS2_PLACEMENT_3D('',#1751,#1752,#1753);
#1751 = CARTESIAN_POINT('',(637.,25.5,529.));
#1752 = DIRECTION('',(0.,0.,1.));
#1753 = DIRECTION('',(1.,0.,-0.));
#1754 = PCURVE('',#507,#1755);
#1755 = DEFINITIONAL_REPRESENTATION('',(#1756),#1760);
#1756 = LINE('',#1757,#1758);
#1757 = CARTESIAN_POINT('',(0.,52.));
#1758 = VECTOR('',#1759,1.);
#1759 = DIRECTION('',(1.,0.));
#1760 = ( GEOMETRIC_REPRESENTATION_CONTEXT(2) 
PARAMETRIC_REPRESENTATION_CONTEXT() REPRESENTATION_CONTEXT('2D SPACE',''
  ) );
#1761 = PCURVE('',#540,#1762);
#1762 = DEFINITIONAL_REPRESENTATION('',(#1763),#1767);
#1763 = CIRCLE('',#1764,2.15);
#1764 = AXIS2_PLACEMENT_2D('',#1765,#1766);
#1765 = CARTESIAN_POINT('',(42.,55.5));
#1766 = DIRECTION('',(1.,0.));
#1767 = ( GEOMETRIC_REPRESENTATION_CONTEXT(2) 
PARAMETRIC_REPRESENTATION_CONTEXT() REPRESENTATION_CONTEXT('2D SPACE',''
  ) );
#1768 = ORIENTED_EDGE('',*,*,#1724,.T.);
#1769 = ADVANCED_FACE('',(#1770,#1796),#540,.F.);
#1770 = FACE_BOUND('',#1771,.F.);
#1771 = EDGE_LOOP('',(#1772,#1793,#1794,#1795));
#1772 = ORIENTED_EDGE('',*,*,#1773,.T.);
#1773 = EDGE_CURVE('',#523,#810,#1774,.T.);
#1774 = SURFACE_CURVE('',#1775,(#1779,#1786),.PCURVE_S1.);
#1775 = LINE('',#1776,#1777);
#1776 = CARTESIAN_POINT('',(622.65,60.,529.));
#1777 = VECTOR('',#1778,1.);
#1778 = DIRECTION('',(0.,-1.,2.22044604925E-16));
#1779 = PCURVE('',#540,#1780);
#1780 = DEFINITIONAL_REPRESENTATION('',(#1781),#1785);
#1781 = LINE('',#1782,#1783);
#1782 = CARTESIAN_POINT('',(27.65,90.));
#1783 = VECTOR('',#1784,1.);
#1784 = DIRECTION('',(0.,-1.));
#1785 = ( GEOMETRIC_REPRESENTATION_CONTEXT(2) 
PARAMETRIC_REPRESENTATION_CONTEXT() REPRESENTATION_CONTEXT('2D SPACE',''
  ) );
#1786 = PCURVE('',#573,#1787);
#1787 = DEFINITIONAL_REPRESENTATION('',(#1788),#1792);
#1788 = LINE('',#1789,#1790);
#1789 = CARTESIAN_POINT('',(0.,-0.));
#1790 = VECTOR('',#1791,1.);
#1791 = DIRECTION('',(0.,1.));
#1792 = ( GEOMETRIC_REPRESENTATION_CONTEXT(2) 
PARAMETRIC_REPRESENTATION_CONTEXT() REPRESENTATION_CONTEXT('2D SPACE',''
  ) );
#1793 = ORIENTED_EDGE('',*,*,#809,.T.);
#1794 = ORIENTED_EDGE('',*,*,#1374,.T.);
#1795 = ORIENTED_EDGE('',*,*,#522,.F.);
#1796 = FACE_BOUND('',#1797,.F.);
#1797 = EDGE_LOOP('',(#1798));
#1798 = ORIENTED_EDGE('',*,*,#1747,.F.);
#1799 = ADVANCED_FACE('',(#1800),#573,.F.);
#1800 = FACE_BOUND('',#1801,.F.);
#1801 = EDGE_LOOP('',(#1802,#1803,#1804,#1805));
#1802 = ORIENTED_EDGE('',*,*,#832,.F.);
#1803 = ORIENTED_EDGE('',*,*,#1773,.F.);
#1804 = ORIENTED_EDGE('',*,*,#552,.T.);
#1805 = ORIENTED_EDGE('',*,*,#760,.T.);
#1806 = ADVANCED_FACE('',(#1807),#648,.F.);
#1807 = FACE_BOUND('',#1808,.F.);
#1808 = EDGE_LOOP('',(#1809,#1832,#1860,#1881));
#1809 = ORIENTED_EDGE('',*,*,#1810,.F.);
#1810 = EDGE_CURVE('',#1811,#632,#1813,.T.);
#1811 = VERTEX_POINT('',#1812);
#1812 = CARTESIAN_POINT('',(609.65,24.6,550.5));
#1813 = SURFACE_CURVE('',#1814,(#1818,#1825),.PCURVE_S1.);
#1814 = LINE('',#1815,#1816);
#1815 = CARTESIAN_POINT('',(609.65,24.6,550.5));
#1816 = VECTOR('',#1817,1.);
#1817 = DIRECTION('',(-0.,1.,0.));
#1818 = PCURVE('',#648,#1819);
#1819 = DEFINITIONAL_REPRESENTATION('',(#1820),#1824);
#1820 = LINE('',#1821,#1822);
#1821 = CARTESIAN_POINT('',(0.,0.));
#1822 = VECTOR('',#1823,1.);
#1823 = DIRECTION('',(0.,1.));
#1824 = ( GEOMETRIC_REPRESENTATION_CONTEXT(2) 
PARAMETRIC_REPRESENTATION_CONTEXT() REPRESENTATION_CONTEXT('2D SPACE',''
  ) );
#1825 = PCURVE('',#674,#1826);
#1826 = DEFINITIONAL_REPRESENTATION('',(#1827),#1831);
#1827 = LINE('',#1828,#1829);
#1828 = CARTESIAN_POINT('',(17.,0.));
#1829 = VECTOR('',#1830,1.);
#1830 = DIRECTION('',(0.,-1.));
#1831 = ( GEOMETRIC_REPRESENTATION_CONTEXT(2) 
PARAMETRIC_REPRESENTATION_CONTEXT() REPRESENTATION_CONTEXT('2D SPACE',''
  ) );
#1832 = ORIENTED_EDGE('',*,*,#1833,.T.);
#1833 = EDGE_CURVE('',#1811,#1834,#1836,.T.);
#1834 = VERTEX_POINT('',#1835);
#1835 = CARTESIAN_POINT('',(630.35,24.6,550.5));
#1836 = SURFACE_CURVE('',#1837,(#1841,#1848),.PCURVE_S1.);
#1837 = LINE('',#1838,#1839);
#1838 = CARTESIAN_POINT('',(609.65,24.6,550.5));
#1839 = VECTOR('',#1840,1.);
#1840 = DIRECTION('',(1.,0.,-0.));
#1841 = PCURVE('',#648,#1842);
#1842 = DEFINITIONAL_REPRESENTATION('',(#1843),#1847);
#1843 = LINE('',#1844,#1845);
#1844 = CARTESIAN_POINT('',(0.,0.));
#1845 = VECTOR('',#1846,1.);
#1846 = DIRECTION('',(1.,0.));
#1847 = ( GEOMETRIC_REPRESENTATION_CONTEXT(2) 
PARAMETRIC_REPRESENTATION_CONTEXT() REPRESENTATION_CONTEXT('2D SPACE',''
  ) );
#1848 = PCURVE('',#1849,#1854);
#1849 = PLANE('',#1850);
#1850 = AXIS2_PLACEMENT_3D('',#1851,#1852,#1853);
#1851 = CARTESIAN_POINT('',(609.65,24.6,533.5));
#1852 = DIRECTION('',(-0.,1.,0.));
#1853 = DIRECTION('',(0.,0.,1.));
#1854 = DEFINITIONAL_REPRESENTATION('',(#1855),#1859);
#1855 = LINE('',#1856,#1857);
#1856 = CARTESIAN_POINT('',(17.,0.));
#1857 = VECTOR('',#1858,1.);
#1858 = DIRECTION('',(0.,1.));
#1859 = ( GEOMETRIC_REPRESENTATION_CONTEXT(2) 
PARAMETRIC_REPRESENTATION_CONTEXT() REPRESENTATION_CONTEXT('2D SPACE',''
  ) );
#1860 = ORIENTED_EDGE('',*,*,#1861,.T.);
#1861 = EDGE_CURVE('',#1834,#634,#1862,.T.);
#1862 = SURFACE_CURVE('',#1863,(#1867,#1874),.PCURVE_S1.);
#1863 = LINE('',#1864,#1865);
#1864 = CARTESIAN_POINT('',(630.35,24.6,550.5));
#1865 = VECTOR('',#1866,1.);
#1866 = DIRECTION('',(-0.,1.,0.));
#1867 = PCURVE('',#648,#1868);
#1868 = DEFINITIONAL_REPRESENTATION('',(#1869),#1873);
#1869 = LINE('',#1870,#1871);
#1870 = CARTESIAN_POINT('',(20.7,0.));
#1871 = VECTOR('',#1872,1.);
#1872 = DIRECTION('',(0.,1.));
#1873 = ( GEOMETRIC_REPRESENTATION_CONTEXT(2) 
PARAMETRIC_REPRESENTATION_CONTEXT() REPRESENTATION_CONTEXT('2D SPACE',''
  ) );
#1874 = PCURVE('',#724,#1875);
#1875 = DEFINITIONAL_REPRESENTATION('',(#1876),#1880);
#1876 = LINE('',#1877,#1878);
#1877 = CARTESIAN_POINT('',(17.,0.));
#1878 = VECTOR('',#1879,1.);
#1879 = DIRECTION('',(0.,-1.));
#1880 = ( GEOMETRIC_REPRESENTATION_CONTEXT(2) 
PARAMETRIC_REPRESENTATION_CONTEXT() REPRESENTATION_CONTEXT('2D SPACE',''
  ) );
#1881 = ORIENTED_EDGE('',*,*,#631,.F.);
#1882 = ADVANCED_FACE('',(#1883),#724,.F.);
#1883 = FACE_BOUND('',#1884,.F.);
#1884 = EDGE_LOOP('',(#1885,#1886,#1909,#1930));
#1885 = ORIENTED_EDGE('',*,*,#1861,.F.);
#1886 = ORIENTED_EDGE('',*,*,#1887,.F.);
#1887 = EDGE_CURVE('',#1888,#1834,#1890,.T.);
#1888 = VERTEX_POINT('',#1889);
#1889 = CARTESIAN_POINT('',(630.35,24.6,533.5));
#1890 = SURFACE_CURVE('',#1891,(#1895,#1902),.PCURVE_S1.);
#1891 = LINE('',#1892,#1893);
#1892 = CARTESIAN_POINT('',(630.35,24.6,533.5));
#1893 = VECTOR('',#1894,1.);
#1894 = DIRECTION('',(0.,0.,1.));
#1895 = PCURVE('',#724,#1896);
#1896 = DEFINITIONAL_REPRESENTATION('',(#1897),#1901);
#1897 = LINE('',#1898,#1899);
#1898 = CARTESIAN_POINT('',(0.,0.));
#1899 = VECTOR('',#1900,1.);
#1900 = DIRECTION('',(1.,0.));
#1901 = ( GEOMETRIC_REPRESENTATION_CONTEXT(2) 
PARAMETRIC_REPRESENTATION_CONTEXT() REPRESENTATION_CONTEXT('2D SPACE',''
  ) );
#1902 = PCURVE('',#1849,#1903);
#1903 = DEFINITIONAL_REPRESENTATION('',(#1904),#1908);
#1904 = LINE('',#1905,#1906);
#1905 = CARTESIAN_POINT('',(0.,20.7));
#1906 = VECTOR('',#1907,1.);
#1907 = DIRECTION('',(1.,0.));
#1908 = ( GEOMETRIC_REPRESENTATION_CONTEXT(2) 
PARAMETRIC_REPRESENTATION_CONTEXT() REPRESENTATION_CONTEXT('2D SPACE',''
  ) );
#1909 = ORIENTED_EDGE('',*,*,#1910,.T.);
#1910 = EDGE_CURVE('',#1888,#686,#1911,.T.);
#1911 = SURFACE_CURVE('',#1912,(#1916,#1923),.PCURVE_S1.);
#1912 = LINE('',#1913,#1914);
#1913 = CARTESIAN_POINT('',(630.35,24.6,533.5));
#1914 = VECTOR('',#1915,1.);
#1915 = DIRECTION('',(-0.,1.,0.));
#1916 = PCURVE('',#724,#1917);
#1917 = DEFINITIONAL_REPRESENTATION('',(#1918),#1922);
#1918 = LINE('',#1919,#1920);
#1919 = CARTESIAN_POINT('',(0.,0.));
#1920 = VECTOR('',#1921,1.);
#1921 = DIRECTION('',(0.,-1.));
#1922 = ( GEOMETRIC_REPRESENTATION_CONTEXT(2) 
PARAMETRIC_REPRESENTATION_CONTEXT() REPRESENTATION_CONTEXT('2D SPACE',''
  ) );
#1923 = PCURVE('',#700,#1924);
#1924 = DEFINITIONAL_REPRESENTATION('',(#1925),#1929);
#1925 = LINE('',#1926,#1927);
#1926 = CARTESIAN_POINT('',(20.7,0.));
#1927 = VECTOR('',#1928,1.);
#1928 = DIRECTION('',(0.,1.));
#1929 = ( GEOMETRIC_REPRESENTATION_CONTEXT(2) 
PARAMETRIC_REPRESENTATION_CONTEXT() REPRESENTATION_CONTEXT('2D SPACE',''
  ) );
#1930 = ORIENTED_EDGE('',*,*,#711,.F.);
#1931 = ADVANCED_FACE('',(#1932),#700,.T.);
#1932 = FACE_BOUND('',#1933,.T.);
#1933 = EDGE_LOOP('',(#1934,#1957,#1978,#1979));
#1934 = ORIENTED_EDGE('',*,*,#1935,.F.);
#1935 = EDGE_CURVE('',#1936,#660,#1938,.T.);
#1936 = VERTEX_POINT('',#1937);
#1937 = CARTESIAN_POINT('',(609.65,24.6,533.5));
#1938 = SURFACE_CURVE('',#1939,(#1943,#1950),.PCURVE_S1.);
#1939 = LINE('',#1940,#1941);
#1940 = CARTESIAN_POINT('',(609.65,24.6,533.5));
#1941 = VECTOR('',#1942,1.);
#1942 = DIRECTION('',(-0.,1.,0.));
#1943 = PCURVE('',#700,#1944);
#1944 = DEFINITIONAL_REPRESENTATION('',(#1945),#1949);
#1945 = LINE('',#1946,#1947);
#1946 = CARTESIAN_POINT('',(0.,0.));
#1947 = VECTOR('',#1948,1.);
#1948 = DIRECTION('',(0.,1.));
#1949 = ( GEOMETRIC_REPRESENTATION_CONTEXT(2) 
PARAMETRIC_REPRESENTATION_CONTEXT() REPRESENTATION_CONTEXT('2D SPACE',''
  ) );
#1950 = PCURVE('',#674,#1951);
#1951 = DEFINITIONAL_REPRESENTATION('',(#1952),#1956);
#1952 = LINE('',#1953,#1954);
#1953 = CARTESIAN_POINT('',(0.,0.));
#1954 = VECTOR('',#1955,1.);
#1955 = DIRECTION('',(0.,-1.));
#1956 = ( GEOMETRIC_REPRESENTATION_CONTEXT(2) 
PARAMETRIC_REPRESENTATION_CONTEXT() REPRESENTATION_CONTEXT('2D SPACE',''
  ) );
#1957 = ORIENTED_EDGE('',*,*,#1958,.T.);
#1958 = EDGE_CURVE('',#1936,#1888,#1959,.T.);
#1959 = SURFACE_CURVE('',#1960,(#1964,#1971),.PCURVE_S1.);
#1960 = LINE('',#1961,#1962);
#1961 = CARTESIAN_POINT('',(609.65,24.6,533.5));
#1962 = VECTOR('',#1963,1.);
#1963 = DIRECTION('',(1.,0.,-0.));
#1964 = PCURVE('',#700,#1965);
#1965 = DEFINITIONAL_REPRESENTATION('',(#1966),#1970);
#1966 = LINE('',#1967,#1968);
#1967 = CARTESIAN_POINT('',(0.,0.));
#1968 = VECTOR('',#1969,1.);
#1969 = DIRECTION('',(1.,0.));
#1970 = ( GEOMETRIC_REPRESENTATION_CONTEXT(2) 
PARAMETRIC_REPRESENTATION_CONTEXT() REPRESENTATION_CONTEXT('2D SPACE',''
  ) );
#1971 = PCURVE('',#1849,#1972);
#1972 = DEFINITIONAL_REPRESENTATION('',(#1973),#1977);
#1973 = LINE('',#1974,#1975);
#1974 = CARTESIAN_POINT('',(0.,0.));
#1975 = VECTOR('',#1976,1.);
#1976 = DIRECTION('',(0.,1.));
#1977 = ( GEOMETRIC_REPRESENTATION_CONTEXT(2) 
PARAMETRIC_REPRESENTATION_CONTEXT() REPRESENTATION_CONTEXT('2D SPACE',''
  ) );
#1978 = ORIENTED_EDGE('',*,*,#1910,.T.);
#1979 = ORIENTED_EDGE('',*,*,#685,.F.);
#1980 = ADVANCED_FACE('',(#1981),#674,.T.);
#1981 = FACE_BOUND('',#1982,.T.);
#1982 = EDGE_LOOP('',(#1983,#1984,#2005,#2006));
#1983 = ORIENTED_EDGE('',*,*,#1810,.F.);
#1984 = ORIENTED_EDGE('',*,*,#1985,.F.);
#1985 = EDGE_CURVE('',#1936,#1811,#1986,.T.);
#1986 = SURFACE_CURVE('',#1987,(#1991,#1998),.PCURVE_S1.);
#1987 = LINE('',#1988,#1989);
#1988 = CARTESIAN_POINT('',(609.65,24.6,533.5));
#1989 = VECTOR('',#1990,1.);
#1990 = DIRECTION('',(0.,0.,1.));
#1991 = PCURVE('',#674,#1992);
#1992 = DEFINITIONAL_REPRESENTATION('',(#1993),#1997);
#1993 = LINE('',#1994,#1995);
#1994 = CARTESIAN_POINT('',(0.,0.));
#1995 = VECTOR('',#1996,1.);
#1996 = DIRECTION('',(1.,0.));
#1997 = ( GEOMETRIC_REPRESENTATION_CONTEXT(2) 
PARAMETRIC_REPRESENTATION_CONTEXT() REPRESENTATION_CONTEXT('2D SPACE',''
  ) );
#1998 = PCURVE('',#1849,#1999);
#1999 = DEFINITIONAL_REPRESENTATION('',(#2000),#2004);
#2000 = LINE('',#2001,#2002);
#2001 = CARTESIAN_POINT('',(0.,0.));
#2002 = VECTOR('',#2003,1.);
#2003 = DIRECTION('',(1.,0.));
#2004 = ( GEOMETRIC_REPRESENTATION_CONTEXT(2) 
PARAMETRIC_REPRESENTATION_CONTEXT() REPRESENTATION_CONTEXT('2D SPACE',''
  ) );
#2005 = ORIENTED_EDGE('',*,*,#1935,.T.);
#2006 = ORIENTED_EDGE('',*,*,#659,.F.);
#2007 = ADVANCED_FACE('',(#2008,#2034),#1057,.F.);
#2008 = FACE_BOUND('',#2009,.F.);
#2009 = EDGE_LOOP('',(#2010,#2031,#2032,#2033));
#2010 = ORIENTED_EDGE('',*,*,#2011,.T.);
#2011 = EDGE_CURVE('',#946,#1167,#2012,.T.);
#2012 = SURFACE_CURVE('',#2013,(#2017,#2024),.PCURVE_S1.);
#2013 = LINE('',#2014,#2015);
#2014 = CARTESIAN_POINT('',(622.65,60.,529.));
#2015 = VECTOR('',#2016,1.);
#2016 = DIRECTION('',(0.,-1.,2.22044604925E-16));
#2017 = PCURVE('',#1057,#2018);
#2018 = DEFINITIONAL_REPRESENTATION('',(#2019),#2023);
#2019 = LINE('',#2020,#2021);
#2020 = CARTESIAN_POINT('',(27.65,90.));
#2021 = VECTOR('',#2022,1.);
#2022 = DIRECTION('',(0.,-1.));
#2023 = ( GEOMETRIC_REPRESENTATION_CONTEXT(2) 
PARAMETRIC_REPRESENTATION_CONTEXT() REPRESENTATION_CONTEXT('2D SPACE',''
  ) );
#2024 = PCURVE('',#1007,#2025);
#2025 = DEFINITIONAL_REPRESENTATION('',(#2026),#2030);
#2026 = LINE('',#2027,#2028);
#2027 = CARTESIAN_POINT('',(0.,-0.));
#2028 = VECTOR('',#2029,1.);
#2029 = DIRECTION('',(0.,1.));
#2030 = ( GEOMETRIC_REPRESENTATION_CONTEXT(2) 
PARAMETRIC_REPRESENTATION_CONTEXT() REPRESENTATION_CONTEXT('2D SPACE',''
  ) );
#2031 = ORIENTED_EDGE('',*,*,#1166,.T.);
#2032 = ORIENTED_EDGE('',*,*,#1352,.T.);
#2033 = ORIENTED_EDGE('',*,*,#1042,.F.);
#2034 = FACE_BOUND('',#2035,.F.);
#2035 = EDGE_LOOP('',(#2036));
#2036 = ORIENTED_EDGE('',*,*,#1505,.F.);
#2037 = ADVANCED_FACE('',(#2038),#1007,.F.);
#2038 = FACE_BOUND('',#2039,.F.);
#2039 = EDGE_LOOP('',(#2040,#2041,#2042,#2043));
#2040 = ORIENTED_EDGE('',*,*,#1191,.F.);
#2041 = ORIENTED_EDGE('',*,*,#2011,.F.);
#2042 = ORIENTED_EDGE('',*,*,#945,.T.);
#2043 = ORIENTED_EDGE('',*,*,#1117,.T.);
#2044 = ADVANCED_FACE('',(#2045),#1260,.F.);
#2045 = FACE_BOUND('',#2046,.F.);
#2046 = EDGE_LOOP('',(#2047,#2070,#2071,#2094));
#2047 = ORIENTED_EDGE('',*,*,#2048,.F.);
#2048 = EDGE_CURVE('',#1244,#2049,#2051,.T.);
#2049 = VERTEX_POINT('',#2050);
#2050 = CARTESIAN_POINT('',(609.65,-24.6,550.5));
#2051 = SURFACE_CURVE('',#2052,(#2056,#2063),.PCURVE_S1.);
#2052 = LINE('',#2053,#2054);
#2053 = CARTESIAN_POINT('',(609.65,-31.,550.5));
#2054 = VECTOR('',#2055,1.);
#2055 = DIRECTION('',(-0.,1.,0.));
#2056 = PCURVE('',#1260,#2057);
#2057 = DEFINITIONAL_REPRESENTATION('',(#2058),#2062);
#2058 = LINE('',#2059,#2060);
#2059 = CARTESIAN_POINT('',(0.,0.));
#2060 = VECTOR('',#2061,1.);
#2061 = DIRECTION('',(0.,1.));
#2062 = ( GEOMETRIC_REPRESENTATION_CONTEXT(2) 
PARAMETRIC_REPRESENTATION_CONTEXT() REPRESENTATION_CONTEXT('2D SPACE',''
  ) );
#2063 = PCURVE('',#1286,#2064);
#2064 = DEFINITIONAL_REPRESENTATION('',(#2065),#2069);
#2065 = LINE('',#2066,#2067);
#2066 = CARTESIAN_POINT('',(17.,0.));
#2067 = VECTOR('',#2068,1.);
#2068 = DIRECTION('',(0.,-1.));
#2069 = ( GEOMETRIC_REPRESENTATION_CONTEXT(2) 
PARAMETRIC_REPRESENTATION_CONTEXT() REPRESENTATION_CONTEXT('2D SPACE',''
  ) );
#2070 = ORIENTED_EDGE('',*,*,#1243,.T.);
#2071 = ORIENTED_EDGE('',*,*,#2072,.T.);
#2072 = EDGE_CURVE('',#1246,#2073,#2075,.T.);
#2073 = VERTEX_POINT('',#2074);
#2074 = CARTESIAN_POINT('',(630.35,-24.6,550.5));
#2075 = SURFACE_CURVE('',#2076,(#2080,#2087),.PCURVE_S1.);
#2076 = LINE('',#2077,#2078);
#2077 = CARTESIAN_POINT('',(630.35,-31.,550.5));
#2078 = VECTOR('',#2079,1.);
#2079 = DIRECTION('',(-0.,1.,0.));
#2080 = PCURVE('',#1260,#2081);
#2081 = DEFINITIONAL_REPRESENTATION('',(#2082),#2086);
#2082 = LINE('',#2083,#2084);
#2083 = CARTESIAN_POINT('',(20.7,0.));
#2084 = VECTOR('',#2085,1.);
#2085 = DIRECTION('',(0.,1.));
#2086 = ( GEOMETRIC_REPRESENTATION_CONTEXT(2) 
PARAMETRIC_REPRESENTATION_CONTEXT() REPRESENTATION_CONTEXT('2D SPACE',''
  ) );
#2087 = PCURVE('',#1336,#2088);
#2088 = DEFINITIONAL_REPRESENTATION('',(#2089),#2093);
#2089 = LINE('',#2090,#2091);
#2090 = CARTESIAN_POINT('',(17.,0.));
#2091 = VECTOR('',#2092,1.);
#2092 = DIRECTION('',(0.,-1.));
#2093 = ( GEOMETRIC_REPRESENTATION_CONTEXT(2) 
PARAMETRIC_REPRESENTATION_CONTEXT() REPRESENTATION_CONTEXT('2D SPACE',''
  ) );
#2094 = ORIENTED_EDGE('',*,*,#2095,.F.);
#2095 = EDGE_CURVE('',#2049,#2073,#2096,.T.);
#2096 = SURFACE_CURVE('',#2097,(#2101,#2108),.PCURVE_S1.);
#2097 = LINE('',#2098,#2099);
#2098 = CARTESIAN_POINT('',(609.65,-24.6,550.5));
#2099 = VECTOR('',#2100,1.);
#2100 = DIRECTION('',(1.,0.,-0.));
#2101 = PCURVE('',#1260,#2102);
#2102 = DEFINITIONAL_REPRESENTATION('',(#2103),#2107);
#2103 = LINE('',#2104,#2105);
#2104 = CARTESIAN_POINT('',(0.,6.4));
#2105 = VECTOR('',#2106,1.);
#2106 = DIRECTION('',(1.,0.));
#2107 = ( GEOMETRIC_REPRESENTATION_CONTEXT(2) 
PARAMETRIC_REPRESENTATION_CONTEXT() REPRESENTATION_CONTEXT('2D SPACE',''
  ) );
#2108 = PCURVE('',#2109,#2114);
#2109 = PLANE('',#2110);
#2110 = AXIS2_PLACEMENT_3D('',#2111,#2112,#2113);
#2111 = CARTESIAN_POINT('',(609.65,-24.6,533.5));
#2112 = DIRECTION('',(-0.,1.,0.));
#2113 = DIRECTION('',(0.,0.,1.));
#2114 = DEFINITIONAL_REPRESENTATION('',(#2115),#2119);
#2115 = LINE('',#2116,#2117);
#2116 = CARTESIAN_POINT('',(17.,0.));
#2117 = VECTOR('',#2118,1.);
#2118 = DIRECTION('',(0.,1.));
#2119 = ( GEOMETRIC_REPRESENTATION_CONTEXT(2) 
PARAMETRIC_REPRESENTATION_CONTEXT() REPRESENTATION_CONTEXT('2D SPACE',''
  ) );
#2120 = ADVANCED_FACE('',(#2121),#1336,.F.);
#2121 = FACE_BOUND('',#2122,.F.);
#2122 = EDGE_LOOP('',(#2123,#2124,#2125,#2148));
#2123 = ORIENTED_EDGE('',*,*,#2072,.F.);
#2124 = ORIENTED_EDGE('',*,*,#1323,.T.);
#2125 = ORIENTED_EDGE('',*,*,#2126,.T.);
#2126 = EDGE_CURVE('',#1298,#2127,#2129,.T.);
#2127 = VERTEX_POINT('',#2128);
#2128 = CARTESIAN_POINT('',(630.35,-24.6,533.5));
#2129 = SURFACE_CURVE('',#2130,(#2134,#2141),.PCURVE_S1.);
#2130 = LINE('',#2131,#2132);
#2131 = CARTESIAN_POINT('',(630.35,-31.,533.5));
#2132 = VECTOR('',#2133,1.);
#2133 = DIRECTION('',(-0.,1.,0.));
#2134 = PCURVE('',#1336,#2135);
#2135 = DEFINITIONAL_REPRESENTATION('',(#2136),#2140);
#2136 = LINE('',#2137,#2138);
#2137 = CARTESIAN_POINT('',(0.,0.));
#2138 = VECTOR('',#2139,1.);
#2139 = DIRECTION('',(0.,-1.));
#2140 = ( GEOMETRIC_REPRESENTATION_CONTEXT(2) 
PARAMETRIC_REPRESENTATION_CONTEXT() REPRESENTATION_CONTEXT('2D SPACE',''
  ) );
#2141 = PCURVE('',#1312,#2142);
#2142 = DEFINITIONAL_REPRESENTATION('',(#2143),#2147);
#2143 = LINE('',#2144,#2145);
#2144 = CARTESIAN_POINT('',(20.7,0.));
#2145 = VECTOR('',#2146,1.);
#2146 = DIRECTION('',(0.,1.));
#2147 = ( GEOMETRIC_REPRESENTATION_CONTEXT(2) 
PARAMETRIC_REPRESENTATION_CONTEXT() REPRESENTATION_CONTEXT('2D SPACE',''
  ) );
#2148 = ORIENTED_EDGE('',*,*,#2149,.T.);
#2149 = EDGE_CURVE('',#2127,#2073,#2150,.T.);
#2150 = SURFACE_CURVE('',#2151,(#2155,#2162),.PCURVE_S1.);
#2151 = LINE('',#2152,#2153);
#2152 = CARTESIAN_POINT('',(630.35,-24.6,533.5));
#2153 = VECTOR('',#2154,1.);
#2154 = DIRECTION('',(0.,0.,1.));
#2155 = PCURVE('',#1336,#2156);
#2156 = DEFINITIONAL_REPRESENTATION('',(#2157),#2161);
#2157 = LINE('',#2158,#2159);
#2158 = CARTESIAN_POINT('',(0.,-6.4));
#2159 = VECTOR('',#2160,1.);
#2160 = DIRECTION('',(1.,0.));
#2161 = ( GEOMETRIC_REPRESENTATION_CONTEXT(2) 
PARAMETRIC_REPRESENTATION_CONTEXT() REPRESENTATION_CONTEXT('2D SPACE',''
  ) );
#2162 = PCURVE('',#2109,#2163);
#2163 = DEFINITIONAL_REPRESENTATION('',(#2164),#2168);
#2164 = LINE('',#2165,#2166);
#2165 = CARTESIAN_POINT('',(0.,20.7));
#2166 = VECTOR('',#2167,1.);
#2167 = DIRECTION('',(1.,0.));
#2168 = ( GEOMETRIC_REPRESENTATION_CONTEXT(2) 
PARAMETRIC_REPRESENTATION_CONTEXT() REPRESENTATION_CONTEXT('2D SPACE',''
  ) );
#2169 = ADVANCED_FACE('',(#2170),#1312,.T.);
#2170 = FACE_BOUND('',#2171,.T.);
#2171 = EDGE_LOOP('',(#2172,#2195,#2196,#2197));
#2172 = ORIENTED_EDGE('',*,*,#2173,.F.);
#2173 = EDGE_CURVE('',#1272,#2174,#2176,.T.);
#2174 = VERTEX_POINT('',#2175);
#2175 = CARTESIAN_POINT('',(609.65,-24.6,533.5));
#2176 = SURFACE_CURVE('',#2177,(#2181,#2188),.PCURVE_S1.);
#2177 = LINE('',#2178,#2179);
#2178 = CARTESIAN_POINT('',(609.65,-31.,533.5));
#2179 = VECTOR('',#2180,1.);
#2180 = DIRECTION('',(-0.,1.,0.));
#2181 = PCURVE('',#1312,#2182);
#2182 = DEFINITIONAL_REPRESENTATION('',(#2183),#2187);
#2183 = LINE('',#2184,#2185);
#2184 = CARTESIAN_POINT('',(0.,0.));
#2185 = VECTOR('',#2186,1.);
#2186 = DIRECTION('',(0.,1.));
#2187 = ( GEOMETRIC_REPRESENTATION_CONTEXT(2) 
PARAMETRIC_REPRESENTATION_CONTEXT() REPRESENTATION_CONTEXT('2D SPACE',''
  ) );
#2188 = PCURVE('',#1286,#2189);
#2189 = DEFINITIONAL_REPRESENTATION('',(#2190),#2194);
#2190 = LINE('',#2191,#2192);
#2191 = CARTESIAN_POINT('',(0.,0.));
#2192 = VECTOR('',#2193,1.);
#2193 = DIRECTION('',(0.,-1.));
#2194 = ( GEOMETRIC_REPRESENTATION_CONTEXT(2) 
PARAMETRIC_REPRESENTATION_CONTEXT() REPRESENTATION_CONTEXT('2D SPACE',''
  ) );
#2195 = ORIENTED_EDGE('',*,*,#1297,.T.);
#2196 = ORIENTED_EDGE('',*,*,#2126,.T.);
#2197 = ORIENTED_EDGE('',*,*,#2198,.F.);
#2198 = EDGE_CURVE('',#2174,#2127,#2199,.T.);
#2199 = SURFACE_CURVE('',#2200,(#2204,#2211),.PCURVE_S1.);
#2200 = LINE('',#2201,#2202);
#2201 = CARTESIAN_POINT('',(609.65,-24.6,533.5));
#2202 = VECTOR('',#2203,1.);
#2203 = DIRECTION('',(1.,0.,-0.));
#2204 = PCURVE('',#1312,#2205);
#2205 = DEFINITIONAL_REPRESENTATION('',(#2206),#2210);
#2206 = LINE('',#2207,#2208);
#2207 = CARTESIAN_POINT('',(0.,6.4));
#2208 = VECTOR('',#2209,1.);
#2209 = DIRECTION('',(1.,0.));
#2210 = ( GEOMETRIC_REPRESENTATION_CONTEXT(2) 
PARAMETRIC_REPRESENTATION_CONTEXT() REPRESENTATION_CONTEXT('2D SPACE',''
  ) );
#2211 = PCURVE('',#2109,#2212);
#2212 = DEFINITIONAL_REPRESENTATION('',(#2213),#2217);
#2213 = LINE('',#2214,#2215);
#2214 = CARTESIAN_POINT('',(0.,0.));
#2215 = VECTOR('',#2216,1.);
#2216 = DIRECTION('',(0.,1.));
#2217 = ( GEOMETRIC_REPRESENTATION_CONTEXT(2) 
PARAMETRIC_REPRESENTATION_CONTEXT() REPRESENTATION_CONTEXT('2D SPACE',''
  ) );
#2218 = ADVANCED_FACE('',(#2219),#1286,.T.);
#2219 = FACE_BOUND('',#2220,.T.);
#2220 = EDGE_LOOP('',(#2221,#2222,#2223,#2224));
#2221 = ORIENTED_EDGE('',*,*,#2048,.F.);
#2222 = ORIENTED_EDGE('',*,*,#1271,.T.);
#2223 = ORIENTED_EDGE('',*,*,#2173,.T.);
#2224 = ORIENTED_EDGE('',*,*,#2225,.T.);
#2225 = EDGE_CURVE('',#2174,#2049,#2226,.T.);
#2226 = SURFACE_CURVE('',#2227,(#2231,#2238),.PCURVE_S1.);
#2227 = LINE('',#2228,#2229);
#2228 = CARTESIAN_POINT('',(609.65,-24.6,533.5));
#2229 = VECTOR('',#2230,1.);
#2230 = DIRECTION('',(0.,0.,1.));
#2231 = PCURVE('',#1286,#2232);
#2232 = DEFINITIONAL_REPRESENTATION('',(#2233),#2237);
#2233 = LINE('',#2234,#2235);
#2234 = CARTESIAN_POINT('',(0.,-6.4));
#2235 = VECTOR('',#2236,1.);
#2236 = DIRECTION('',(1.,0.));
#2237 = ( GEOMETRIC_REPRESENTATION_CONTEXT(2) 
PARAMETRIC_REPRESENTATION_CONTEXT() REPRESENTATION_CONTEXT('2D SPACE',''
  ) );
#2238 = PCURVE('',#2109,#2239);
#2239 = DEFINITIONAL_REPRESENTATION('',(#2240),#2244);
#2240 = LINE('',#2241,#2242);
#2241 = CARTESIAN_POINT('',(0.,0.));
#2242 = VECTOR('',#2243,1.);
#2243 = DIRECTION('',(1.,0.));
#2244 = ( GEOMETRIC_REPRESENTATION_CONTEXT(2) 
PARAMETRIC_REPRESENTATION_CONTEXT() REPRESENTATION_CONTEXT('2D SPACE',''
  ) );
#2245 = ADVANCED_FACE('',(#2246),#1465,.T.);
#2246 = FACE_BOUND('',#2247,.F.);
#2247 = EDGE_LOOP('',(#2248));
#2248 = ORIENTED_EDGE('',*,*,#1450,.F.);
#2249 = ADVANCED_FACE('',(#2250),#1570,.T.);
#2250 = FACE_BOUND('',#2251,.F.);
#2251 = EDGE_LOOP('',(#2252));
#2252 = ORIENTED_EDGE('',*,*,#1555,.F.);
#2253 = ADVANCED_FACE('',(#2254),#1625,.T.);
#2254 = FACE_BOUND('',#2255,.F.);
#2255 = EDGE_LOOP('',(#2256));
#2256 = ORIENTED_EDGE('',*,*,#1610,.F.);
#2257 = ADVANCED_FACE('',(#2258),#1707,.T.);
#2258 = FACE_BOUND('',#2259,.F.);
#2259 = EDGE_LOOP('',(#2260));
#2260 = ORIENTED_EDGE('',*,*,#1692,.F.);
#2261 = ADVANCED_FACE('',(#2262),#1849,.T.);
#2262 = FACE_BOUND('',#2263,.T.);
#2263 = EDGE_LOOP('',(#2264,#2265,#2266,#2267));
#2264 = ORIENTED_EDGE('',*,*,#1958,.F.);
#2265 = ORIENTED_EDGE('',*,*,#1985,.T.);
#2266 = ORIENTED_EDGE('',*,*,#1833,.T.);
#2267 = ORIENTED_EDGE('',*,*,#1887,.F.);
#2268 = ADVANCED_FACE('',(#2269),#2109,.F.);
#2269 = FACE_BOUND('',#2270,.F.);
#2270 = EDGE_LOOP('',(#2271,#2272,#2273,#2274));
#2271 = ORIENTED_EDGE('',*,*,#2198,.F.);
#2272 = ORIENTED_EDGE('',*,*,#2225,.T.);
#2273 = ORIENTED_EDGE('',*,*,#2095,.T.);
#2274 = ORIENTED_EDGE('',*,*,#2149,.F.);
#2275 = MANIFOLD_SOLID_BREP('',#2276);
#2276 = CLOSED_SHELL('',(#2277,#2454,#2557,#2773,#3065,#3281,#3352,#3606
    ,#3633,#3660,#3709,#3742,#3818,#3867,#3916,#3943,#3998,#4025,#4080,
    #4135,#4162,#4217,#4267,#4297,#4304,#4380,#4429,#4478,#4505,#4512,
    #4516,#4520,#4524,#4528));
#2277 = ADVANCED_FACE('',(#2278),#2292,.F.);
#2278 = FACE_BOUND('',#2279,.F.);
#2279 = EDGE_LOOP('',(#2280,#2315,#2343,#2371,#2399,#2427));
#2280 = ORIENTED_EDGE('',*,*,#2281,.F.);
#2281 = EDGE_CURVE('',#2282,#2284,#2286,.T.);
#2282 = VERTEX_POINT('',#2283);
#2283 = CARTESIAN_POINT('',(595.,-30.,529.));
#2284 = VERTEX_POINT('',#2285);
#2285 = CARTESIAN_POINT('',(595.,-20.1,529.));
#2286 = SURFACE_CURVE('',#2287,(#2291,#2303),.PCURVE_S1.);
#2287 = LINE('',#2288,#2289);
#2288 = CARTESIAN_POINT('',(595.,-30.,529.));
#2289 = VECTOR('',#2290,1.);
#2290 = DIRECTION('',(-0.,1.,0.));
#2291 = PCURVE('',#2292,#2297);
#2292 = PLANE('',#2293);
#2293 = AXIS2_PLACEMENT_3D('',#2294,#2295,#2296);
#2294 = CARTESIAN_POINT('',(595.,-30.,503.));
#2295 = DIRECTION('',(1.,0.,-0.));
#2296 = DIRECTION('',(0.,0.,1.));
#2297 = DEFINITIONAL_REPRESENTATION('',(#2298),#2302);
#2298 = LINE('',#2299,#2300);
#2299 = CARTESIAN_POINT('',(26.,0.));
#2300 = VECTOR('',#2301,1.);
#2301 = DIRECTION('',(0.,-1.));
#2302 = ( GEOMETRIC_REPRESENTATION_CONTEXT(2) 
PARAMETRIC_REPRESENTATION_CONTEXT() REPRESENTATION_CONTEXT('2D SPACE',''
  ) );
#2303 = PCURVE('',#2304,#2309);
#2304 = PLANE('',#2305);
#2305 = AXIS2_PLACEMENT_3D('',#2306,#2307,#2308);
#2306 = CARTESIAN_POINT('',(595.,-30.,529.));
#2307 = DIRECTION('',(0.,0.,1.));
#2308 = DIRECTION('',(1.,0.,-0.));
#2309 = DEFINITIONAL_REPRESENTATION('',(#2310),#2314);
#2310 = LINE('',#2311,#2312);
#2311 = CARTESIAN_POINT('',(0.,0.));
#2312 = VECTOR('',#2313,1.);
#2313 = DIRECTION('',(0.,1.));
#2314 = ( GEOMETRIC_REPRESENTATION_CONTEXT(2) 
PARAMETRIC_REPRESENTATION_CONTEXT() REPRESENTATION_CONTEXT('2D SPACE',''
  ) );
#2315 = ORIENTED_EDGE('',*,*,#2316,.F.);
#2316 = EDGE_CURVE('',#2317,#2282,#2319,.T.);
#2317 = VERTEX_POINT('',#2318);
#2318 = CARTESIAN_POINT('',(595.,-30.,503.));
#2319 = SURFACE_CURVE('',#2320,(#2324,#2331),.PCURVE_S1.);
#2320 = LINE('',#2321,#2322);
#2321 = CARTESIAN_POINT('',(595.,-30.,503.));
#2322 = VECTOR('',#2323,1.);
#2323 = DIRECTION('',(0.,0.,1.));
#2324 = PCURVE('',#2292,#2325);
#2325 = DEFINITIONAL_REPRESENTATION('',(#2326),#2330);
#2326 = LINE('',#2327,#2328);
#2327 = CARTESIAN_POINT('',(0.,0.));
#2328 = VECTOR('',#2329,1.);
#2329 = DIRECTION('',(1.,0.));
#2330 = ( GEOMETRIC_REPRESENTATION_CONTEXT(2) 
PARAMETRIC_REPRESENTATION_CONTEXT() REPRESENTATION_CONTEXT('2D SPACE',''
  ) );
#2331 = PCURVE('',#2332,#2337);
#2332 = PLANE('',#2333);
#2333 = AXIS2_PLACEMENT_3D('',#2334,#2335,#2336);
#2334 = CARTESIAN_POINT('',(595.,-30.,503.));
#2335 = DIRECTION('',(-0.,1.,0.));
#2336 = DIRECTION('',(0.,0.,1.));
#2337 = DEFINITIONAL_REPRESENTATION('',(#2338),#2342);
#2338 = LINE('',#2339,#2340);
#2339 = CARTESIAN_POINT('',(0.,0.));
#2340 = VECTOR('',#2341,1.);
#2341 = DIRECTION('',(1.,0.));
#2342 = ( GEOMETRIC_REPRESENTATION_CONTEXT(2) 
PARAMETRIC_REPRESENTATION_CONTEXT() REPRESENTATION_CONTEXT('2D SPACE',''
  ) );
#2343 = ORIENTED_EDGE('',*,*,#2344,.T.);
#2344 = EDGE_CURVE('',#2317,#2345,#2347,.T.);
#2345 = VERTEX_POINT('',#2346);
#2346 = CARTESIAN_POINT('',(595.,30.,503.));
#2347 = SURFACE_CURVE('',#2348,(#2352,#2359),.PCURVE_S1.);
#2348 = LINE('',#2349,#2350);
#2349 = CARTESIAN_POINT('',(595.,-30.,503.));
#2350 = VECTOR('',#2351,1.);
#2351 = DIRECTION('',(-0.,1.,0.));
#2352 = PCURVE('',#2292,#2353);
#2353 = DEFINITIONAL_REPRESENTATION('',(#2354),#2358);
#2354 = LINE('',#2355,#2356);
#2355 = CARTESIAN_POINT('',(0.,0.));
#2356 = VECTOR('',#2357,1.);
#2357 = DIRECTION('',(0.,-1.));
#2358 = ( GEOMETRIC_REPRESENTATION_CONTEXT(2) 
PARAMETRIC_REPRESENTATION_CONTEXT() REPRESENTATION_CONTEXT('2D SPACE',''
  ) );
#2359 = PCURVE('',#2360,#2365);
#2360 = PLANE('',#2361);
#2361 = AXIS2_PLACEMENT_3D('',#2362,#2363,#2364);
#2362 = CARTESIAN_POINT('',(595.,-30.,503.));
#2363 = DIRECTION('',(0.,0.,1.));
#2364 = DIRECTION('',(1.,0.,-0.));
#2365 = DEFINITIONAL_REPRESENTATION('',(#2366),#2370);
#2366 = LINE('',#2367,#2368);
#2367 = CARTESIAN_POINT('',(0.,0.));
#2368 = VECTOR('',#2369,1.);
#2369 = DIRECTION('',(0.,1.));
#2370 = ( GEOMETRIC_REPRESENTATION_CONTEXT(2) 
PARAMETRIC_REPRESENTATION_CONTEXT() REPRESENTATION_CONTEXT('2D SPACE',''
  ) );
#2371 = ORIENTED_EDGE('',*,*,#2372,.T.);
#2372 = EDGE_CURVE('',#2345,#2373,#2375,.T.);
#2373 = VERTEX_POINT('',#2374);
#2374 = CARTESIAN_POINT('',(595.,30.,529.));
#2375 = SURFACE_CURVE('',#2376,(#2380,#2387),.PCURVE_S1.);
#2376 = LINE('',#2377,#2378);
#2377 = CARTESIAN_POINT('',(595.,30.,503.));
#2378 = VECTOR('',#2379,1.);
#2379 = DIRECTION('',(0.,0.,1.));
#2380 = PCURVE('',#2292,#2381);
#2381 = DEFINITIONAL_REPRESENTATION('',(#2382),#2386);
#2382 = LINE('',#2383,#2384);
#2383 = CARTESIAN_POINT('',(0.,-60.));
#2384 = VECTOR('',#2385,1.);
#2385 = DIRECTION('',(1.,0.));
#2386 = ( GEOMETRIC_REPRESENTATION_CONTEXT(2) 
PARAMETRIC_REPRESENTATION_CONTEXT() REPRESENTATION_CONTEXT('2D SPACE',''
  ) );
#2387 = PCURVE('',#2388,#2393);
#2388 = PLANE('',#2389);
#2389 = AXIS2_PLACEMENT_3D('',#2390,#2391,#2392);
#2390 = CARTESIAN_POINT('',(595.,30.,503.));
#2391 = DIRECTION('',(-0.,1.,0.));
#2392 = DIRECTION('',(0.,0.,1.));
#2393 = DEFINITIONAL_REPRESENTATION('',(#2394),#2398);
#2394 = LINE('',#2395,#2396);
#2395 = CARTESIAN_POINT('',(0.,0.));
#2396 = VECTOR('',#2397,1.);
#2397 = DIRECTION('',(1.,0.));
#2398 = ( GEOMETRIC_REPRESENTATION_CONTEXT(2) 
PARAMETRIC_REPRESENTATION_CONTEXT() REPRESENTATION_CONTEXT('2D SPACE',''
  ) );
#2399 = ORIENTED_EDGE('',*,*,#2400,.F.);
#2400 = EDGE_CURVE('',#2401,#2373,#2403,.T.);
#2401 = VERTEX_POINT('',#2402);
#2402 = CARTESIAN_POINT('',(595.,20.1,529.));
#2403 = SURFACE_CURVE('',#2404,(#2408,#2415),.PCURVE_S1.);
#2404 = LINE('',#2405,#2406);
#2405 = CARTESIAN_POINT('',(595.,-30.,529.));
#2406 = VECTOR('',#2407,1.);
#2407 = DIRECTION('',(-0.,1.,0.));
#2408 = PCURVE('',#2292,#2409);
#2409 = DEFINITIONAL_REPRESENTATION('',(#2410),#2414);
#2410 = LINE('',#2411,#2412);
#2411 = CARTESIAN_POINT('',(26.,0.));
#2412 = VECTOR('',#2413,1.);
#2413 = DIRECTION('',(0.,-1.));
#2414 = ( GEOMETRIC_REPRESENTATION_CONTEXT(2) 
PARAMETRIC_REPRESENTATION_CONTEXT() REPRESENTATION_CONTEXT('2D SPACE',''
  ) );
#2415 = PCURVE('',#2416,#2421);
#2416 = PLANE('',#2417);
#2417 = AXIS2_PLACEMENT_3D('',#2418,#2419,#2420);
#2418 = CARTESIAN_POINT('',(595.,-30.,529.));
#2419 = DIRECTION('',(0.,0.,1.));
#2420 = DIRECTION('',(1.,0.,-0.));
#2421 = DEFINITIONAL_REPRESENTATION('',(#2422),#2426);
#2422 = LINE('',#2423,#2424);
#2423 = CARTESIAN_POINT('',(0.,0.));
#2424 = VECTOR('',#2425,1.);
#2425 = DIRECTION('',(0.,1.));
#2426 = ( GEOMETRIC_REPRESENTATION_CONTEXT(2) 
PARAMETRIC_REPRESENTATION_CONTEXT() REPRESENTATION_CONTEXT('2D SPACE',''
  ) );
#2427 = ORIENTED_EDGE('',*,*,#2428,.F.);
#2428 = EDGE_CURVE('',#2284,#2401,#2429,.T.);
#2429 = SURFACE_CURVE('',#2430,(#2435,#2442),.PCURVE_S1.);
#2430 = CIRCLE('',#2431,20.1);
#2431 = AXIS2_PLACEMENT_3D('',#2432,#2433,#2434);
#2432 = CARTESIAN_POINT('',(595.,0.,529.));
#2433 = DIRECTION('',(1.,0.,0.));
#2434 = DIRECTION('',(0.,-1.,0.));
#2435 = PCURVE('',#2292,#2436);
#2436 = DEFINITIONAL_REPRESENTATION('',(#2437),#2441);
#2437 = CIRCLE('',#2438,20.1);
#2438 = AXIS2_PLACEMENT_2D('',#2439,#2440);
#2439 = CARTESIAN_POINT('',(26.,-30.));
#2440 = DIRECTION('',(0.,1.));
#2441 = ( GEOMETRIC_REPRESENTATION_CONTEXT(2) 
PARAMETRIC_REPRESENTATION_CONTEXT() REPRESENTATION_CONTEXT('2D SPACE',''
  ) );
#2442 = PCURVE('',#2443,#2448);
#2443 = CYLINDRICAL_SURFACE('',#2444,20.1);
#2444 = AXIS2_PLACEMENT_3D('',#2445,#2446,#2447);
#2445 = CARTESIAN_POINT('',(594.,0.,529.));
#2446 = DIRECTION('',(1.,0.,2.22044604925E-16));
#2447 = DIRECTION('',(2.22044604925E-16,0.,-1.));
#2448 = DEFINITIONAL_REPRESENTATION('',(#2449),#2453);
#2449 = LINE('',#2450,#2451);
#2450 = CARTESIAN_POINT('',(4.712388980385,1.));
#2451 = VECTOR('',#2452,1.);
#2452 = DIRECTION('',(1.,0.));
#2453 = ( GEOMETRIC_REPRESENTATION_CONTEXT(2) 
PARAMETRIC_REPRESENTATION_CONTEXT() REPRESENTATION_CONTEXT('2D SPACE',''
  ) );
#2454 = ADVANCED_FACE('',(#2455,#2526),#2304,.T.);
#2455 = FACE_BOUND('',#2456,.T.);
#2456 = EDGE_LOOP('',(#2457,#2458,#2481,#2507));
#2457 = ORIENTED_EDGE('',*,*,#2281,.F.);
#2458 = ORIENTED_EDGE('',*,*,#2459,.T.);
#2459 = EDGE_CURVE('',#2282,#2460,#2462,.T.);
#2460 = VERTEX_POINT('',#2461);
#2461 = CARTESIAN_POINT('',(617.35,-30.,529.));
#2462 = SURFACE_CURVE('',#2463,(#2467,#2474),.PCURVE_S1.);
#2463 = LINE('',#2464,#2465);
#2464 = CARTESIAN_POINT('',(595.,-30.,529.));
#2465 = VECTOR('',#2466,1.);
#2466 = DIRECTION('',(1.,0.,-0.));
#2467 = PCURVE('',#2304,#2468);
#2468 = DEFINITIONAL_REPRESENTATION('',(#2469),#2473);
#2469 = LINE('',#2470,#2471);
#2470 = CARTESIAN_POINT('',(0.,0.));
#2471 = VECTOR('',#2472,1.);
#2472 = DIRECTION('',(1.,0.));
#2473 = ( GEOMETRIC_REPRESENTATION_CONTEXT(2) 
PARAMETRIC_REPRESENTATION_CONTEXT() REPRESENTATION_CONTEXT('2D SPACE',''
  ) );
#2474 = PCURVE('',#2332,#2475);
#2475 = DEFINITIONAL_REPRESENTATION('',(#2476),#2480);
#2476 = LINE('',#2477,#2478);
#2477 = CARTESIAN_POINT('',(26.,0.));
#2478 = VECTOR('',#2479,1.);
#2479 = DIRECTION('',(0.,1.));
#2480 = ( GEOMETRIC_REPRESENTATION_CONTEXT(2) 
PARAMETRIC_REPRESENTATION_CONTEXT() REPRESENTATION_CONTEXT('2D SPACE',''
  ) );
#2481 = ORIENTED_EDGE('',*,*,#2482,.F.);
#2482 = EDGE_CURVE('',#2483,#2460,#2485,.T.);
#2483 = VERTEX_POINT('',#2484);
#2484 = CARTESIAN_POINT('',(617.35,-20.1,529.));
#2485 = SURFACE_CURVE('',#2486,(#2490,#2496),.PCURVE_S1.);
#2486 = LINE('',#2487,#2488);
#2487 = CARTESIAN_POINT('',(617.35,60.,529.));
#2488 = VECTOR('',#2489,1.);
#2489 = DIRECTION('',(0.,-1.,2.22044604925E-16));
#2490 = PCURVE('',#2304,#2491);
#2491 = DEFINITIONAL_REPRESENTATION('',(#2492),#2495);
#2492 = B_SPLINE_CURVE_WITH_KNOTS('',1,(#2493,#2494),.UNSPECIFIED.,.F.,
  .F.,(2,2),(79.11,90.99),.PIECEWISE_BEZIER_KNOTS.);
#2493 = CARTESIAN_POINT('',(22.35,10.89));
#2494 = CARTESIAN_POINT('',(22.35,-0.99));
#2495 = ( GEOMETRIC_REPRESENTATION_CONTEXT(2) 
PARAMETRIC_REPRESENTATION_CONTEXT() REPRESENTATION_CONTEXT('2D SPACE',''
  ) );
#2496 = PCURVE('',#2497,#2502);
#2497 = CYLINDRICAL_SURFACE('',#2498,2.65);
#2498 = AXIS2_PLACEMENT_3D('',#2499,#2500,#2501);
#2499 = CARTESIAN_POINT('',(620.,60.,529.));
#2500 = DIRECTION('',(0.,-1.,2.22044604925E-16));
#2501 = DIRECTION('',(1.,0.,0.));
#2502 = DEFINITIONAL_REPRESENTATION('',(#2503),#2506);
#2503 = B_SPLINE_CURVE_WITH_KNOTS('',1,(#2504,#2505),.UNSPECIFIED.,.F.,
  .F.,(2,2),(79.11,90.99),.PIECEWISE_BEZIER_KNOTS.);
#2504 = CARTESIAN_POINT('',(3.14159265359,79.11));
#2505 = CARTESIAN_POINT('',(3.14159265359,90.99));
#2506 = ( GEOMETRIC_REPRESENTATION_CONTEXT(2) 
PARAMETRIC_REPRESENTATION_CONTEXT() REPRESENTATION_CONTEXT('2D SPACE',''
  ) );
#2507 = ORIENTED_EDGE('',*,*,#2508,.F.);
#2508 = EDGE_CURVE('',#2284,#2483,#2509,.T.);
#2509 = SURFACE_CURVE('',#2510,(#2514,#2520),.PCURVE_S1.);
#2510 = LINE('',#2511,#2512);
#2511 = CARTESIAN_POINT('',(594.,-20.1,529.));
#2512 = VECTOR('',#2513,1.);
#2513 = DIRECTION('',(1.,0.,2.22044604925E-16));
#2514 = PCURVE('',#2304,#2515);
#2515 = DEFINITIONAL_REPRESENTATION('',(#2516),#2519);
#2516 = B_SPLINE_CURVE_WITH_KNOTS('',1,(#2517,#2518),.UNSPECIFIED.,.F.,
  .F.,(2,2),(-6.000000212225E-07,52.0000006),.PIECEWISE_BEZIER_KNOTS.);
#2517 = CARTESIAN_POINT('',(-1.0000006,9.9));
#2518 = CARTESIAN_POINT('',(51.0000006,9.9));
#2519 = ( GEOMETRIC_REPRESENTATION_CONTEXT(2) 
PARAMETRIC_REPRESENTATION_CONTEXT() REPRESENTATION_CONTEXT('2D SPACE',''
  ) );
#2520 = PCURVE('',#2443,#2521);
#2521 = DEFINITIONAL_REPRESENTATION('',(#2522),#2525);
#2522 = B_SPLINE_CURVE_WITH_KNOTS('',1,(#2523,#2524),.UNSPECIFIED.,.F.,
  .F.,(2,2),(1.,51.),.PIECEWISE_BEZIER_KNOTS.);
#2523 = CARTESIAN_POINT('',(4.712388980385,1.));
#2524 = CARTESIAN_POINT('',(4.712388980385,51.));
#2525 = ( GEOMETRIC_REPRESENTATION_CONTEXT(2) 
PARAMETRIC_REPRESENTATION_CONTEXT() REPRESENTATION_CONTEXT('2D SPACE',''
  ) );
#2526 = FACE_BOUND('',#2527,.T.);
#2527 = EDGE_LOOP('',(#2528));
#2528 = ORIENTED_EDGE('',*,*,#2529,.F.);
#2529 = EDGE_CURVE('',#2530,#2530,#2532,.T.);
#2530 = VERTEX_POINT('',#2531);
#2531 = CARTESIAN_POINT('',(605.15,-25.5,529.));
#2532 = SURFACE_CURVE('',#2533,(#2538,#2545),.PCURVE_S1.);
#2533 = CIRCLE('',#2534,2.15);
#2534 = AXIS2_PLACEMENT_3D('',#2535,#2536,#2537);
#2535 = CARTESIAN_POINT('',(603.,-25.5,529.));
#2536 = DIRECTION('',(0.,0.,1.));
#2537 = DIRECTION('',(1.,0.,-0.));
#2538 = PCURVE('',#2304,#2539);
#2539 = DEFINITIONAL_REPRESENTATION('',(#2540),#2544);
#2540 = CIRCLE('',#2541,2.15);
#2541 = AXIS2_PLACEMENT_2D('',#2542,#2543);
#2542 = CARTESIAN_POINT('',(8.,4.5));
#2543 = DIRECTION('',(1.,0.));
#2544 = ( GEOMETRIC_REPRESENTATION_CONTEXT(2) 
PARAMETRIC_REPRESENTATION_CONTEXT() REPRESENTATION_CONTEXT('2D SPACE',''
  ) );
#2545 = PCURVE('',#2546,#2551);
#2546 = CYLINDRICAL_SURFACE('',#2547,2.15);
#2547 = AXIS2_PLACEMENT_3D('',#2548,#2549,#2550);
#2548 = CARTESIAN_POINT('',(603.,-25.5,477.));
#2549 = DIRECTION('',(0.,0.,1.));
#2550 = DIRECTION('',(1.,0.,-0.));
#2551 = DEFINITIONAL_REPRESENTATION('',(#2552),#2556);
#2552 = LINE('',#2553,#2554);
#2553 = CARTESIAN_POINT('',(0.,52.));
#2554 = VECTOR('',#2555,1.);
#2555 = DIRECTION('',(1.,0.));
#2556 = ( GEOMETRIC_REPRESENTATION_CONTEXT(2) 
PARAMETRIC_REPRESENTATION_CONTEXT() REPRESENTATION_CONTEXT('2D SPACE',''
  ) );
#2557 = ADVANCED_FACE('',(#2558,#2667),#2332,.F.);
#2558 = FACE_BOUND('',#2559,.F.);
#2559 = EDGE_LOOP('',(#2560,#2590,#2611,#2612,#2613,#2641));
#2560 = ORIENTED_EDGE('',*,*,#2561,.F.);
#2561 = EDGE_CURVE('',#2562,#2564,#2566,.T.);
#2562 = VERTEX_POINT('',#2563);
#2563 = CARTESIAN_POINT('',(645.,-30.,503.));
#2564 = VERTEX_POINT('',#2565);
#2565 = CARTESIAN_POINT('',(645.,-30.,529.));
#2566 = SURFACE_CURVE('',#2567,(#2571,#2578),.PCURVE_S1.);
#2567 = LINE('',#2568,#2569);
#2568 = CARTESIAN_POINT('',(645.,-30.,503.));
#2569 = VECTOR('',#2570,1.);
#2570 = DIRECTION('',(0.,0.,1.));
#2571 = PCURVE('',#2332,#2572);
#2572 = DEFINITIONAL_REPRESENTATION('',(#2573),#2577);
#2573 = LINE('',#2574,#2575);
#2574 = CARTESIAN_POINT('',(0.,50.));
#2575 = VECTOR('',#2576,1.);
#2576 = DIRECTION('',(1.,0.));
#2577 = ( GEOMETRIC_REPRESENTATION_CONTEXT(2) 
PARAMETRIC_REPRESENTATION_CONTEXT() REPRESENTATION_CONTEXT('2D SPACE',''
  ) );
#2578 = PCURVE('',#2579,#2584);
#2579 = PLANE('',#2580);
#2580 = AXIS2_PLACEMENT_3D('',#2581,#2582,#2583);
#2581 = CARTESIAN_POINT('',(645.,-30.,503.));
#2582 = DIRECTION('',(1.,0.,-0.));
#2583 = DIRECTION('',(0.,0.,1.));
#2584 = DEFINITIONAL_REPRESENTATION('',(#2585),#2589);
#2585 = LINE('',#2586,#2587);
#2586 = CARTESIAN_POINT('',(0.,0.));
#2587 = VECTOR('',#2588,1.);
#2588 = DIRECTION('',(1.,0.));
#2589 = ( GEOMETRIC_REPRESENTATION_CONTEXT(2) 
PARAMETRIC_REPRESENTATION_CONTEXT() REPRESENTATION_CONTEXT('2D SPACE',''
  ) );
#2590 = ORIENTED_EDGE('',*,*,#2591,.F.);
#2591 = EDGE_CURVE('',#2317,#2562,#2592,.T.);
#2592 = SURFACE_CURVE('',#2593,(#2597,#2604),.PCURVE_S1.);
#2593 = LINE('',#2594,#2595);
#2594 = CARTESIAN_POINT('',(595.,-30.,503.));
#2595 = VECTOR('',#2596,1.);
#2596 = DIRECTION('',(1.,0.,-0.));
#2597 = PCURVE('',#2332,#2598);
#2598 = DEFINITIONAL_REPRESENTATION('',(#2599),#2603);
#2599 = LINE('',#2600,#2601);
#2600 = CARTESIAN_POINT('',(0.,0.));
#2601 = VECTOR('',#2602,1.);
#2602 = DIRECTION('',(0.,1.));
#2603 = ( GEOMETRIC_REPRESENTATION_CONTEXT(2) 
PARAMETRIC_REPRESENTATION_CONTEXT() REPRESENTATION_CONTEXT('2D SPACE',''
  ) );
#2604 = PCURVE('',#2360,#2605);
#2605 = DEFINITIONAL_REPRESENTATION('',(#2606),#2610);
#2606 = LINE('',#2607,#2608);
#2607 = CARTESIAN_POINT('',(0.,0.));
#2608 = VECTOR('',#2609,1.);
#2609 = DIRECTION('',(1.,0.));
#2610 = ( GEOMETRIC_REPRESENTATION_CONTEXT(2) 
PARAMETRIC_REPRESENTATION_CONTEXT() REPRESENTATION_CONTEXT('2D SPACE',''
  ) );
#2611 = ORIENTED_EDGE('',*,*,#2316,.T.);
#2612 = ORIENTED_EDGE('',*,*,#2459,.T.);
#2613 = ORIENTED_EDGE('',*,*,#2614,.T.);
#2614 = EDGE_CURVE('',#2460,#2615,#2617,.T.);
#2615 = VERTEX_POINT('',#2616);
#2616 = CARTESIAN_POINT('',(622.65,-30.,529.));
#2617 = SURFACE_CURVE('',#2618,(#2623,#2634),.PCURVE_S1.);
#2618 = CIRCLE('',#2619,2.65);
#2619 = AXIS2_PLACEMENT_3D('',#2620,#2621,#2622);
#2620 = CARTESIAN_POINT('',(620.,-30.,529.));
#2621 = DIRECTION('',(0.,-1.,2.22044604925E-16));
#2622 = DIRECTION('',(1.,0.,0.));
#2623 = PCURVE('',#2332,#2624);
#2624 = DEFINITIONAL_REPRESENTATION('',(#2625),#2633);
#2625 = ( BOUNDED_CURVE() B_SPLINE_CURVE(2,(#2626,#2627,#2628,#2629,
#2630,#2631,#2632),.UNSPECIFIED.,.T.,.F.) B_SPLINE_CURVE_WITH_KNOTS((1,2
    ,2,2,2,1),(-2.094395102393,0.,2.094395102393,4.188790204786,
6.28318530718,8.377580409573),.UNSPECIFIED.) CURVE() 
GEOMETRIC_REPRESENTATION_ITEM() RATIONAL_B_SPLINE_CURVE((1.,0.5,1.,0.5,
1.,0.5,1.)) REPRESENTATION_ITEM('') );
#2626 = CARTESIAN_POINT('',(26.,27.65));
#2627 = CARTESIAN_POINT('',(30.589934640058,27.65));
#2628 = CARTESIAN_POINT('',(28.294967320029,23.675));
#2629 = CARTESIAN_POINT('',(26.,19.7));
#2630 = CARTESIAN_POINT('',(23.705032679971,23.675));
#2631 = CARTESIAN_POINT('',(21.410065359942,27.65));
#2632 = CARTESIAN_POINT('',(26.,27.65));
#2633 = ( GEOMETRIC_REPRESENTATION_CONTEXT(2) 
PARAMETRIC_REPRESENTATION_CONTEXT() REPRESENTATION_CONTEXT('2D SPACE',''
  ) );
#2634 = PCURVE('',#2497,#2635);
#2635 = DEFINITIONAL_REPRESENTATION('',(#2636),#2640);
#2636 = LINE('',#2637,#2638);
#2637 = CARTESIAN_POINT('',(0.,90.));
#2638 = VECTOR('',#2639,1.);
#2639 = DIRECTION('',(1.,0.));
#2640 = ( GEOMETRIC_REPRESENTATION_CONTEXT(2) 
PARAMETRIC_REPRESENTATION_CONTEXT() REPRESENTATION_CONTEXT('2D SPACE',''
  ) );
#2641 = ORIENTED_EDGE('',*,*,#2642,.T.);
#2642 = EDGE_CURVE('',#2615,#2564,#2643,.T.);
#2643 = SURFACE_CURVE('',#2644,(#2648,#2655),.PCURVE_S1.);
#2644 = LINE('',#2645,#2646);
#2645 = CARTESIAN_POINT('',(595.,-30.,529.));
#2646 = VECTOR('',#2647,1.);
#2647 = DIRECTION('',(1.,0.,-0.));
#2648 = PCURVE('',#2332,#2649);
#2649 = DEFINITIONAL_REPRESENTATION('',(#2650),#2654);
#2650 = LINE('',#2651,#2652);
#2651 = CARTESIAN_POINT('',(26.,0.));
#2652 = VECTOR('',#2653,1.);
#2653 = DIRECTION('',(0.,1.));
#2654 = ( GEOMETRIC_REPRESENTATION_CONTEXT(2) 
PARAMETRIC_REPRESENTATION_CONTEXT() REPRESENTATION_CONTEXT('2D SPACE',''
  ) );
#2655 = PCURVE('',#2656,#2661);
#2656 = PLANE('',#2657);
#2657 = AXIS2_PLACEMENT_3D('',#2658,#2659,#2660);
#2658 = CARTESIAN_POINT('',(595.,-30.,529.));
#2659 = DIRECTION('',(0.,0.,1.));
#2660 = DIRECTION('',(1.,0.,-0.));
#2661 = DEFINITIONAL_REPRESENTATION('',(#2662),#2666);
#2662 = LINE('',#2663,#2664);
#2663 = CARTESIAN_POINT('',(0.,0.));
#2664 = VECTOR('',#2665,1.);
#2665 = DIRECTION('',(1.,0.));
#2666 = ( GEOMETRIC_REPRESENTATION_CONTEXT(2) 
PARAMETRIC_REPRESENTATION_CONTEXT() REPRESENTATION_CONTEXT('2D SPACE',''
  ) );
#2667 = FACE_BOUND('',#2668,.F.);
#2668 = EDGE_LOOP('',(#2669,#2697,#2723,#2749));
#2669 = ORIENTED_EDGE('',*,*,#2670,.F.);
#2670 = EDGE_CURVE('',#2671,#2673,#2675,.T.);
#2671 = VERTEX_POINT('',#2672);
#2672 = CARTESIAN_POINT('',(609.65,-30.,524.5));
#2673 = VERTEX_POINT('',#2674);
#2674 = CARTESIAN_POINT('',(630.35,-30.,524.5));
#2675 = SURFACE_CURVE('',#2676,(#2680,#2686),.PCURVE_S1.);
#2676 = LINE('',#2677,#2678);
#2677 = CARTESIAN_POINT('',(602.325,-30.,524.5));
#2678 = VECTOR('',#2679,1.);
#2679 = DIRECTION('',(1.,0.,-0.));
#2680 = PCURVE('',#2332,#2681);
#2681 = DEFINITIONAL_REPRESENTATION('',(#2682),#2685);
#2682 = B_SPLINE_CURVE_WITH_KNOTS('',1,(#2683,#2684),.UNSPECIFIED.,.F.,
  .F.,(2,2),(7.325,28.025),.PIECEWISE_BEZIER_KNOTS.);
#2683 = CARTESIAN_POINT('',(21.5,14.65));
#2684 = CARTESIAN_POINT('',(21.5,35.35));
#2685 = ( GEOMETRIC_REPRESENTATION_CONTEXT(2) 
PARAMETRIC_REPRESENTATION_CONTEXT() REPRESENTATION_CONTEXT('2D SPACE',''
  ) );
#2686 = PCURVE('',#2687,#2692);
#2687 = PLANE('',#2688);
#2688 = AXIS2_PLACEMENT_3D('',#2689,#2690,#2691);
#2689 = CARTESIAN_POINT('',(609.65,-31.,524.5));
#2690 = DIRECTION('',(0.,0.,1.));
#2691 = DIRECTION('',(1.,0.,-0.));
#2692 = DEFINITIONAL_REPRESENTATION('',(#2693),#2696);
#2693 = B_SPLINE_CURVE_WITH_KNOTS('',1,(#2694,#2695),.UNSPECIFIED.,.F.,
  .F.,(2,2),(7.325,28.025),.PIECEWISE_BEZIER_KNOTS.);
#2694 = CARTESIAN_POINT('',(0.,1.));
#2695 = CARTESIAN_POINT('',(20.7,1.));
#2696 = ( GEOMETRIC_REPRESENTATION_CONTEXT(2) 
PARAMETRIC_REPRESENTATION_CONTEXT() REPRESENTATION_CONTEXT('2D SPACE',''
  ) );
#2697 = ORIENTED_EDGE('',*,*,#2698,.T.);
#2698 = EDGE_CURVE('',#2671,#2699,#2701,.T.);
#2699 = VERTEX_POINT('',#2700);
#2700 = CARTESIAN_POINT('',(609.65,-30.,507.5));
#2701 = SURFACE_CURVE('',#2702,(#2706,#2712),.PCURVE_S1.);
#2702 = LINE('',#2703,#2704);
#2703 = CARTESIAN_POINT('',(609.65,-30.,505.25));
#2704 = VECTOR('',#2705,1.);
#2705 = DIRECTION('',(-0.,0.,-1.));
#2706 = PCURVE('',#2332,#2707);
#2707 = DEFINITIONAL_REPRESENTATION('',(#2708),#2711);
#2708 = B_SPLINE_CURVE_WITH_KNOTS('',1,(#2709,#2710),.UNSPECIFIED.,.F.,
  .F.,(2,2),(-19.25,-2.25),.PIECEWISE_BEZIER_KNOTS.);
#2709 = CARTESIAN_POINT('',(21.5,14.65));
#2710 = CARTESIAN_POINT('',(4.5,14.65));
#2711 = ( GEOMETRIC_REPRESENTATION_CONTEXT(2) 
PARAMETRIC_REPRESENTATION_CONTEXT() REPRESENTATION_CONTEXT('2D SPACE',''
  ) );
#2712 = PCURVE('',#2713,#2718);
#2713 = PLANE('',#2714);
#2714 = AXIS2_PLACEMENT_3D('',#2715,#2716,#2717);
#2715 = CARTESIAN_POINT('',(609.65,-31.,507.5));
#2716 = DIRECTION('',(1.,0.,-0.));
#2717 = DIRECTION('',(0.,0.,1.));
#2718 = DEFINITIONAL_REPRESENTATION('',(#2719),#2722);
#2719 = B_SPLINE_CURVE_WITH_KNOTS('',1,(#2720,#2721),.UNSPECIFIED.,.F.,
  .F.,(2,2),(-19.25,-2.25),.PIECEWISE_BEZIER_KNOTS.);
#2720 = CARTESIAN_POINT('',(17.,-1.));
#2721 = CARTESIAN_POINT('',(0.,-1.));
#2722 = ( GEOMETRIC_REPRESENTATION_CONTEXT(2) 
PARAMETRIC_REPRESENTATION_CONTEXT() REPRESENTATION_CONTEXT('2D SPACE',''
  ) );
#2723 = ORIENTED_EDGE('',*,*,#2724,.T.);
#2724 = EDGE_CURVE('',#2699,#2725,#2727,.T.);
#2725 = VERTEX_POINT('',#2726);
#2726 = CARTESIAN_POINT('',(630.35,-30.,507.5));
#2727 = SURFACE_CURVE('',#2728,(#2732,#2738),.PCURVE_S1.);
#2728 = LINE('',#2729,#2730);
#2729 = CARTESIAN_POINT('',(602.325,-30.,507.5));
#2730 = VECTOR('',#2731,1.);
#2731 = DIRECTION('',(1.,0.,-0.));
#2732 = PCURVE('',#2332,#2733);
#2733 = DEFINITIONAL_REPRESENTATION('',(#2734),#2737);
#2734 = B_SPLINE_CURVE_WITH_KNOTS('',1,(#2735,#2736),.UNSPECIFIED.,.F.,
  .F.,(2,2),(7.325,28.025),.PIECEWISE_BEZIER_KNOTS.);
#2735 = CARTESIAN_POINT('',(4.5,14.65));
#2736 = CARTESIAN_POINT('',(4.5,35.35));
#2737 = ( GEOMETRIC_REPRESENTATION_CONTEXT(2) 
PARAMETRIC_REPRESENTATION_CONTEXT() REPRESENTATION_CONTEXT('2D SPACE',''
  ) );
#2738 = PCURVE('',#2739,#2744);
#2739 = PLANE('',#2740);
#2740 = AXIS2_PLACEMENT_3D('',#2741,#2742,#2743);
#2741 = CARTESIAN_POINT('',(609.65,-31.,507.5));
#2742 = DIRECTION('',(0.,0.,1.));
#2743 = DIRECTION('',(1.,0.,-0.));
#2744 = DEFINITIONAL_REPRESENTATION('',(#2745),#2748);
#2745 = B_SPLINE_CURVE_WITH_KNOTS('',1,(#2746,#2747),.UNSPECIFIED.,.F.,
  .F.,(2,2),(7.325,28.025),.PIECEWISE_BEZIER_KNOTS.);
#2746 = CARTESIAN_POINT('',(0.,1.));
#2747 = CARTESIAN_POINT('',(20.7,1.));
#2748 = ( GEOMETRIC_REPRESENTATION_CONTEXT(2) 
PARAMETRIC_REPRESENTATION_CONTEXT() REPRESENTATION_CONTEXT('2D SPACE',''
  ) );
#2749 = ORIENTED_EDGE('',*,*,#2750,.F.);
#2750 = EDGE_CURVE('',#2673,#2725,#2751,.T.);
#2751 = SURFACE_CURVE('',#2752,(#2756,#2762),.PCURVE_S1.);
#2752 = LINE('',#2753,#2754);
#2753 = CARTESIAN_POINT('',(630.35,-30.,505.25));
#2754 = VECTOR('',#2755,1.);
#2755 = DIRECTION('',(-0.,0.,-1.));
#2756 = PCURVE('',#2332,#2757);
#2757 = DEFINITIONAL_REPRESENTATION('',(#2758),#2761);
#2758 = B_SPLINE_CURVE_WITH_KNOTS('',1,(#2759,#2760),.UNSPECIFIED.,.F.,
  .F.,(2,2),(-19.25,-2.25),.PIECEWISE_BEZIER_KNOTS.);
#2759 = CARTESIAN_POINT('',(21.5,35.35));
#2760 = CARTESIAN_POINT('',(4.5,35.35));
#2761 = ( GEOMETRIC_REPRESENTATION_CONTEXT(2) 
PARAMETRIC_REPRESENTATION_CONTEXT() REPRESENTATION_CONTEXT('2D SPACE',''
  ) );
#2762 = PCURVE('',#2763,#2768);
#2763 = PLANE('',#2764);
#2764 = AXIS2_PLACEMENT_3D('',#2765,#2766,#2767);
#2765 = CARTESIAN_POINT('',(630.35,-31.,507.5));
#2766 = DIRECTION('',(1.,0.,-0.));
#2767 = DIRECTION('',(0.,0.,1.));
#2768 = DEFINITIONAL_REPRESENTATION('',(#2769),#2772);
#2769 = B_SPLINE_CURVE_WITH_KNOTS('',1,(#2770,#2771),.UNSPECIFIED.,.F.,
  .F.,(2,2),(-19.25,-2.25),.PIECEWISE_BEZIER_KNOTS.);
#2770 = CARTESIAN_POINT('',(17.,-1.));
#2771 = CARTESIAN_POINT('',(0.,-1.));
#2772 = ( GEOMETRIC_REPRESENTATION_CONTEXT(2) 
PARAMETRIC_REPRESENTATION_CONTEXT() REPRESENTATION_CONTEXT('2D SPACE',''
  ) );
#2773 = ADVANCED_FACE('',(#2774,#2822,#2848,#2879,#2910,#2941,#2972,
    #3003,#3034),#2360,.F.);
#2774 = FACE_BOUND('',#2775,.F.);
#2775 = EDGE_LOOP('',(#2776,#2777,#2778,#2801));
#2776 = ORIENTED_EDGE('',*,*,#2344,.F.);
#2777 = ORIENTED_EDGE('',*,*,#2591,.T.);
#2778 = ORIENTED_EDGE('',*,*,#2779,.T.);
#2779 = EDGE_CURVE('',#2562,#2780,#2782,.T.);
#2780 = VERTEX_POINT('',#2781);
#2781 = CARTESIAN_POINT('',(645.,30.,503.));
#2782 = SURFACE_CURVE('',#2783,(#2787,#2794),.PCURVE_S1.);
#2783 = LINE('',#2784,#2785);
#2784 = CARTESIAN_POINT('',(645.,-30.,503.));
#2785 = VECTOR('',#2786,1.);
#2786 = DIRECTION('',(-0.,1.,0.));
#2787 = PCURVE('',#2360,#2788);
#2788 = DEFINITIONAL_REPRESENTATION('',(#2789),#2793);
#2789 = LINE('',#2790,#2791);
#2790 = CARTESIAN_POINT('',(50.,0.));
#2791 = VECTOR('',#2792,1.);
#2792 = DIRECTION('',(0.,1.));
#2793 = ( GEOMETRIC_REPRESENTATION_CONTEXT(2) 
PARAMETRIC_REPRESENTATION_CONTEXT() REPRESENTATION_CONTEXT('2D SPACE',''
  ) );
#2794 = PCURVE('',#2579,#2795);
#2795 = DEFINITIONAL_REPRESENTATION('',(#2796),#2800);
#2796 = LINE('',#2797,#2798);
#2797 = CARTESIAN_POINT('',(0.,0.));
#2798 = VECTOR('',#2799,1.);
#2799 = DIRECTION('',(0.,-1.));
#2800 = ( GEOMETRIC_REPRESENTATION_CONTEXT(2) 
PARAMETRIC_REPRESENTATION_CONTEXT() REPRESENTATION_CONTEXT('2D SPACE',''
  ) );
#2801 = ORIENTED_EDGE('',*,*,#2802,.F.);
#2802 = EDGE_CURVE('',#2345,#2780,#2803,.T.);
#2803 = SURFACE_CURVE('',#2804,(#2808,#2815),.PCURVE_S1.);
#2804 = LINE('',#2805,#2806);
#2805 = CARTESIAN_POINT('',(595.,30.,503.));
#2806 = VECTOR('',#2807,1.);
#2807 = DIRECTION('',(1.,0.,-0.));
#2808 = PCURVE('',#2360,#2809);
#2809 = DEFINITIONAL_REPRESENTATION('',(#2810),#2814);
#2810 = LINE('',#2811,#2812);
#2811 = CARTESIAN_POINT('',(0.,60.));
#2812 = VECTOR('',#2813,1.);
#2813 = DIRECTION('',(1.,0.));
#2814 = ( GEOMETRIC_REPRESENTATION_CONTEXT(2) 
PARAMETRIC_REPRESENTATION_CONTEXT() REPRESENTATION_CONTEXT('2D SPACE',''
  ) );
#2815 = PCURVE('',#2388,#2816);
#2816 = DEFINITIONAL_REPRESENTATION('',(#2817),#2821);
#2817 = LINE('',#2818,#2819);
#2818 = CARTESIAN_POINT('',(0.,0.));
#2819 = VECTOR('',#2820,1.);
#2820 = DIRECTION('',(0.,1.));
#2821 = ( GEOMETRIC_REPRESENTATION_CONTEXT(2) 
PARAMETRIC_REPRESENTATION_CONTEXT() REPRESENTATION_CONTEXT('2D SPACE',''
  ) );
#2822 = FACE_BOUND('',#2823,.F.);
#2823 = EDGE_LOOP('',(#2824));
#2824 = ORIENTED_EDGE('',*,*,#2825,.F.);
#2825 = EDGE_CURVE('',#2826,#2826,#2828,.T.);
#2826 = VERTEX_POINT('',#2827);
#2827 = CARTESIAN_POINT('',(605.15,-25.5,503.));
#2828 = SURFACE_CURVE('',#2829,(#2834,#2841),.PCURVE_S1.);
#2829 = CIRCLE('',#2830,2.15);
#2830 = AXIS2_PLACEMENT_3D('',#2831,#2832,#2833);
#2831 = CARTESIAN_POINT('',(603.,-25.5,503.));
#2832 = DIRECTION('',(0.,0.,1.));
#2833 = DIRECTION('',(1.,0.,-0.));
#2834 = PCURVE('',#2360,#2835);
#2835 = DEFINITIONAL_REPRESENTATION('',(#2836),#2840);
#2836 = CIRCLE('',#2837,2.15);
#2837 = AXIS2_PLACEMENT_2D('',#2838,#2839);
#2838 = CARTESIAN_POINT('',(8.,4.5));
#2839 = DIRECTION('',(1.,0.));
#2840 = ( GEOMETRIC_REPRESENTATION_CONTEXT(2) 
PARAMETRIC_REPRESENTATION_CONTEXT() REPRESENTATION_CONTEXT('2D SPACE',''
  ) );
#2841 = PCURVE('',#2546,#2842);
#2842 = DEFINITIONAL_REPRESENTATION('',(#2843),#2847);
#2843 = LINE('',#2844,#2845);
#2844 = CARTESIAN_POINT('',(0.,26.));
#2845 = VECTOR('',#2846,1.);
#2846 = DIRECTION('',(1.,0.));
#2847 = ( GEOMETRIC_REPRESENTATION_CONTEXT(2) 
PARAMETRIC_REPRESENTATION_CONTEXT() REPRESENTATION_CONTEXT('2D SPACE',''
  ) );
#2848 = FACE_BOUND('',#2849,.F.);
#2849 = EDGE_LOOP('',(#2850));
#2850 = ORIENTED_EDGE('',*,*,#2851,.F.);
#2851 = EDGE_CURVE('',#2852,#2852,#2854,.T.);
#2852 = VERTEX_POINT('',#2853);
#2853 = CARTESIAN_POINT('',(609.27563132923,-12.37436867076,503.));
#2854 = SURFACE_CURVE('',#2855,(#2860,#2867),.PCURVE_S1.);
#2855 = CIRCLE('',#2856,1.65);
#2856 = AXIS2_PLACEMENT_3D('',#2857,#2858,#2859);
#2857 = CARTESIAN_POINT('',(607.62563132923,-12.37436867076,503.));
#2858 = DIRECTION('',(0.,0.,1.));
#2859 = DIRECTION('',(1.,0.,-0.));
#2860 = PCURVE('',#2360,#2861);
#2861 = DEFINITIONAL_REPRESENTATION('',(#2862),#2866);
#2862 = CIRCLE('',#2863,1.65);
#2863 = AXIS2_PLACEMENT_2D('',#2864,#2865);
#2864 = CARTESIAN_POINT('',(12.625631329235,17.625631329235));
#2865 = DIRECTION('',(1.,0.));
#2866 = ( GEOMETRIC_REPRESENTATION_CONTEXT(2) 
PARAMETRIC_REPRESENTATION_CONTEXT() REPRESENTATION_CONTEXT('2D SPACE',''
  ) );
#2867 = PCURVE('',#2868,#2873);
#2868 = CYLINDRICAL_SURFACE('',#2869,1.65);
#2869 = AXIS2_PLACEMENT_3D('',#2870,#2871,#2872);
#2870 = CARTESIAN_POINT('',(607.62563132923,-12.37436867076,503.));
#2871 = DIRECTION('',(0.,0.,1.));
#2872 = DIRECTION('',(1.,0.,-0.));
#2873 = DEFINITIONAL_REPRESENTATION('',(#2874),#2878);
#2874 = LINE('',#2875,#2876);
#2875 = CARTESIAN_POINT('',(0.,0.));
#2876 = VECTOR('',#2877,1.);
#2877 = DIRECTION('',(1.,0.));
#2878 = ( GEOMETRIC_REPRESENTATION_CONTEXT(2) 
PARAMETRIC_REPRESENTATION_CONTEXT() REPRESENTATION_CONTEXT('2D SPACE',''
  ) );
#2879 = FACE_BOUND('',#2880,.F.);
#2880 = EDGE_LOOP('',(#2881));
#2881 = ORIENTED_EDGE('',*,*,#2882,.F.);
#2882 = EDGE_CURVE('',#2883,#2883,#2885,.T.);
#2883 = VERTEX_POINT('',#2884);
#2884 = CARTESIAN_POINT('',(639.15,-25.5,503.));
#2885 = SURFACE_CURVE('',#2886,(#2891,#2898),.PCURVE_S1.);
#2886 = CIRCLE('',#2887,2.15);
#2887 = AXIS2_PLACEMENT_3D('',#2888,#2889,#2890);
#2888 = CARTESIAN_POINT('',(637.,-25.5,503.));
#2889 = DIRECTION('',(0.,0.,1.));
#2890 = DIRECTION('',(1.,0.,-0.));
#2891 = PCURVE('',#2360,#2892);
#2892 = DEFINITIONAL_REPRESENTATION('',(#2893),#2897);
#2893 = CIRCLE('',#2894,2.15);
#2894 = AXIS2_PLACEMENT_2D('',#2895,#2896);
#2895 = CARTESIAN_POINT('',(42.,4.5));
#2896 = DIRECTION('',(1.,0.));
#2897 = ( GEOMETRIC_REPRESENTATION_CONTEXT(2) 
PARAMETRIC_REPRESENTATION_CONTEXT() REPRESENTATION_CONTEXT('2D SPACE',''
  ) );
#2898 = PCURVE('',#2899,#2904);
#2899 = CYLINDRICAL_SURFACE('',#2900,2.15);
#2900 = AXIS2_PLACEMENT_3D('',#2901,#2902,#2903);
#2901 = CARTESIAN_POINT('',(637.,-25.5,477.));
#2902 = DIRECTION('',(0.,0.,1.));
#2903 = DIRECTION('',(1.,0.,-0.));
#2904 = DEFINITIONAL_REPRESENTATION('',(#2905),#2909);
#2905 = LINE('',#2906,#2907);
#2906 = CARTESIAN_POINT('',(0.,26.));
#2907 = VECTOR('',#2908,1.);
#2908 = DIRECTION('',(1.,0.));
#2909 = ( GEOMETRIC_REPRESENTATION_CONTEXT(2) 
PARAMETRIC_REPRESENTATION_CONTEXT() REPRESENTATION_CONTEXT('2D SPACE',''
  ) );
#2910 = FACE_BOUND('',#2911,.F.);
#2911 = EDGE_LOOP('',(#2912));
#2912 = ORIENTED_EDGE('',*,*,#2913,.F.);
#2913 = EDGE_CURVE('',#2914,#2914,#2916,.T.);
#2914 = VERTEX_POINT('',#2915);
#2915 = CARTESIAN_POINT('',(634.02436867076,-12.37436867076,503.));
#2916 = SURFACE_CURVE('',#2917,(#2922,#2929),.PCURVE_S1.);
#2917 = CIRCLE('',#2918,1.65);
#2918 = AXIS2_PLACEMENT_3D('',#2919,#2920,#2921);
#2919 = CARTESIAN_POINT('',(632.37436867076,-12.37436867076,503.));
#2920 = DIRECTION('',(0.,0.,1.));
#2921 = DIRECTION('',(1.,0.,-0.));
#2922 = PCURVE('',#2360,#2923);
#2923 = DEFINITIONAL_REPRESENTATION('',(#2924),#2928);
#2924 = CIRCLE('',#2925,1.65);
#2925 = AXIS2_PLACEMENT_2D('',#2926,#2927);
#2926 = CARTESIAN_POINT('',(37.374368670765,17.625631329235));
#2927 = DIRECTION('',(1.,0.));
#2928 = ( GEOMETRIC_REPRESENTATION_CONTEXT(2) 
PARAMETRIC_REPRESENTATION_CONTEXT() REPRESENTATION_CONTEXT('2D SPACE',''
  ) );
#2929 = PCURVE('',#2930,#2935);
#2930 = CYLINDRICAL_SURFACE('',#2931,1.65);
#2931 = AXIS2_PLACEMENT_3D('',#2932,#2933,#2934);
#2932 = CARTESIAN_POINT('',(632.37436867076,-12.37436867076,503.));
#2933 = DIRECTION('',(0.,0.,1.));
#2934 = DIRECTION('',(1.,0.,-0.));
#2935 = DEFINITIONAL_REPRESENTATION('',(#2936),#2940);
#2936 = LINE('',#2937,#2938);
#2937 = CARTESIAN_POINT('',(0.,0.));
#2938 = VECTOR('',#2939,1.);
#2939 = DIRECTION('',(1.,0.));
#2940 = ( GEOMETRIC_REPRESENTATION_CONTEXT(2) 
PARAMETRIC_REPRESENTATION_CONTEXT() REPRESENTATION_CONTEXT('2D SPACE',''
  ) );
#2941 = FACE_BOUND('',#2942,.F.);
#2942 = EDGE_LOOP('',(#2943));
#2943 = ORIENTED_EDGE('',*,*,#2944,.F.);
#2944 = EDGE_CURVE('',#2945,#2945,#2947,.T.);
#2945 = VERTEX_POINT('',#2946);
#2946 = CARTESIAN_POINT('',(609.27563132923,12.374368670765,503.));
#2947 = SURFACE_CURVE('',#2948,(#2953,#2960),.PCURVE_S1.);
#2948 = CIRCLE('',#2949,1.65);
#2949 = AXIS2_PLACEMENT_3D('',#2950,#2951,#2952);
#2950 = CARTESIAN_POINT('',(607.62563132923,12.374368670765,503.));
#2951 = DIRECTION('',(0.,0.,1.));
#2952 = DIRECTION('',(1.,0.,-0.));
#2953 = PCURVE('',#2360,#2954);
#2954 = DEFINITIONAL_REPRESENTATION('',(#2955),#2959);
#2955 = CIRCLE('',#2956,1.65);
#2956 = AXIS2_PLACEMENT_2D('',#2957,#2958);
#2957 = CARTESIAN_POINT('',(12.625631329235,42.374368670765));
#2958 = DIRECTION('',(1.,0.));
#2959 = ( GEOMETRIC_REPRESENTATION_CONTEXT(2) 
PARAMETRIC_REPRESENTATION_CONTEXT() REPRESENTATION_CONTEXT('2D SPACE',''
  ) );
#2960 = PCURVE('',#2961,#2966);
#2961 = CYLINDRICAL_SURFACE('',#2962,1.65);
#2962 = AXIS2_PLACEMENT_3D('',#2963,#2964,#2965);
#2963 = CARTESIAN_POINT('',(607.62563132923,12.374368670765,503.));
#2964 = DIRECTION('',(0.,0.,1.));
#2965 = DIRECTION('',(1.,0.,-0.));
#2966 = DEFINITIONAL_REPRESENTATION('',(#2967),#2971);
#2967 = LINE('',#2968,#2969);
#2968 = CARTESIAN_POINT('',(0.,0.));
#2969 = VECTOR('',#2970,1.);
#2970 = DIRECTION('',(1.,0.));
#2971 = ( GEOMETRIC_REPRESENTATION_CONTEXT(2) 
PARAMETRIC_REPRESENTATION_CONTEXT() REPRESENTATION_CONTEXT('2D SPACE',''
  ) );
#2972 = FACE_BOUND('',#2973,.F.);
#2973 = EDGE_LOOP('',(#2974));
#2974 = ORIENTED_EDGE('',*,*,#2975,.F.);
#2975 = EDGE_CURVE('',#2976,#2976,#2978,.T.);
#2976 = VERTEX_POINT('',#2977);
#2977 = CARTESIAN_POINT('',(605.15,25.5,503.));
#2978 = SURFACE_CURVE('',#2979,(#2984,#2991),.PCURVE_S1.);
#2979 = CIRCLE('',#2980,2.15);
#2980 = AXIS2_PLACEMENT_3D('',#2981,#2982,#2983);
#2981 = CARTESIAN_POINT('',(603.,25.5,503.));
#2982 = DIRECTION('',(0.,0.,1.));
#2983 = DIRECTION('',(1.,0.,-0.));
#2984 = PCURVE('',#2360,#2985);
#2985 = DEFINITIONAL_REPRESENTATION('',(#2986),#2990);
#2986 = CIRCLE('',#2987,2.15);
#2987 = AXIS2_PLACEMENT_2D('',#2988,#2989);
#2988 = CARTESIAN_POINT('',(8.,55.5));
#2989 = DIRECTION('',(1.,0.));
#2990 = ( GEOMETRIC_REPRESENTATION_CONTEXT(2) 
PARAMETRIC_REPRESENTATION_CONTEXT() REPRESENTATION_CONTEXT('2D SPACE',''
  ) );
#2991 = PCURVE('',#2992,#2997);
#2992 = CYLINDRICAL_SURFACE('',#2993,2.15);
#2993 = AXIS2_PLACEMENT_3D('',#2994,#2995,#2996);
#2994 = CARTESIAN_POINT('',(603.,25.5,477.));
#2995 = DIRECTION('',(0.,0.,1.));
#2996 = DIRECTION('',(1.,0.,-0.));
#2997 = DEFINITIONAL_REPRESENTATION('',(#2998),#3002);
#2998 = LINE('',#2999,#3000);
#2999 = CARTESIAN_POINT('',(0.,26.));
#3000 = VECTOR('',#3001,1.);
#3001 = DIRECTION('',(1.,0.));
#3002 = ( GEOMETRIC_REPRESENTATION_CONTEXT(2) 
PARAMETRIC_REPRESENTATION_CONTEXT() REPRESENTATION_CONTEXT('2D SPACE',''
  ) );
#3003 = FACE_BOUND('',#3004,.F.);
#3004 = EDGE_LOOP('',(#3005));
#3005 = ORIENTED_EDGE('',*,*,#3006,.F.);
#3006 = EDGE_CURVE('',#3007,#3007,#3009,.T.);
#3007 = VERTEX_POINT('',#3008);
#3008 = CARTESIAN_POINT('',(634.02436867076,12.374368670765,503.));
#3009 = SURFACE_CURVE('',#3010,(#3015,#3022),.PCURVE_S1.);
#3010 = CIRCLE('',#3011,1.65);
#3011 = AXIS2_PLACEMENT_3D('',#3012,#3013,#3014);
#3012 = CARTESIAN_POINT('',(632.37436867076,12.374368670765,503.));
#3013 = DIRECTION('',(0.,0.,1.));
#3014 = DIRECTION('',(1.,0.,-0.));
#3015 = PCURVE('',#2360,#3016);
#3016 = DEFINITIONAL_REPRESENTATION('',(#3017),#3021);
#3017 = CIRCLE('',#3018,1.65);
#3018 = AXIS2_PLACEMENT_2D('',#3019,#3020);
#3019 = CARTESIAN_POINT('',(37.374368670765,42.374368670765));
#3020 = DIRECTION('',(1.,0.));
#3021 = ( GEOMETRIC_REPRESENTATION_CONTEXT(2) 
PARAMETRIC_REPRESENTATION_CONTEXT() REPRESENTATION_CONTEXT('2D SPACE',''
  ) );
#3022 = PCURVE('',#3023,#3028);
#3023 = CYLINDRICAL_SURFACE('',#3024,1.65);
#3024 = AXIS2_PLACEMENT_3D('',#3025,#3026,#3027);
#3025 = CARTESIAN_POINT('',(632.37436867076,12.374368670765,503.));
#3026 = DIRECTION('',(0.,0.,1.));
#3027 = DIRECTION('',(1.,0.,-0.));
#3028 = DEFINITIONAL_REPRESENTATION('',(#3029),#3033);
#3029 = LINE('',#3030,#3031);
#3030 = CARTESIAN_POINT('',(0.,0.));
#3031 = VECTOR('',#3032,1.);
#3032 = DIRECTION('',(1.,0.));
#3033 = ( GEOMETRIC_REPRESENTATION_CONTEXT(2) 
PARAMETRIC_REPRESENTATION_CONTEXT() REPRESENTATION_CONTEXT('2D SPACE',''
  ) );
#3034 = FACE_BOUND('',#3035,.F.);
#3035 = EDGE_LOOP('',(#3036));
#3036 = ORIENTED_EDGE('',*,*,#3037,.F.);
#3037 = EDGE_CURVE('',#3038,#3038,#3040,.T.);
#3038 = VERTEX_POINT('',#3039);
#3039 = CARTESIAN_POINT('',(639.15,25.5,503.));
#3040 = SURFACE_CURVE('',#3041,(#3046,#3053),.PCURVE_S1.);
#3041 = CIRCLE('',#3042,2.15);
#3042 = AXIS2_PLACEMENT_3D('',#3043,#3044,#3045);
#3043 = CARTESIAN_POINT('',(637.,25.5,503.));
#3044 = DIRECTION('',(0.,0.,1.));
#3045 = DIRECTION('',(1.,0.,-0.));
#3046 = PCURVE('',#2360,#3047);
#3047 = DEFINITIONAL_REPRESENTATION('',(#3048),#3052);
#3048 = CIRCLE('',#3049,2.15);
#3049 = AXIS2_PLACEMENT_2D('',#3050,#3051);
#3050 = CARTESIAN_POINT('',(42.,55.5));
#3051 = DIRECTION('',(1.,0.));
#3052 = ( GEOMETRIC_REPRESENTATION_CONTEXT(2) 
PARAMETRIC_REPRESENTATION_CONTEXT() REPRESENTATION_CONTEXT('2D SPACE',''
  ) );
#3053 = PCURVE('',#3054,#3059);
#3054 = CYLINDRICAL_SURFACE('',#3055,2.15);
#3055 = AXIS2_PLACEMENT_3D('',#3056,#3057,#3058);
#3056 = CARTESIAN_POINT('',(637.,25.5,477.));
#3057 = DIRECTION('',(0.,0.,1.));
#3058 = DIRECTION('',(1.,0.,-0.));
#3059 = DEFINITIONAL_REPRESENTATION('',(#3060),#3064);
#3060 = LINE('',#3061,#3062);
#3061 = CARTESIAN_POINT('',(0.,26.));
#3062 = VECTOR('',#3063,1.);
#3063 = DIRECTION('',(1.,0.));
#3064 = ( GEOMETRIC_REPRESENTATION_CONTEXT(2) 
PARAMETRIC_REPRESENTATION_CONTEXT() REPRESENTATION_CONTEXT('2D SPACE',''
  ) );
#3065 = ADVANCED_FACE('',(#3066,#3175),#2388,.T.);
#3066 = FACE_BOUND('',#3067,.T.);
#3067 = EDGE_LOOP('',(#3068,#3091,#3092,#3093,#3116,#3149));
#3068 = ORIENTED_EDGE('',*,*,#3069,.F.);
#3069 = EDGE_CURVE('',#2780,#3070,#3072,.T.);
#3070 = VERTEX_POINT('',#3071);
#3071 = CARTESIAN_POINT('',(645.,30.,529.));
#3072 = SURFACE_CURVE('',#3073,(#3077,#3084),.PCURVE_S1.);
#3073 = LINE('',#3074,#3075);
#3074 = CARTESIAN_POINT('',(645.,30.,503.));
#3075 = VECTOR('',#3076,1.);
#3076 = DIRECTION('',(0.,0.,1.));
#3077 = PCURVE('',#2388,#3078);
#3078 = DEFINITIONAL_REPRESENTATION('',(#3079),#3083);
#3079 = LINE('',#3080,#3081);
#3080 = CARTESIAN_POINT('',(0.,50.));
#3081 = VECTOR('',#3082,1.);
#3082 = DIRECTION('',(1.,0.));
#3083 = ( GEOMETRIC_REPRESENTATION_CONTEXT(2) 
PARAMETRIC_REPRESENTATION_CONTEXT() REPRESENTATION_CONTEXT('2D SPACE',''
  ) );
#3084 = PCURVE('',#2579,#3085);
#3085 = DEFINITIONAL_REPRESENTATION('',(#3086),#3090);
#3086 = LINE('',#3087,#3088);
#3087 = CARTESIAN_POINT('',(0.,-60.));
#3088 = VECTOR('',#3089,1.);
#3089 = DIRECTION('',(1.,0.));
#3090 = ( GEOMETRIC_REPRESENTATION_CONTEXT(2) 
PARAMETRIC_REPRESENTATION_CONTEXT() REPRESENTATION_CONTEXT('2D SPACE',''
  ) );
#3091 = ORIENTED_EDGE('',*,*,#2802,.F.);
#3092 = ORIENTED_EDGE('',*,*,#2372,.T.);
#3093 = ORIENTED_EDGE('',*,*,#3094,.T.);
#3094 = EDGE_CURVE('',#2373,#3095,#3097,.T.);
#3095 = VERTEX_POINT('',#3096);
#3096 = CARTESIAN_POINT('',(617.35,30.,529.));
#3097 = SURFACE_CURVE('',#3098,(#3102,#3109),.PCURVE_S1.);
#3098 = LINE('',#3099,#3100);
#3099 = CARTESIAN_POINT('',(595.,30.,529.));
#3100 = VECTOR('',#3101,1.);
#3101 = DIRECTION('',(1.,0.,-0.));
#3102 = PCURVE('',#2388,#3103);
#3103 = DEFINITIONAL_REPRESENTATION('',(#3104),#3108);
#3104 = LINE('',#3105,#3106);
#3105 = CARTESIAN_POINT('',(26.,0.));
#3106 = VECTOR('',#3107,1.);
#3107 = DIRECTION('',(0.,1.));
#3108 = ( GEOMETRIC_REPRESENTATION_CONTEXT(2) 
PARAMETRIC_REPRESENTATION_CONTEXT() REPRESENTATION_CONTEXT('2D SPACE',''
  ) );
#3109 = PCURVE('',#2416,#3110);
#3110 = DEFINITIONAL_REPRESENTATION('',(#3111),#3115);
#3111 = LINE('',#3112,#3113);
#3112 = CARTESIAN_POINT('',(0.,60.));
#3113 = VECTOR('',#3114,1.);
#3114 = DIRECTION('',(1.,0.));
#3115 = ( GEOMETRIC_REPRESENTATION_CONTEXT(2) 
PARAMETRIC_REPRESENTATION_CONTEXT() REPRESENTATION_CONTEXT('2D SPACE',''
  ) );
#3116 = ORIENTED_EDGE('',*,*,#3117,.T.);
#3117 = EDGE_CURVE('',#3095,#3118,#3120,.T.);
#3118 = VERTEX_POINT('',#3119);
#3119 = CARTESIAN_POINT('',(622.65,30.,529.));
#3120 = SURFACE_CURVE('',#3121,(#3126,#3137),.PCURVE_S1.);
#3121 = CIRCLE('',#3122,2.65);
#3122 = AXIS2_PLACEMENT_3D('',#3123,#3124,#3125);
#3123 = CARTESIAN_POINT('',(620.,30.,529.));
#3124 = DIRECTION('',(0.,-1.,2.22044604925E-16));
#3125 = DIRECTION('',(1.,0.,0.));
#3126 = PCURVE('',#2388,#3127);
#3127 = DEFINITIONAL_REPRESENTATION('',(#3128),#3136);
#3128 = ( BOUNDED_CURVE() B_SPLINE_CURVE(2,(#3129,#3130,#3131,#3132,
#3133,#3134,#3135),.UNSPECIFIED.,.T.,.F.) B_SPLINE_CURVE_WITH_KNOTS((1,2
    ,2,2,2,1),(-2.094395102393,0.,2.094395102393,4.188790204786,
6.28318530718,8.377580409573),.UNSPECIFIED.) CURVE() 
GEOMETRIC_REPRESENTATION_ITEM() RATIONAL_B_SPLINE_CURVE((1.,0.5,1.,0.5,
1.,0.5,1.)) REPRESENTATION_ITEM('') );
#3129 = CARTESIAN_POINT('',(26.,27.65));
#3130 = CARTESIAN_POINT('',(30.589934640058,27.65));
#3131 = CARTESIAN_POINT('',(28.294967320029,23.675));
#3132 = CARTESIAN_POINT('',(26.,19.7));
#3133 = CARTESIAN_POINT('',(23.705032679971,23.675));
#3134 = CARTESIAN_POINT('',(21.410065359942,27.65));
#3135 = CARTESIAN_POINT('',(26.,27.65));
#3136 = ( GEOMETRIC_REPRESENTATION_CONTEXT(2) 
PARAMETRIC_REPRESENTATION_CONTEXT() REPRESENTATION_CONTEXT('2D SPACE',''
  ) );
#3137 = PCURVE('',#3138,#3143);
#3138 = CYLINDRICAL_SURFACE('',#3139,2.65);
#3139 = AXIS2_PLACEMENT_3D('',#3140,#3141,#3142);
#3140 = CARTESIAN_POINT('',(620.,60.,529.));
#3141 = DIRECTION('',(0.,-1.,2.22044604925E-16));
#3142 = DIRECTION('',(1.,0.,0.));
#3143 = DEFINITIONAL_REPRESENTATION('',(#3144),#3148);
#3144 = LINE('',#3145,#3146);
#3145 = CARTESIAN_POINT('',(0.,30.));
#3146 = VECTOR('',#3147,1.);
#3147 = DIRECTION('',(1.,0.));
#3148 = ( GEOMETRIC_REPRESENTATION_CONTEXT(2) 
PARAMETRIC_REPRESENTATION_CONTEXT() REPRESENTATION_CONTEXT('2D SPACE',''
  ) );
#3149 = ORIENTED_EDGE('',*,*,#3150,.T.);
#3150 = EDGE_CURVE('',#3118,#3070,#3151,.T.);
#3151 = SURFACE_CURVE('',#3152,(#3156,#3163),.PCURVE_S1.);
#3152 = LINE('',#3153,#3154);
#3153 = CARTESIAN_POINT('',(595.,30.,529.));
#3154 = VECTOR('',#3155,1.);
#3155 = DIRECTION('',(1.,0.,-0.));
#3156 = PCURVE('',#2388,#3157);
#3157 = DEFINITIONAL_REPRESENTATION('',(#3158),#3162);
#3158 = LINE('',#3159,#3160);
#3159 = CARTESIAN_POINT('',(26.,0.));
#3160 = VECTOR('',#3161,1.);
#3161 = DIRECTION('',(0.,1.));
#3162 = ( GEOMETRIC_REPRESENTATION_CONTEXT(2) 
PARAMETRIC_REPRESENTATION_CONTEXT() REPRESENTATION_CONTEXT('2D SPACE',''
  ) );
#3163 = PCURVE('',#3164,#3169);
#3164 = PLANE('',#3165);
#3165 = AXIS2_PLACEMENT_3D('',#3166,#3167,#3168);
#3166 = CARTESIAN_POINT('',(595.,-30.,529.));
#3167 = DIRECTION('',(0.,0.,1.));
#3168 = DIRECTION('',(1.,0.,-0.));
#3169 = DEFINITIONAL_REPRESENTATION('',(#3170),#3174);
#3170 = LINE('',#3171,#3172);
#3171 = CARTESIAN_POINT('',(0.,60.));
#3172 = VECTOR('',#3173,1.);
#3173 = DIRECTION('',(1.,0.));
#3174 = ( GEOMETRIC_REPRESENTATION_CONTEXT(2) 
PARAMETRIC_REPRESENTATION_CONTEXT() REPRESENTATION_CONTEXT('2D SPACE',''
  ) );
#3175 = FACE_BOUND('',#3176,.T.);
#3176 = EDGE_LOOP('',(#3177,#3205,#3231,#3257));
#3177 = ORIENTED_EDGE('',*,*,#3178,.F.);
#3178 = EDGE_CURVE('',#3179,#3181,#3183,.T.);
#3179 = VERTEX_POINT('',#3180);
#3180 = CARTESIAN_POINT('',(609.65,30.,524.5));
#3181 = VERTEX_POINT('',#3182);
#3182 = CARTESIAN_POINT('',(630.35,30.,524.5));
#3183 = SURFACE_CURVE('',#3184,(#3188,#3194),.PCURVE_S1.);
#3184 = LINE('',#3185,#3186);
#3185 = CARTESIAN_POINT('',(602.325,30.,524.5));
#3186 = VECTOR('',#3187,1.);
#3187 = DIRECTION('',(1.,0.,-0.));
#3188 = PCURVE('',#2388,#3189);
#3189 = DEFINITIONAL_REPRESENTATION('',(#3190),#3193);
#3190 = B_SPLINE_CURVE_WITH_KNOTS('',1,(#3191,#3192),.UNSPECIFIED.,.F.,
  .F.,(2,2),(7.325,28.025),.PIECEWISE_BEZIER_KNOTS.);
#3191 = CARTESIAN_POINT('',(21.5,14.65));
#3192 = CARTESIAN_POINT('',(21.5,35.35));
#3193 = ( GEOMETRIC_REPRESENTATION_CONTEXT(2) 
PARAMETRIC_REPRESENTATION_CONTEXT() REPRESENTATION_CONTEXT('2D SPACE',''
  ) );
#3194 = PCURVE('',#3195,#3200);
#3195 = PLANE('',#3196);
#3196 = AXIS2_PLACEMENT_3D('',#3197,#3198,#3199);
#3197 = CARTESIAN_POINT('',(609.65,24.6,524.5));
#3198 = DIRECTION('',(0.,0.,1.));
#3199 = DIRECTION('',(1.,0.,-0.));
#3200 = DEFINITIONAL_REPRESENTATION('',(#3201),#3204);
#3201 = B_SPLINE_CURVE_WITH_KNOTS('',1,(#3202,#3203),.UNSPECIFIED.,.F.,
  .F.,(2,2),(7.325,28.025),.PIECEWISE_BEZIER_KNOTS.);
#3202 = CARTESIAN_POINT('',(0.,5.4));
#3203 = CARTESIAN_POINT('',(20.7,5.4));
#3204 = ( GEOMETRIC_REPRESENTATION_CONTEXT(2) 
PARAMETRIC_REPRESENTATION_CONTEXT() REPRESENTATION_CONTEXT('2D SPACE',''
  ) );
#3205 = ORIENTED_EDGE('',*,*,#3206,.T.);
#3206 = EDGE_CURVE('',#3179,#3207,#3209,.T.);
#3207 = VERTEX_POINT('',#3208);
#3208 = CARTESIAN_POINT('',(609.65,30.,507.5));
#3209 = SURFACE_CURVE('',#3210,(#3214,#3220),.PCURVE_S1.);
#3210 = LINE('',#3211,#3212);
#3211 = CARTESIAN_POINT('',(609.65,30.,505.25));
#3212 = VECTOR('',#3213,1.);
#3213 = DIRECTION('',(-0.,0.,-1.));
#3214 = PCURVE('',#2388,#3215);
#3215 = DEFINITIONAL_REPRESENTATION('',(#3216),#3219);
#3216 = B_SPLINE_CURVE_WITH_KNOTS('',1,(#3217,#3218),.UNSPECIFIED.,.F.,
  .F.,(2,2),(-19.25,-2.25),.PIECEWISE_BEZIER_KNOTS.);
#3217 = CARTESIAN_POINT('',(21.5,14.65));
#3218 = CARTESIAN_POINT('',(4.5,14.65));
#3219 = ( GEOMETRIC_REPRESENTATION_CONTEXT(2) 
PARAMETRIC_REPRESENTATION_CONTEXT() REPRESENTATION_CONTEXT('2D SPACE',''
  ) );
#3220 = PCURVE('',#3221,#3226);
#3221 = PLANE('',#3222);
#3222 = AXIS2_PLACEMENT_3D('',#3223,#3224,#3225);
#3223 = CARTESIAN_POINT('',(609.65,24.6,507.5));
#3224 = DIRECTION('',(1.,0.,-0.));
#3225 = DIRECTION('',(0.,0.,1.));
#3226 = DEFINITIONAL_REPRESENTATION('',(#3227),#3230);
#3227 = B_SPLINE_CURVE_WITH_KNOTS('',1,(#3228,#3229),.UNSPECIFIED.,.F.,
  .F.,(2,2),(-19.25,-2.25),.PIECEWISE_BEZIER_KNOTS.);
#3228 = CARTESIAN_POINT('',(17.,-5.4));
#3229 = CARTESIAN_POINT('',(0.,-5.4));
#3230 = ( GEOMETRIC_REPRESENTATION_CONTEXT(2) 
PARAMETRIC_REPRESENTATION_CONTEXT() REPRESENTATION_CONTEXT('2D SPACE',''
  ) );
#3231 = ORIENTED_EDGE('',*,*,#3232,.T.);
#3232 = EDGE_CURVE('',#3207,#3233,#3235,.T.);
#3233 = VERTEX_POINT('',#3234);
#3234 = CARTESIAN_POINT('',(630.35,30.,507.5));
#3235 = SURFACE_CURVE('',#3236,(#3240,#3246),.PCURVE_S1.);
#3236 = LINE('',#3237,#3238);
#3237 = CARTESIAN_POINT('',(602.325,30.,507.5));
#3238 = VECTOR('',#3239,1.);
#3239 = DIRECTION('',(1.,0.,-0.));
#3240 = PCURVE('',#2388,#3241);
#3241 = DEFINITIONAL_REPRESENTATION('',(#3242),#3245);
#3242 = B_SPLINE_CURVE_WITH_KNOTS('',1,(#3243,#3244),.UNSPECIFIED.,.F.,
  .F.,(2,2),(7.325,28.025),.PIECEWISE_BEZIER_KNOTS.);
#3243 = CARTESIAN_POINT('',(4.5,14.65));
#3244 = CARTESIAN_POINT('',(4.5,35.35));
#3245 = ( GEOMETRIC_REPRESENTATION_CONTEXT(2) 
PARAMETRIC_REPRESENTATION_CONTEXT() REPRESENTATION_CONTEXT('2D SPACE',''
  ) );
#3246 = PCURVE('',#3247,#3252);
#3247 = PLANE('',#3248);
#3248 = AXIS2_PLACEMENT_3D('',#3249,#3250,#3251);
#3249 = CARTESIAN_POINT('',(609.65,24.6,507.5));
#3250 = DIRECTION('',(0.,0.,1.));
#3251 = DIRECTION('',(1.,0.,-0.));
#3252 = DEFINITIONAL_REPRESENTATION('',(#3253),#3256);
#3253 = B_SPLINE_CURVE_WITH_KNOTS('',1,(#3254,#3255),.UNSPECIFIED.,.F.,
  .F.,(2,2),(7.325,28.025),.PIECEWISE_BEZIER_KNOTS.);
#3254 = CARTESIAN_POINT('',(0.,5.4));
#3255 = CARTESIAN_POINT('',(20.7,5.4));
#3256 = ( GEOMETRIC_REPRESENTATION_CONTEXT(2) 
PARAMETRIC_REPRESENTATION_CONTEXT() REPRESENTATION_CONTEXT('2D SPACE',''
  ) );
#3257 = ORIENTED_EDGE('',*,*,#3258,.F.);
#3258 = EDGE_CURVE('',#3181,#3233,#3259,.T.);
#3259 = SURFACE_CURVE('',#3260,(#3264,#3270),.PCURVE_S1.);
#3260 = LINE('',#3261,#3262);
#3261 = CARTESIAN_POINT('',(630.35,30.,505.25));
#3262 = VECTOR('',#3263,1.);
#3263 = DIRECTION('',(-0.,0.,-1.));
#3264 = PCURVE('',#2388,#3265);
#3265 = DEFINITIONAL_REPRESENTATION('',(#3266),#3269);
#3266 = B_SPLINE_CURVE_WITH_KNOTS('',1,(#3267,#3268),.UNSPECIFIED.,.F.,
  .F.,(2,2),(-19.25,-2.25),.PIECEWISE_BEZIER_KNOTS.);
#3267 = CARTESIAN_POINT('',(21.5,35.35));
#3268 = CARTESIAN_POINT('',(4.5,35.35));
#3269 = ( GEOMETRIC_REPRESENTATION_CONTEXT(2) 
PARAMETRIC_REPRESENTATION_CONTEXT() REPRESENTATION_CONTEXT('2D SPACE',''
  ) );
#3270 = PCURVE('',#3271,#3276);
#3271 = PLANE('',#3272);
#3272 = AXIS2_PLACEMENT_3D('',#3273,#3274,#3275);
#3273 = CARTESIAN_POINT('',(630.35,24.6,507.5));
#3274 = DIRECTION('',(1.,0.,-0.));
#3275 = DIRECTION('',(0.,0.,1.));
#3276 = DEFINITIONAL_REPRESENTATION('',(#3277),#3280);
#3277 = B_SPLINE_CURVE_WITH_KNOTS('',1,(#3278,#3279),.UNSPECIFIED.,.F.,
  .F.,(2,2),(-19.25,-2.25),.PIECEWISE_BEZIER_KNOTS.);
#3278 = CARTESIAN_POINT('',(17.,-5.4));
#3279 = CARTESIAN_POINT('',(0.,-5.4));
#3280 = ( GEOMETRIC_REPRESENTATION_CONTEXT(2) 
PARAMETRIC_REPRESENTATION_CONTEXT() REPRESENTATION_CONTEXT('2D SPACE',''
  ) );
#3281 = ADVANCED_FACE('',(#3282,#3326),#2416,.T.);
#3282 = FACE_BOUND('',#3283,.T.);
#3283 = EDGE_LOOP('',(#3284,#3285,#3306,#3325));
#3284 = ORIENTED_EDGE('',*,*,#2400,.F.);
#3285 = ORIENTED_EDGE('',*,*,#3286,.T.);
#3286 = EDGE_CURVE('',#2401,#3287,#3289,.T.);
#3287 = VERTEX_POINT('',#3288);
#3288 = CARTESIAN_POINT('',(617.35,20.1,529.));
#3289 = SURFACE_CURVE('',#3290,(#3294,#3300),.PCURVE_S1.);
#3290 = LINE('',#3291,#3292);
#3291 = CARTESIAN_POINT('',(594.,20.1,529.));
#3292 = VECTOR('',#3293,1.);
#3293 = DIRECTION('',(1.,0.,2.22044604925E-16));
#3294 = PCURVE('',#2416,#3295);
#3295 = DEFINITIONAL_REPRESENTATION('',(#3296),#3299);
#3296 = B_SPLINE_CURVE_WITH_KNOTS('',1,(#3297,#3298),.UNSPECIFIED.,.F.,
  .F.,(2,2),(-6.000000212225E-07,52.0000006),.PIECEWISE_BEZIER_KNOTS.);
#3297 = CARTESIAN_POINT('',(-1.0000006,50.1));
#3298 = CARTESIAN_POINT('',(51.0000006,50.1));
#3299 = ( GEOMETRIC_REPRESENTATION_CONTEXT(2) 
PARAMETRIC_REPRESENTATION_CONTEXT() REPRESENTATION_CONTEXT('2D SPACE',''
  ) );
#3300 = PCURVE('',#2443,#3301);
#3301 = DEFINITIONAL_REPRESENTATION('',(#3302),#3305);
#3302 = B_SPLINE_CURVE_WITH_KNOTS('',1,(#3303,#3304),.UNSPECIFIED.,.F.,
  .F.,(2,2),(1.,51.),.PIECEWISE_BEZIER_KNOTS.);
#3303 = CARTESIAN_POINT('',(7.853981633974,1.));
#3304 = CARTESIAN_POINT('',(7.853981633974,51.));
#3305 = ( GEOMETRIC_REPRESENTATION_CONTEXT(2) 
PARAMETRIC_REPRESENTATION_CONTEXT() REPRESENTATION_CONTEXT('2D SPACE',''
  ) );
#3306 = ORIENTED_EDGE('',*,*,#3307,.F.);
#3307 = EDGE_CURVE('',#3095,#3287,#3308,.T.);
#3308 = SURFACE_CURVE('',#3309,(#3313,#3319),.PCURVE_S1.);
#3309 = LINE('',#3310,#3311);
#3310 = CARTESIAN_POINT('',(617.35,60.,529.));
#3311 = VECTOR('',#3312,1.);
#3312 = DIRECTION('',(0.,-1.,2.22044604925E-16));
#3313 = PCURVE('',#2416,#3314);
#3314 = DEFINITIONAL_REPRESENTATION('',(#3315),#3318);
#3315 = B_SPLINE_CURVE_WITH_KNOTS('',1,(#3316,#3317),.UNSPECIFIED.,.F.,
  .F.,(2,2),(29.01,40.89),.PIECEWISE_BEZIER_KNOTS.);
#3316 = CARTESIAN_POINT('',(22.35,60.99));
#3317 = CARTESIAN_POINT('',(22.35,49.11));
#3318 = ( GEOMETRIC_REPRESENTATION_CONTEXT(2) 
PARAMETRIC_REPRESENTATION_CONTEXT() REPRESENTATION_CONTEXT('2D SPACE',''
  ) );
#3319 = PCURVE('',#3138,#3320);
#3320 = DEFINITIONAL_REPRESENTATION('',(#3321),#3324);
#3321 = B_SPLINE_CURVE_WITH_KNOTS('',1,(#3322,#3323),.UNSPECIFIED.,.F.,
  .F.,(2,2),(29.01,40.89),.PIECEWISE_BEZIER_KNOTS.);
#3322 = CARTESIAN_POINT('',(3.14159265359,29.01));
#3323 = CARTESIAN_POINT('',(3.14159265359,40.89));
#3324 = ( GEOMETRIC_REPRESENTATION_CONTEXT(2) 
PARAMETRIC_REPRESENTATION_CONTEXT() REPRESENTATION_CONTEXT('2D SPACE',''
  ) );
#3325 = ORIENTED_EDGE('',*,*,#3094,.F.);
#3326 = FACE_BOUND('',#3327,.T.);
#3327 = EDGE_LOOP('',(#3328));
#3328 = ORIENTED_EDGE('',*,*,#3329,.F.);
#3329 = EDGE_CURVE('',#3330,#3330,#3332,.T.);
#3330 = VERTEX_POINT('',#3331);
#3331 = CARTESIAN_POINT('',(605.15,25.5,529.));
#3332 = SURFACE_CURVE('',#3333,(#3338,#3345),.PCURVE_S1.);
#3333 = CIRCLE('',#3334,2.15);
#3334 = AXIS2_PLACEMENT_3D('',#3335,#3336,#3337);
#3335 = CARTESIAN_POINT('',(603.,25.5,529.));
#3336 = DIRECTION('',(0.,0.,1.));
#3337 = DIRECTION('',(1.,0.,-0.));
#3338 = PCURVE('',#2416,#3339);
#3339 = DEFINITIONAL_REPRESENTATION('',(#3340),#3344);
#3340 = CIRCLE('',#3341,2.15);
#3341 = AXIS2_PLACEMENT_2D('',#3342,#3343);
#3342 = CARTESIAN_POINT('',(8.,55.5));
#3343 = DIRECTION('',(1.,0.));
#3344 = ( GEOMETRIC_REPRESENTATION_CONTEXT(2) 
PARAMETRIC_REPRESENTATION_CONTEXT() REPRESENTATION_CONTEXT('2D SPACE',''
  ) );
#3345 = PCURVE('',#2992,#3346);
#3346 = DEFINITIONAL_REPRESENTATION('',(#3347),#3351);
#3347 = LINE('',#3348,#3349);
#3348 = CARTESIAN_POINT('',(0.,52.));
#3349 = VECTOR('',#3350,1.);
#3350 = DIRECTION('',(1.,0.));
#3351 = ( GEOMETRIC_REPRESENTATION_CONTEXT(2) 
PARAMETRIC_REPRESENTATION_CONTEXT() REPRESENTATION_CONTEXT('2D SPACE',''
  ) );
#3352 = ADVANCED_FACE('',(#3353),#2443,.F.);
#3353 = FACE_BOUND('',#3354,.F.);
#3354 = EDGE_LOOP('',(#3355,#3356,#3357,#3358,#3450,#3471,#3495,#3516));
#3355 = ORIENTED_EDGE('',*,*,#2508,.F.);
#3356 = ORIENTED_EDGE('',*,*,#2428,.T.);
#3357 = ORIENTED_EDGE('',*,*,#3286,.T.);
#3358 = ORIENTED_EDGE('',*,*,#3359,.T.);
#3359 = EDGE_CURVE('',#3287,#3360,#3362,.T.);
#3360 = VERTEX_POINT('',#3361);
#3361 = CARTESIAN_POINT('',(622.65,20.1,529.));
#3362 = SURFACE_CURVE('',#3363,(#3390,#3420),.PCURVE_S1.);
#3363 = B_SPLINE_CURVE_WITH_KNOTS('',7,(#3364,#3365,#3366,#3367,#3368,
    #3369,#3370,#3371,#3372,#3373,#3374,#3375,#3376,#3377,#3378,#3379,
    #3380,#3381,#3382,#3383,#3384,#3385,#3386,#3387,#3388,#3389),
  .UNSPECIFIED.,.F.,.F.,(8,6,6,6,8),(0.,0.247708468299,0.500000741795,
    0.752293194946,1.),.UNSPECIFIED.);
#3364 = CARTESIAN_POINT('',(617.35,20.1,529.));
#3365 = CARTESIAN_POINT('',(617.35,20.1,528.64002424433));
#3366 = CARTESIAN_POINT('',(617.40704810579,20.092478510087,
    528.29109364341));
#3367 = CARTESIAN_POINT('',(617.51484875409,20.078267202667,
    527.96338364453));
#3368 = CARTESIAN_POINT('',(617.66543010469,20.059413277739,
    527.66506579009));
#3369 = CARTESIAN_POINT('',(617.84916634231,20.038592124034,
    527.40216391906));
#3370 = CARTESIAN_POINT('',(618.05488326253,20.018117819362,
    527.17800093978));
#3371 = CARTESIAN_POINT('',(618.48914060729,19.980554099612,
    526.80375857364));
#3372 = CARTESIAN_POINT('',(618.72437895346,19.962985476002,
    526.64965839654));
#3373 = CARTESIAN_POINT('',(618.97034283037,19.94801716971,
    526.5286164897));
#3374 = CARTESIAN_POINT('',(619.22333771641,19.936387380084,
    526.43903720976));
#3375 = CARTESIAN_POINT('',(619.48067405281,19.928496880812,
    526.37971195111));
#3376 = CARTESIAN_POINT('',(619.74021152386,19.924545164194,526.35));
#3377 = CARTESIAN_POINT('',(620.25978866112,19.924545164194,526.35));
#3378 = CARTESIAN_POINT('',(620.51932750782,19.928496887164,
    526.37971199662));
#3379 = CARTESIAN_POINT('',(620.77666454737,19.936387458369,
    526.43903780907));
#3380 = CARTESIAN_POINT('',(621.02965866821,19.948017304544,
    526.52861748205));
#3381 = CARTESIAN_POINT('',(621.2756204323,19.962985465118,
    526.64965859528));
#3382 = CARTESIAN_POINT('',(621.51085776537,19.980553958847,
    526.80375717121));
#3383 = CARTESIAN_POINT('',(621.94511673746,20.018117819362,
    527.17800093978));
#3384 = CARTESIAN_POINT('',(622.15083365768,20.038592124034,
    527.40216391906));
#3385 = CARTESIAN_POINT('',(622.3345698953,20.059413277739,
    527.66506579009));
#3386 = CARTESIAN_POINT('',(622.4851512459,20.078267202667,
    527.96338364453));
#3387 = CARTESIAN_POINT('',(622.5929518942,20.092478510087,
    528.29109364341));
#3388 = CARTESIAN_POINT('',(622.65,20.1,528.64002424433));
#3389 = CARTESIAN_POINT('',(622.65,20.1,529.));
#3390 = PCURVE('',#2443,#3391);
#3391 = DEFINITIONAL_REPRESENTATION('',(#3392),#3419);
#3392 = B_SPLINE_CURVE_WITH_KNOTS('',7,(#3393,#3394,#3395,#3396,#3397,
    #3398,#3399,#3400,#3401,#3402,#3403,#3404,#3405,#3406,#3407,#3408,
    #3409,#3410,#3411,#3412,#3413,#3414,#3415,#3416,#3417,#3418),
  .UNSPECIFIED.,.F.,.F.,(8,6,6,6,8),(0.,0.247708468299,0.500000741795,
    0.752293194946,1.),.UNSPECIFIED.);
#3393 = CARTESIAN_POINT('',(7.853981633974,23.35));
#3394 = CARTESIAN_POINT('',(7.836072392399,23.35));
#3395 = CARTESIAN_POINT('',(7.818712651596,23.407048105799));
#3396 = CARTESIAN_POINT('',(7.802399342473,23.514848754095));
#3397 = CARTESIAN_POINT('',(7.78753194097,23.6654301047));
#3398 = CARTESIAN_POINT('',(7.774412844457,23.849166342311));
#3399 = CARTESIAN_POINT('',(7.763214491827,24.054883262535));
#3400 = CARTESIAN_POINT('',(7.744501913325,24.489140607297));
#3401 = CARTESIAN_POINT('',(7.736786274461,24.724378953466));
#3402 = CARTESIAN_POINT('',(7.730718650728,24.970342830371));
#3403 = CARTESIAN_POINT('',(7.726224599421,25.223337716413));
#3404 = CARTESIAN_POINT('',(7.72324709934,25.48067405281));
#3405 = CARTESIAN_POINT('',(7.72175587647,25.740211523867));
#3406 = CARTESIAN_POINT('',(7.72175587647,26.259788661126));
#3407 = CARTESIAN_POINT('',(7.723247101621,26.51932750782));
#3408 = CARTESIAN_POINT('',(7.726224629509,26.776664547373));
#3409 = CARTESIAN_POINT('',(7.730718700516,27.029658668213));
#3410 = CARTESIAN_POINT('',(7.736786284241,27.275620432303));
#3411 = CARTESIAN_POINT('',(7.744501843202,27.510857765378));
#3412 = CARTESIAN_POINT('',(7.763214491827,27.945116737465));
#3413 = CARTESIAN_POINT('',(7.774412844457,28.150833657689));
#3414 = CARTESIAN_POINT('',(7.78753194097,28.334569895301));
#3415 = CARTESIAN_POINT('',(7.802399342473,28.485151245904));
#3416 = CARTESIAN_POINT('',(7.818712651596,28.592951894201));
#3417 = CARTESIAN_POINT('',(7.836072392399,28.65));
#3418 = CARTESIAN_POINT('',(7.853981633974,28.65));
#3419 = ( GEOMETRIC_REPRESENTATION_CONTEXT(2) 
PARAMETRIC_REPRESENTATION_CONTEXT() REPRESENTATION_CONTEXT('2D SPACE',''
  ) );
#3420 = PCURVE('',#3138,#3421);
#3421 = DEFINITIONAL_REPRESENTATION('',(#3422),#3449);
#3422 = B_SPLINE_CURVE_WITH_KNOTS('',7,(#3423,#3424,#3425,#3426,#3427,
    #3428,#3429,#3430,#3431,#3432,#3433,#3434,#3435,#3436,#3437,#3438,
    #3439,#3440,#3441,#3442,#3443,#3444,#3445,#3446,#3447,#3448),
  .UNSPECIFIED.,.F.,.F.,(8,6,6,6,8),(0.,0.247708468299,0.500000741795,
    0.752293194946,1.),.UNSPECIFIED.);
#3423 = CARTESIAN_POINT('',(3.14159265359,39.9));
#3424 = CARTESIAN_POINT('',(3.277432561388,39.9));
#3425 = CARTESIAN_POINT('',(3.409104431383,39.907521489913));
#3426 = CARTESIAN_POINT('',(3.536862697141,39.921732797333));
#3427 = CARTESIAN_POINT('',(3.660588561118,39.940586722261));
#3428 = CARTESIAN_POINT('',(3.779885747833,39.961407875966));
#3429 = CARTESIAN_POINT('',(3.893912715377,39.981882180638));
#3430 = CARTESIAN_POINT('',(4.110240456823,40.019445900388));
#3431 = CARTESIAN_POINT('',(4.215446496154,40.037014523998));
#3432 = CARTESIAN_POINT('',(4.317697992789,40.05198283029));
#3433 = CARTESIAN_POINT('',(4.417769402912,40.063612619916));
#3434 = CARTESIAN_POINT('',(4.516417096478,40.071503119188));
#3435 = CARTESIAN_POINT('',(4.614355593165,40.075454835806));
#3436 = CARTESIAN_POINT('',(4.810422437413,40.075454835806));
#3437 = CARTESIAN_POINT('',(4.90836145229,40.071503112836));
#3438 = CARTESIAN_POINT('',(5.007009419121,40.063612541631));
#3439 = CARTESIAN_POINT('',(5.107080600237,40.051982695456));
#3440 = CARTESIAN_POINT('',(5.209331336415,40.037014534882));
#3441 = CARTESIAN_POINT('',(5.314536693285,40.019446041153));
#3442 = CARTESIAN_POINT('',(5.530865245392,39.981882180638));
#3443 = CARTESIAN_POINT('',(5.644892212937,39.961407875966));
#3444 = CARTESIAN_POINT('',(5.764189399651,39.940586722261));
#3445 = CARTESIAN_POINT('',(5.887915263629,39.921732797333));
#3446 = CARTESIAN_POINT('',(6.015673529386,39.907521489913));
#3447 = CARTESIAN_POINT('',(6.147345399382,39.9));
#3448 = CARTESIAN_POINT('',(6.28318530718,39.9));
#3449 = ( GEOMETRIC_REPRESENTATION_CONTEXT(2) 
PARAMETRIC_REPRESENTATION_CONTEXT() REPRESENTATION_CONTEXT('2D SPACE',''
  ) );
#3450 = ORIENTED_EDGE('',*,*,#3451,.T.);
#3451 = EDGE_CURVE('',#3360,#3452,#3454,.T.);
#3452 = VERTEX_POINT('',#3453);
#3453 = CARTESIAN_POINT('',(645.,20.1,529.));
#3454 = SURFACE_CURVE('',#3455,(#3459,#3465),.PCURVE_S1.);
#3455 = LINE('',#3456,#3457);
#3456 = CARTESIAN_POINT('',(594.,20.1,529.));
#3457 = VECTOR('',#3458,1.);
#3458 = DIRECTION('',(1.,0.,2.22044604925E-16));
#3459 = PCURVE('',#2443,#3460);
#3460 = DEFINITIONAL_REPRESENTATION('',(#3461),#3464);
#3461 = B_SPLINE_CURVE_WITH_KNOTS('',1,(#3462,#3463),.UNSPECIFIED.,.F.,
  .F.,(2,2),(1.,51.),.PIECEWISE_BEZIER_KNOTS.);
#3462 = CARTESIAN_POINT('',(7.853981633974,1.));
#3463 = CARTESIAN_POINT('',(7.853981633974,51.));
#3464 = ( GEOMETRIC_REPRESENTATION_CONTEXT(2) 
PARAMETRIC_REPRESENTATION_CONTEXT() REPRESENTATION_CONTEXT('2D SPACE',''
  ) );
#3465 = PCURVE('',#3164,#3466);
#3466 = DEFINITIONAL_REPRESENTATION('',(#3467),#3470);
#3467 = B_SPLINE_CURVE_WITH_KNOTS('',1,(#3468,#3469),.UNSPECIFIED.,.F.,
  .F.,(2,2),(-6.000000212225E-07,52.0000006),.PIECEWISE_BEZIER_KNOTS.);
#3468 = CARTESIAN_POINT('',(-1.0000006,50.1));
#3469 = CARTESIAN_POINT('',(51.0000006,50.1));
#3470 = ( GEOMETRIC_REPRESENTATION_CONTEXT(2) 
PARAMETRIC_REPRESENTATION_CONTEXT() REPRESENTATION_CONTEXT('2D SPACE',''
  ) );
#3471 = ORIENTED_EDGE('',*,*,#3472,.F.);
#3472 = EDGE_CURVE('',#3473,#3452,#3475,.T.);
#3473 = VERTEX_POINT('',#3474);
#3474 = CARTESIAN_POINT('',(645.,-20.1,529.));
#3475 = SURFACE_CURVE('',#3476,(#3481,#3488),.PCURVE_S1.);
#3476 = CIRCLE('',#3477,20.1);
#3477 = AXIS2_PLACEMENT_3D('',#3478,#3479,#3480);
#3478 = CARTESIAN_POINT('',(645.,0.,529.));
#3479 = DIRECTION('',(1.,0.,0.));
#3480 = DIRECTION('',(0.,-1.,0.));
#3481 = PCURVE('',#2443,#3482);
#3482 = DEFINITIONAL_REPRESENTATION('',(#3483),#3487);
#3483 = LINE('',#3484,#3485);
#3484 = CARTESIAN_POINT('',(4.712388980385,51.));
#3485 = VECTOR('',#3486,1.);
#3486 = DIRECTION('',(1.,0.));
#3487 = ( GEOMETRIC_REPRESENTATION_CONTEXT(2) 
PARAMETRIC_REPRESENTATION_CONTEXT() REPRESENTATION_CONTEXT('2D SPACE',''
  ) );
#3488 = PCURVE('',#2579,#3489);
#3489 = DEFINITIONAL_REPRESENTATION('',(#3490),#3494);
#3490 = CIRCLE('',#3491,20.1);
#3491 = AXIS2_PLACEMENT_2D('',#3492,#3493);
#3492 = CARTESIAN_POINT('',(26.,-30.));
#3493 = DIRECTION('',(0.,1.));
#3494 = ( GEOMETRIC_REPRESENTATION_CONTEXT(2) 
PARAMETRIC_REPRESENTATION_CONTEXT() REPRESENTATION_CONTEXT('2D SPACE',''
  ) );
#3495 = ORIENTED_EDGE('',*,*,#3496,.F.);
#3496 = EDGE_CURVE('',#3497,#3473,#3499,.T.);
#3497 = VERTEX_POINT('',#3498);
#3498 = CARTESIAN_POINT('',(622.65,-20.1,529.));
#3499 = SURFACE_CURVE('',#3500,(#3504,#3510),.PCURVE_S1.);
#3500 = LINE('',#3501,#3502);
#3501 = CARTESIAN_POINT('',(594.,-20.1,529.));
#3502 = VECTOR('',#3503,1.);
#3503 = DIRECTION('',(1.,0.,2.22044604925E-16));
#3504 = PCURVE('',#2443,#3505);
#3505 = DEFINITIONAL_REPRESENTATION('',(#3506),#3509);
#3506 = B_SPLINE_CURVE_WITH_KNOTS('',1,(#3507,#3508),.UNSPECIFIED.,.F.,
  .F.,(2,2),(1.,51.),.PIECEWISE_BEZIER_KNOTS.);
#3507 = CARTESIAN_POINT('',(4.712388980385,1.));
#3508 = CARTESIAN_POINT('',(4.712388980385,51.));
#3509 = ( GEOMETRIC_REPRESENTATION_CONTEXT(2) 
PARAMETRIC_REPRESENTATION_CONTEXT() REPRESENTATION_CONTEXT('2D SPACE',''
  ) );
#3510 = PCURVE('',#2656,#3511);
#3511 = DEFINITIONAL_REPRESENTATION('',(#3512),#3515);
#3512 = B_SPLINE_CURVE_WITH_KNOTS('',1,(#3513,#3514),.UNSPECIFIED.,.F.,
  .F.,(2,2),(-6.000000212225E-07,52.0000006),.PIECEWISE_BEZIER_KNOTS.);
#3513 = CARTESIAN_POINT('',(-1.0000006,9.9));
#3514 = CARTESIAN_POINT('',(51.0000006,9.9));
#3515 = ( GEOMETRIC_REPRESENTATION_CONTEXT(2) 
PARAMETRIC_REPRESENTATION_CONTEXT() REPRESENTATION_CONTEXT('2D SPACE',''
  ) );
#3516 = ORIENTED_EDGE('',*,*,#3517,.F.);
#3517 = EDGE_CURVE('',#2483,#3497,#3518,.T.);
#3518 = SURFACE_CURVE('',#3519,(#3546,#3576),.PCURVE_S1.);
#3519 = B_SPLINE_CURVE_WITH_KNOTS('',7,(#3520,#3521,#3522,#3523,#3524,
    #3525,#3526,#3527,#3528,#3529,#3530,#3531,#3532,#3533,#3534,#3535,
    #3536,#3537,#3538,#3539,#3540,#3541,#3542,#3543,#3544,#3545),
  .UNSPECIFIED.,.F.,.F.,(8,6,6,6,8),(0.,0.247708468299,0.500000741795,
    0.752293194946,1.),.UNSPECIFIED.);
#3520 = CARTESIAN_POINT('',(617.35,-20.1,529.));
#3521 = CARTESIAN_POINT('',(617.35,-20.1,528.64002424433));
#3522 = CARTESIAN_POINT('',(617.40704810579,-20.09247851008,
    528.29109364341));
#3523 = CARTESIAN_POINT('',(617.51484875409,-20.07826720266,
    527.96338364453));
#3524 = CARTESIAN_POINT('',(617.66543010469,-20.05941327773,
    527.66506579009));
#3525 = CARTESIAN_POINT('',(617.84916634231,-20.03859212403,
    527.40216391906));
#3526 = CARTESIAN_POINT('',(618.05488326253,-20.01811781936,
    527.17800093978));
#3527 = CARTESIAN_POINT('',(618.48914060729,-19.98055409961,
    526.80375857364));
#3528 = CARTESIAN_POINT('',(618.72437895346,-19.962985476,
    526.64965839654));
#3529 = CARTESIAN_POINT('',(618.97034283037,-19.9480171697,
    526.5286164897));
#3530 = CARTESIAN_POINT('',(619.22333771641,-19.93638738008,
    526.43903720976));
#3531 = CARTESIAN_POINT('',(619.48067405281,-19.92849688081,
    526.37971195111));
#3532 = CARTESIAN_POINT('',(619.74021152386,-19.92454516419,526.35));
#3533 = CARTESIAN_POINT('',(620.25978866112,-19.92454516419,526.35));
#3534 = CARTESIAN_POINT('',(620.51932750782,-19.92849688716,
    526.37971199662));
#3535 = CARTESIAN_POINT('',(620.77666454737,-19.93638745836,
    526.43903780907));
#3536 = CARTESIAN_POINT('',(621.02965866821,-19.94801730454,
    526.52861748205));
#3537 = CARTESIAN_POINT('',(621.2756204323,-19.96298546511,
    526.64965859528));
#3538 = CARTESIAN_POINT('',(621.51085776537,-19.98055395884,
    526.80375717121));
#3539 = CARTESIAN_POINT('',(621.94511673746,-20.01811781936,
    527.17800093978));
#3540 = CARTESIAN_POINT('',(622.15083365768,-20.03859212403,
    527.40216391906));
#3541 = CARTESIAN_POINT('',(622.3345698953,-20.05941327773,
    527.66506579009));
#3542 = CARTESIAN_POINT('',(622.4851512459,-20.07826720266,
    527.96338364452));
#3543 = CARTESIAN_POINT('',(622.5929518942,-20.09247851008,
    528.29109364341));
#3544 = CARTESIAN_POINT('',(622.65,-20.1,528.64002424433));
#3545 = CARTESIAN_POINT('',(622.65,-20.1,529.));
#3546 = PCURVE('',#2443,#3547);
#3547 = DEFINITIONAL_REPRESENTATION('',(#3548),#3575);
#3548 = B_SPLINE_CURVE_WITH_KNOTS('',7,(#3549,#3550,#3551,#3552,#3553,
    #3554,#3555,#3556,#3557,#3558,#3559,#3560,#3561,#3562,#3563,#3564,
    #3565,#3566,#3567,#3568,#3569,#3570,#3571,#3572,#3573,#3574),
  .UNSPECIFIED.,.F.,.F.,(8,6,6,6,8),(0.,0.247708468299,0.500000741795,
    0.752293194946,1.),.UNSPECIFIED.);
#3549 = CARTESIAN_POINT('',(4.712388980385,23.35));
#3550 = CARTESIAN_POINT('',(4.73029822196,23.35));
#3551 = CARTESIAN_POINT('',(4.747657962763,23.407048105799));
#3552 = CARTESIAN_POINT('',(4.763971271886,23.514848754095));
#3553 = CARTESIAN_POINT('',(4.778838673389,23.6654301047));
#3554 = CARTESIAN_POINT('',(4.791957769902,23.849166342311));
#3555 = CARTESIAN_POINT('',(4.803156122532,24.054883262535));
#3556 = CARTESIAN_POINT('',(4.821868701034,24.489140607297));
#3557 = CARTESIAN_POINT('',(4.829584339898,24.724378953466));
#3558 = CARTESIAN_POINT('',(4.835651963632,24.970342830371));
#3559 = CARTESIAN_POINT('',(4.840146014939,25.223337716414));
#3560 = CARTESIAN_POINT('',(4.84312351502,25.48067405281));
#3561 = CARTESIAN_POINT('',(4.844614737889,25.740211523867));
#3562 = CARTESIAN_POINT('',(4.844614737889,26.259788661126));
#3563 = CARTESIAN_POINT('',(4.843123512738,26.519327507821));
#3564 = CARTESIAN_POINT('',(4.840145984851,26.776664547373));
#3565 = CARTESIAN_POINT('',(4.835651913844,27.029658668213));
#3566 = CARTESIAN_POINT('',(4.829584330118,27.275620432303));
#3567 = CARTESIAN_POINT('',(4.821868771157,27.510857765378));
#3568 = CARTESIAN_POINT('',(4.803156122532,27.945116737465));
#3569 = CARTESIAN_POINT('',(4.791957769902,28.150833657688));
#3570 = CARTESIAN_POINT('',(4.778838673389,28.334569895301));
#3571 = CARTESIAN_POINT('',(4.763971271886,28.485151245904));
#3572 = CARTESIAN_POINT('',(4.747657962763,28.592951894201));
#3573 = CARTESIAN_POINT('',(4.73029822196,28.65));
#3574 = CARTESIAN_POINT('',(4.712388980385,28.65));
#3575 = ( GEOMETRIC_REPRESENTATION_CONTEXT(2) 
PARAMETRIC_REPRESENTATION_CONTEXT() REPRESENTATION_CONTEXT('2D SPACE',''
  ) );
#3576 = PCURVE('',#2497,#3577);
#3577 = DEFINITIONAL_REPRESENTATION('',(#3578),#3605);
#3578 = B_SPLINE_CURVE_WITH_KNOTS('',7,(#3579,#3580,#3581,#3582,#3583,
    #3584,#3585,#3586,#3587,#3588,#3589,#3590,#3591,#3592,#3593,#3594,
    #3595,#3596,#3597,#3598,#3599,#3600,#3601,#3602,#3603,#3604),
  .UNSPECIFIED.,.F.,.F.,(8,6,6,6,8),(0.,0.247708468299,0.500000741795,
    0.752293194946,1.),.UNSPECIFIED.);
#3579 = CARTESIAN_POINT('',(3.14159265359,80.1));
#3580 = CARTESIAN_POINT('',(3.277432561388,80.1));
#3581 = CARTESIAN_POINT('',(3.409104431383,80.092478510087));
#3582 = CARTESIAN_POINT('',(3.536862697141,80.078267202667));
#3583 = CARTESIAN_POINT('',(3.660588561118,80.059413277739));
#3584 = CARTESIAN_POINT('',(3.779885747833,80.038592124034));
#3585 = CARTESIAN_POINT('',(3.893912715377,80.018117819362));
#3586 = CARTESIAN_POINT('',(4.110240456823,79.980554099612));
#3587 = CARTESIAN_POINT('',(4.215446496154,79.962985476002));
#3588 = CARTESIAN_POINT('',(4.317697992789,79.948017169709));
#3589 = CARTESIAN_POINT('',(4.417769402912,79.936387380084));
#3590 = CARTESIAN_POINT('',(4.516417096478,79.928496880812));
#3591 = CARTESIAN_POINT('',(4.614355593165,79.924545164194));
#3592 = CARTESIAN_POINT('',(4.810422437413,79.924545164194));
#3593 = CARTESIAN_POINT('',(4.908361452291,79.928496887164));
#3594 = CARTESIAN_POINT('',(5.007009419121,79.936387458369));
#3595 = CARTESIAN_POINT('',(5.107080600237,79.948017304544));
#3596 = CARTESIAN_POINT('',(5.209331336415,79.962985465118));
#3597 = CARTESIAN_POINT('',(5.314536693285,79.980553958847));
#3598 = CARTESIAN_POINT('',(5.530865245392,80.018117819362));
#3599 = CARTESIAN_POINT('',(5.644892212937,80.038592124034));
#3600 = CARTESIAN_POINT('',(5.764189399651,80.059413277739));
#3601 = CARTESIAN_POINT('',(5.887915263629,80.078267202667));
#3602 = CARTESIAN_POINT('',(6.015673529386,80.092478510087));
#3603 = CARTESIAN_POINT('',(6.147345399382,80.1));
#3604 = CARTESIAN_POINT('',(6.28318530718,80.1));
#3605 = ( GEOMETRIC_REPRESENTATION_CONTEXT(2) 
PARAMETRIC_REPRESENTATION_CONTEXT() REPRESENTATION_CONTEXT('2D SPACE',''
  ) );
#3606 = ADVANCED_FACE('',(#3607),#2497,.F.);
#3607 = FACE_BOUND('',#3608,.F.);
#3608 = EDGE_LOOP('',(#3609,#3630,#3631,#3632));
#3609 = ORIENTED_EDGE('',*,*,#3610,.T.);
#3610 = EDGE_CURVE('',#3497,#2615,#3611,.T.);
#3611 = SURFACE_CURVE('',#3612,(#3616,#3623),.PCURVE_S1.);
#3612 = LINE('',#3613,#3614);
#3613 = CARTESIAN_POINT('',(622.65,60.,529.));
#3614 = VECTOR('',#3615,1.);
#3615 = DIRECTION('',(0.,-1.,2.22044604925E-16));
#3616 = PCURVE('',#2497,#3617);
#3617 = DEFINITIONAL_REPRESENTATION('',(#3618),#3622);
#3618 = LINE('',#3619,#3620);
#3619 = CARTESIAN_POINT('',(6.28318530718,-0.));
#3620 = VECTOR('',#3621,1.);
#3621 = DIRECTION('',(0.,1.));
#3622 = ( GEOMETRIC_REPRESENTATION_CONTEXT(2) 
PARAMETRIC_REPRESENTATION_CONTEXT() REPRESENTATION_CONTEXT('2D SPACE',''
  ) );
#3623 = PCURVE('',#2656,#3624);
#3624 = DEFINITIONAL_REPRESENTATION('',(#3625),#3629);
#3625 = LINE('',#3626,#3627);
#3626 = CARTESIAN_POINT('',(27.65,90.));
#3627 = VECTOR('',#3628,1.);
#3628 = DIRECTION('',(0.,-1.));
#3629 = ( GEOMETRIC_REPRESENTATION_CONTEXT(2) 
PARAMETRIC_REPRESENTATION_CONTEXT() REPRESENTATION_CONTEXT('2D SPACE',''
  ) );
#3630 = ORIENTED_EDGE('',*,*,#2614,.F.);
#3631 = ORIENTED_EDGE('',*,*,#2482,.F.);
#3632 = ORIENTED_EDGE('',*,*,#3517,.T.);
#3633 = ADVANCED_FACE('',(#3634),#2546,.F.);
#3634 = FACE_BOUND('',#3635,.F.);
#3635 = EDGE_LOOP('',(#3636,#3637,#3658,#3659));
#3636 = ORIENTED_EDGE('',*,*,#2529,.F.);
#3637 = ORIENTED_EDGE('',*,*,#3638,.F.);
#3638 = EDGE_CURVE('',#2826,#2530,#3639,.T.);
#3639 = SEAM_CURVE('',#3640,(#3644,#3651),.PCURVE_S1.);
#3640 = LINE('',#3641,#3642);
#3641 = CARTESIAN_POINT('',(605.15,-25.5,477.));
#3642 = VECTOR('',#3643,1.);
#3643 = DIRECTION('',(0.,0.,1.));
#3644 = PCURVE('',#2546,#3645);
#3645 = DEFINITIONAL_REPRESENTATION('',(#3646),#3650);
#3646 = LINE('',#3647,#3648);
#3647 = CARTESIAN_POINT('',(6.28318530718,-0.));
#3648 = VECTOR('',#3649,1.);
#3649 = DIRECTION('',(0.,1.));
#3650 = ( GEOMETRIC_REPRESENTATION_CONTEXT(2) 
PARAMETRIC_REPRESENTATION_CONTEXT() REPRESENTATION_CONTEXT('2D SPACE',''
  ) );
#3651 = PCURVE('',#2546,#3652);
#3652 = DEFINITIONAL_REPRESENTATION('',(#3653),#3657);
#3653 = LINE('',#3654,#3655);
#3654 = CARTESIAN_POINT('',(0.,-0.));
#3655 = VECTOR('',#3656,1.);
#3656 = DIRECTION('',(0.,1.));
#3657 = ( GEOMETRIC_REPRESENTATION_CONTEXT(2) 
PARAMETRIC_REPRESENTATION_CONTEXT() REPRESENTATION_CONTEXT('2D SPACE',''
  ) );
#3658 = ORIENTED_EDGE('',*,*,#2825,.T.);
#3659 = ORIENTED_EDGE('',*,*,#3638,.T.);
#3660 = ADVANCED_FACE('',(#3661),#2579,.T.);
#3661 = FACE_BOUND('',#3662,.T.);
#3662 = EDGE_LOOP('',(#3663,#3684,#3685,#3686,#3687,#3708));
#3663 = ORIENTED_EDGE('',*,*,#3664,.F.);
#3664 = EDGE_CURVE('',#2564,#3473,#3665,.T.);
#3665 = SURFACE_CURVE('',#3666,(#3670,#3677),.PCURVE_S1.);
#3666 = LINE('',#3667,#3668);
#3667 = CARTESIAN_POINT('',(645.,-30.,529.));
#3668 = VECTOR('',#3669,1.);
#3669 = DIRECTION('',(-0.,1.,0.));
#3670 = PCURVE('',#2579,#3671);
#3671 = DEFINITIONAL_REPRESENTATION('',(#3672),#3676);
#3672 = LINE('',#3673,#3674);
#3673 = CARTESIAN_POINT('',(26.,0.));
#3674 = VECTOR('',#3675,1.);
#3675 = DIRECTION('',(0.,-1.));
#3676 = ( GEOMETRIC_REPRESENTATION_CONTEXT(2) 
PARAMETRIC_REPRESENTATION_CONTEXT() REPRESENTATION_CONTEXT('2D SPACE',''
  ) );
#3677 = PCURVE('',#2656,#3678);
#3678 = DEFINITIONAL_REPRESENTATION('',(#3679),#3683);
#3679 = LINE('',#3680,#3681);
#3680 = CARTESIAN_POINT('',(50.,0.));
#3681 = VECTOR('',#3682,1.);
#3682 = DIRECTION('',(0.,1.));
#3683 = ( GEOMETRIC_REPRESENTATION_CONTEXT(2) 
PARAMETRIC_REPRESENTATION_CONTEXT() REPRESENTATION_CONTEXT('2D SPACE',''
  ) );
#3684 = ORIENTED_EDGE('',*,*,#2561,.F.);
#3685 = ORIENTED_EDGE('',*,*,#2779,.T.);
#3686 = ORIENTED_EDGE('',*,*,#3069,.T.);
#3687 = ORIENTED_EDGE('',*,*,#3688,.F.);
#3688 = EDGE_CURVE('',#3452,#3070,#3689,.T.);
#3689 = SURFACE_CURVE('',#3690,(#3694,#3701),.PCURVE_S1.);
#3690 = LINE('',#3691,#3692);
#3691 = CARTESIAN_POINT('',(645.,-30.,529.));
#3692 = VECTOR('',#3693,1.);
#3693 = DIRECTION('',(-0.,1.,0.));
#3694 = PCURVE('',#2579,#3695);
#3695 = DEFINITIONAL_REPRESENTATION('',(#3696),#3700);
#3696 = LINE('',#3697,#3698);
#3697 = CARTESIAN_POINT('',(26.,0.));
#3698 = VECTOR('',#3699,1.);
#3699 = DIRECTION('',(0.,-1.));
#3700 = ( GEOMETRIC_REPRESENTATION_CONTEXT(2) 
PARAMETRIC_REPRESENTATION_CONTEXT() REPRESENTATION_CONTEXT('2D SPACE',''
  ) );
#3701 = PCURVE('',#3164,#3702);
#3702 = DEFINITIONAL_REPRESENTATION('',(#3703),#3707);
#3703 = LINE('',#3704,#3705);
#3704 = CARTESIAN_POINT('',(50.,0.));
#3705 = VECTOR('',#3706,1.);
#3706 = DIRECTION('',(0.,1.));
#3707 = ( GEOMETRIC_REPRESENTATION_CONTEXT(2) 
PARAMETRIC_REPRESENTATION_CONTEXT() REPRESENTATION_CONTEXT('2D SPACE',''
  ) );
#3708 = ORIENTED_EDGE('',*,*,#3472,.F.);
#3709 = ADVANCED_FACE('',(#3710,#3716),#2656,.T.);
#3710 = FACE_BOUND('',#3711,.T.);
#3711 = EDGE_LOOP('',(#3712,#3713,#3714,#3715));
#3712 = ORIENTED_EDGE('',*,*,#3610,.T.);
#3713 = ORIENTED_EDGE('',*,*,#2642,.T.);
#3714 = ORIENTED_EDGE('',*,*,#3664,.T.);
#3715 = ORIENTED_EDGE('',*,*,#3496,.F.);
#3716 = FACE_BOUND('',#3717,.T.);
#3717 = EDGE_LOOP('',(#3718));
#3718 = ORIENTED_EDGE('',*,*,#3719,.F.);
#3719 = EDGE_CURVE('',#3720,#3720,#3722,.T.);
#3720 = VERTEX_POINT('',#3721);
#3721 = CARTESIAN_POINT('',(639.15,-25.5,529.));
#3722 = SURFACE_CURVE('',#3723,(#3728,#3735),.PCURVE_S1.);
#3723 = CIRCLE('',#3724,2.15);
#3724 = AXIS2_PLACEMENT_3D('',#3725,#3726,#3727);
#3725 = CARTESIAN_POINT('',(637.,-25.5,529.));
#3726 = DIRECTION('',(0.,0.,1.));
#3727 = DIRECTION('',(1.,0.,-0.));
#3728 = PCURVE('',#2656,#3729);
#3729 = DEFINITIONAL_REPRESENTATION('',(#3730),#3734);
#3730 = CIRCLE('',#3731,2.15);
#3731 = AXIS2_PLACEMENT_2D('',#3732,#3733);
#3732 = CARTESIAN_POINT('',(42.,4.5));
#3733 = DIRECTION('',(1.,0.));
#3734 = ( GEOMETRIC_REPRESENTATION_CONTEXT(2) 
PARAMETRIC_REPRESENTATION_CONTEXT() REPRESENTATION_CONTEXT('2D SPACE',''
  ) );
#3735 = PCURVE('',#2899,#3736);
#3736 = DEFINITIONAL_REPRESENTATION('',(#3737),#3741);
#3737 = LINE('',#3738,#3739);
#3738 = CARTESIAN_POINT('',(0.,52.));
#3739 = VECTOR('',#3740,1.);
#3740 = DIRECTION('',(1.,0.));
#3741 = ( GEOMETRIC_REPRESENTATION_CONTEXT(2) 
PARAMETRIC_REPRESENTATION_CONTEXT() REPRESENTATION_CONTEXT('2D SPACE',''
  ) );
#3742 = ADVANCED_FACE('',(#3743),#2687,.F.);
#3743 = FACE_BOUND('',#3744,.F.);
#3744 = EDGE_LOOP('',(#3745,#3768,#3769,#3792));
#3745 = ORIENTED_EDGE('',*,*,#3746,.F.);
#3746 = EDGE_CURVE('',#2671,#3747,#3749,.T.);
#3747 = VERTEX_POINT('',#3748);
#3748 = CARTESIAN_POINT('',(609.65,-24.6,524.5));
#3749 = SURFACE_CURVE('',#3750,(#3754,#3761),.PCURVE_S1.);
#3750 = LINE('',#3751,#3752);
#3751 = CARTESIAN_POINT('',(609.65,-31.,524.5));
#3752 = VECTOR('',#3753,1.);
#3753 = DIRECTION('',(-0.,1.,0.));
#3754 = PCURVE('',#2687,#3755);
#3755 = DEFINITIONAL_REPRESENTATION('',(#3756),#3760);
#3756 = LINE('',#3757,#3758);
#3757 = CARTESIAN_POINT('',(0.,0.));
#3758 = VECTOR('',#3759,1.);
#3759 = DIRECTION('',(0.,1.));
#3760 = ( GEOMETRIC_REPRESENTATION_CONTEXT(2) 
PARAMETRIC_REPRESENTATION_CONTEXT() REPRESENTATION_CONTEXT('2D SPACE',''
  ) );
#3761 = PCURVE('',#2713,#3762);
#3762 = DEFINITIONAL_REPRESENTATION('',(#3763),#3767);
#3763 = LINE('',#3764,#3765);
#3764 = CARTESIAN_POINT('',(17.,0.));
#3765 = VECTOR('',#3766,1.);
#3766 = DIRECTION('',(0.,-1.));
#3767 = ( GEOMETRIC_REPRESENTATION_CONTEXT(2) 
PARAMETRIC_REPRESENTATION_CONTEXT() REPRESENTATION_CONTEXT('2D SPACE',''
  ) );
#3768 = ORIENTED_EDGE('',*,*,#2670,.T.);
#3769 = ORIENTED_EDGE('',*,*,#3770,.T.);
#3770 = EDGE_CURVE('',#2673,#3771,#3773,.T.);
#3771 = VERTEX_POINT('',#3772);
#3772 = CARTESIAN_POINT('',(630.35,-24.6,524.5));
#3773 = SURFACE_CURVE('',#3774,(#3778,#3785),.PCURVE_S1.);
#3774 = LINE('',#3775,#3776);
#3775 = CARTESIAN_POINT('',(630.35,-31.,524.5));
#3776 = VECTOR('',#3777,1.);
#3777 = DIRECTION('',(-0.,1.,0.));
#3778 = PCURVE('',#2687,#3779);
#3779 = DEFINITIONAL_REPRESENTATION('',(#3780),#3784);
#3780 = LINE('',#3781,#3782);
#3781 = CARTESIAN_POINT('',(20.7,0.));
#3782 = VECTOR('',#3783,1.);
#3783 = DIRECTION('',(0.,1.));
#3784 = ( GEOMETRIC_REPRESENTATION_CONTEXT(2) 
PARAMETRIC_REPRESENTATION_CONTEXT() REPRESENTATION_CONTEXT('2D SPACE',''
  ) );
#3785 = PCURVE('',#2763,#3786);
#3786 = DEFINITIONAL_REPRESENTATION('',(#3787),#3791);
#3787 = LINE('',#3788,#3789);
#3788 = CARTESIAN_POINT('',(17.,0.));
#3789 = VECTOR('',#3790,1.);
#3790 = DIRECTION('',(0.,-1.));
#3791 = ( GEOMETRIC_REPRESENTATION_CONTEXT(2) 
PARAMETRIC_REPRESENTATION_CONTEXT() REPRESENTATION_CONTEXT('2D SPACE',''
  ) );
#3792 = ORIENTED_EDGE('',*,*,#3793,.F.);
#3793 = EDGE_CURVE('',#3747,#3771,#3794,.T.);
#3794 = SURFACE_CURVE('',#3795,(#3799,#3806),.PCURVE_S1.);
#3795 = LINE('',#3796,#3797);
#3796 = CARTESIAN_POINT('',(609.65,-24.6,524.5));
#3797 = VECTOR('',#3798,1.);
#3798 = DIRECTION('',(1.,0.,-0.));
#3799 = PCURVE('',#2687,#3800);
#3800 = DEFINITIONAL_REPRESENTATION('',(#3801),#3805);
#3801 = LINE('',#3802,#3803);
#3802 = CARTESIAN_POINT('',(0.,6.4));
#3803 = VECTOR('',#3804,1.);
#3804 = DIRECTION('',(1.,0.));
#3805 = ( GEOMETRIC_REPRESENTATION_CONTEXT(2) 
PARAMETRIC_REPRESENTATION_CONTEXT() REPRESENTATION_CONTEXT('2D SPACE',''
  ) );
#3806 = PCURVE('',#3807,#3812);
#3807 = PLANE('',#3808);
#3808 = AXIS2_PLACEMENT_3D('',#3809,#3810,#3811);
#3809 = CARTESIAN_POINT('',(609.65,-24.6,507.5));
#3810 = DIRECTION('',(-0.,1.,0.));
#3811 = DIRECTION('',(0.,0.,1.));
#3812 = DEFINITIONAL_REPRESENTATION('',(#3813),#3817);
#3813 = LINE('',#3814,#3815);
#3814 = CARTESIAN_POINT('',(17.,0.));
#3815 = VECTOR('',#3816,1.);
#3816 = DIRECTION('',(0.,1.));
#3817 = ( GEOMETRIC_REPRESENTATION_CONTEXT(2) 
PARAMETRIC_REPRESENTATION_CONTEXT() REPRESENTATION_CONTEXT('2D SPACE',''
  ) );
#3818 = ADVANCED_FACE('',(#3819),#2763,.F.);
#3819 = FACE_BOUND('',#3820,.F.);
#3820 = EDGE_LOOP('',(#3821,#3822,#3823,#3846));
#3821 = ORIENTED_EDGE('',*,*,#3770,.F.);
#3822 = ORIENTED_EDGE('',*,*,#2750,.T.);
#3823 = ORIENTED_EDGE('',*,*,#3824,.T.);
#3824 = EDGE_CURVE('',#2725,#3825,#3827,.T.);
#3825 = VERTEX_POINT('',#3826);
#3826 = CARTESIAN_POINT('',(630.35,-24.6,507.5));
#3827 = SURFACE_CURVE('',#3828,(#3832,#3839),.PCURVE_S1.);
#3828 = LINE('',#3829,#3830);
#3829 = CARTESIAN_POINT('',(630.35,-31.,507.5));
#3830 = VECTOR('',#3831,1.);
#3831 = DIRECTION('',(-0.,1.,0.));
#3832 = PCURVE('',#2763,#3833);
#3833 = DEFINITIONAL_REPRESENTATION('',(#3834),#3838);
#3834 = LINE('',#3835,#3836);
#3835 = CARTESIAN_POINT('',(0.,0.));
#3836 = VECTOR('',#3837,1.);
#3837 = DIRECTION('',(0.,-1.));
#3838 = ( GEOMETRIC_REPRESENTATION_CONTEXT(2) 
PARAMETRIC_REPRESENTATION_CONTEXT() REPRESENTATION_CONTEXT('2D SPACE',''
  ) );
#3839 = PCURVE('',#2739,#3840);
#3840 = DEFINITIONAL_REPRESENTATION('',(#3841),#3845);
#3841 = LINE('',#3842,#3843);
#3842 = CARTESIAN_POINT('',(20.7,0.));
#3843 = VECTOR('',#3844,1.);
#3844 = DIRECTION('',(0.,1.));
#3845 = ( GEOMETRIC_REPRESENTATION_CONTEXT(2) 
PARAMETRIC_REPRESENTATION_CONTEXT() REPRESENTATION_CONTEXT('2D SPACE',''
  ) );
#3846 = ORIENTED_EDGE('',*,*,#3847,.T.);
#3847 = EDGE_CURVE('',#3825,#3771,#3848,.T.);
#3848 = SURFACE_CURVE('',#3849,(#3853,#3860),.PCURVE_S1.);
#3849 = LINE('',#3850,#3851);
#3850 = CARTESIAN_POINT('',(630.35,-24.6,507.5));
#3851 = VECTOR('',#3852,1.);
#3852 = DIRECTION('',(0.,0.,1.));
#3853 = PCURVE('',#2763,#3854);
#3854 = DEFINITIONAL_REPRESENTATION('',(#3855),#3859);
#3855 = LINE('',#3856,#3857);
#3856 = CARTESIAN_POINT('',(0.,-6.4));
#3857 = VECTOR('',#3858,1.);
#3858 = DIRECTION('',(1.,0.));
#3859 = ( GEOMETRIC_REPRESENTATION_CONTEXT(2) 
PARAMETRIC_REPRESENTATION_CONTEXT() REPRESENTATION_CONTEXT('2D SPACE',''
  ) );
#3860 = PCURVE('',#3807,#3861);
#3861 = DEFINITIONAL_REPRESENTATION('',(#3862),#3866);
#3862 = LINE('',#3863,#3864);
#3863 = CARTESIAN_POINT('',(0.,20.7));
#3864 = VECTOR('',#3865,1.);
#3865 = DIRECTION('',(1.,0.));
#3866 = ( GEOMETRIC_REPRESENTATION_CONTEXT(2) 
PARAMETRIC_REPRESENTATION_CONTEXT() REPRESENTATION_CONTEXT('2D SPACE',''
  ) );
#3867 = ADVANCED_FACE('',(#3868),#2739,.T.);
#3868 = FACE_BOUND('',#3869,.T.);
#3869 = EDGE_LOOP('',(#3870,#3893,#3894,#3895));
#3870 = ORIENTED_EDGE('',*,*,#3871,.F.);
#3871 = EDGE_CURVE('',#2699,#3872,#3874,.T.);
#3872 = VERTEX_POINT('',#3873);
#3873 = CARTESIAN_POINT('',(609.65,-24.6,507.5));
#3874 = SURFACE_CURVE('',#3875,(#3879,#3886),.PCURVE_S1.);
#3875 = LINE('',#3876,#3877);
#3876 = CARTESIAN_POINT('',(609.65,-31.,507.5));
#3877 = VECTOR('',#3878,1.);
#3878 = DIRECTION('',(-0.,1.,0.));
#3879 = PCURVE('',#2739,#3880);
#3880 = DEFINITIONAL_REPRESENTATION('',(#3881),#3885);
#3881 = LINE('',#3882,#3883);
#3882 = CARTESIAN_POINT('',(0.,0.));
#3883 = VECTOR('',#3884,1.);
#3884 = DIRECTION('',(0.,1.));
#3885 = ( GEOMETRIC_REPRESENTATION_CONTEXT(2) 
PARAMETRIC_REPRESENTATION_CONTEXT() REPRESENTATION_CONTEXT('2D SPACE',''
  ) );
#3886 = PCURVE('',#2713,#3887);
#3887 = DEFINITIONAL_REPRESENTATION('',(#3888),#3892);
#3888 = LINE('',#3889,#3890);
#3889 = CARTESIAN_POINT('',(0.,0.));
#3890 = VECTOR('',#3891,1.);
#3891 = DIRECTION('',(0.,-1.));
#3892 = ( GEOMETRIC_REPRESENTATION_CONTEXT(2) 
PARAMETRIC_REPRESENTATION_CONTEXT() REPRESENTATION_CONTEXT('2D SPACE',''
  ) );
#3893 = ORIENTED_EDGE('',*,*,#2724,.T.);
#3894 = ORIENTED_EDGE('',*,*,#3824,.T.);
#3895 = ORIENTED_EDGE('',*,*,#3896,.F.);
#3896 = EDGE_CURVE('',#3872,#3825,#3897,.T.);
#3897 = SURFACE_CURVE('',#3898,(#3902,#3909),.PCURVE_S1.);
#3898 = LINE('',#3899,#3900);
#3899 = CARTESIAN_POINT('',(609.65,-24.6,507.5));
#3900 = VECTOR('',#3901,1.);
#3901 = DIRECTION('',(1.,0.,-0.));
#3902 = PCURVE('',#2739,#3903);
#3903 = DEFINITIONAL_REPRESENTATION('',(#3904),#3908);
#3904 = LINE('',#3905,#3906);
#3905 = CARTESIAN_POINT('',(0.,6.4));
#3906 = VECTOR('',#3907,1.);
#3907 = DIRECTION('',(1.,0.));
#3908 = ( GEOMETRIC_REPRESENTATION_CONTEXT(2) 
PARAMETRIC_REPRESENTATION_CONTEXT() REPRESENTATION_CONTEXT('2D SPACE',''
  ) );
#3909 = PCURVE('',#3807,#3910);
#3910 = DEFINITIONAL_REPRESENTATION('',(#3911),#3915);
#3911 = LINE('',#3912,#3913);
#3912 = CARTESIAN_POINT('',(0.,0.));
#3913 = VECTOR('',#3914,1.);
#3914 = DIRECTION('',(0.,1.));
#3915 = ( GEOMETRIC_REPRESENTATION_CONTEXT(2) 
PARAMETRIC_REPRESENTATION_CONTEXT() REPRESENTATION_CONTEXT('2D SPACE',''
  ) );
#3916 = ADVANCED_FACE('',(#3917),#2713,.T.);
#3917 = FACE_BOUND('',#3918,.T.);
#3918 = EDGE_LOOP('',(#3919,#3920,#3921,#3922));
#3919 = ORIENTED_EDGE('',*,*,#3746,.F.);
#3920 = ORIENTED_EDGE('',*,*,#2698,.T.);
#3921 = ORIENTED_EDGE('',*,*,#3871,.T.);
#3922 = ORIENTED_EDGE('',*,*,#3923,.T.);
#3923 = EDGE_CURVE('',#3872,#3747,#3924,.T.);
#3924 = SURFACE_CURVE('',#3925,(#3929,#3936),.PCURVE_S1.);
#3925 = LINE('',#3926,#3927);
#3926 = CARTESIAN_POINT('',(609.65,-24.6,507.5));
#3927 = VECTOR('',#3928,1.);
#3928 = DIRECTION('',(0.,0.,1.));
#3929 = PCURVE('',#2713,#3930);
#3930 = DEFINITIONAL_REPRESENTATION('',(#3931),#3935);
#3931 = LINE('',#3932,#3933);
#3932 = CARTESIAN_POINT('',(0.,-6.4));
#3933 = VECTOR('',#3934,1.);
#3934 = DIRECTION('',(1.,0.));
#3935 = ( GEOMETRIC_REPRESENTATION_CONTEXT(2) 
PARAMETRIC_REPRESENTATION_CONTEXT() REPRESENTATION_CONTEXT('2D SPACE',''
  ) );
#3936 = PCURVE('',#3807,#3937);
#3937 = DEFINITIONAL_REPRESENTATION('',(#3938),#3942);
#3938 = LINE('',#3939,#3940);
#3939 = CARTESIAN_POINT('',(0.,0.));
#3940 = VECTOR('',#3941,1.);
#3941 = DIRECTION('',(1.,0.));
#3942 = ( GEOMETRIC_REPRESENTATION_CONTEXT(2) 
PARAMETRIC_REPRESENTATION_CONTEXT() REPRESENTATION_CONTEXT('2D SPACE',''
  ) );
#3943 = ADVANCED_FACE('',(#3944),#2868,.F.);
#3944 = FACE_BOUND('',#3945,.F.);
#3945 = EDGE_LOOP('',(#3946,#3975,#3996,#3997));
#3946 = ORIENTED_EDGE('',*,*,#3947,.F.);
#3947 = EDGE_CURVE('',#3948,#3948,#3950,.T.);
#3948 = VERTEX_POINT('',#3949);
#3949 = CARTESIAN_POINT('',(609.27563132923,-12.37436867076,512.));
#3950 = SURFACE_CURVE('',#3951,(#3956,#3963),.PCURVE_S1.);
#3951 = CIRCLE('',#3952,1.65);
#3952 = AXIS2_PLACEMENT_3D('',#3953,#3954,#3955);
#3953 = CARTESIAN_POINT('',(607.62563132923,-12.37436867076,512.));
#3954 = DIRECTION('',(0.,0.,1.));
#3955 = DIRECTION('',(1.,0.,-0.));
#3956 = PCURVE('',#2868,#3957);
#3957 = DEFINITIONAL_REPRESENTATION('',(#3958),#3962);
#3958 = LINE('',#3959,#3960);
#3959 = CARTESIAN_POINT('',(0.,9.));
#3960 = VECTOR('',#3961,1.);
#3961 = DIRECTION('',(1.,0.));
#3962 = ( GEOMETRIC_REPRESENTATION_CONTEXT(2) 
PARAMETRIC_REPRESENTATION_CONTEXT() REPRESENTATION_CONTEXT('2D SPACE',''
  ) );
#3963 = PCURVE('',#3964,#3969);
#3964 = PLANE('',#3965);
#3965 = AXIS2_PLACEMENT_3D('',#3966,#3967,#3968);
#3966 = CARTESIAN_POINT('',(607.62563132923,-12.37436867076,512.));
#3967 = DIRECTION('',(0.,0.,1.));
#3968 = DIRECTION('',(1.,0.,-0.));
#3969 = DEFINITIONAL_REPRESENTATION('',(#3970),#3974);
#3970 = CIRCLE('',#3971,1.65);
#3971 = AXIS2_PLACEMENT_2D('',#3972,#3973);
#3972 = CARTESIAN_POINT('',(0.,0.));
#3973 = DIRECTION('',(1.,0.));
#3974 = ( GEOMETRIC_REPRESENTATION_CONTEXT(2) 
PARAMETRIC_REPRESENTATION_CONTEXT() REPRESENTATION_CONTEXT('2D SPACE',''
  ) );
#3975 = ORIENTED_EDGE('',*,*,#3976,.F.);
#3976 = EDGE_CURVE('',#2852,#3948,#3977,.T.);
#3977 = SEAM_CURVE('',#3978,(#3982,#3989),.PCURVE_S1.);
#3978 = LINE('',#3979,#3980);
#3979 = CARTESIAN_POINT('',(609.27563132923,-12.37436867076,503.));
#3980 = VECTOR('',#3981,1.);
#3981 = DIRECTION('',(0.,0.,1.));
#3982 = PCURVE('',#2868,#3983);
#3983 = DEFINITIONAL_REPRESENTATION('',(#3984),#3988);
#3984 = LINE('',#3985,#3986);
#3985 = CARTESIAN_POINT('',(6.28318530718,-0.));
#3986 = VECTOR('',#3987,1.);
#3987 = DIRECTION('',(0.,1.));
#3988 = ( GEOMETRIC_REPRESENTATION_CONTEXT(2) 
PARAMETRIC_REPRESENTATION_CONTEXT() REPRESENTATION_CONTEXT('2D SPACE',''
  ) );
#3989 = PCURVE('',#2868,#3990);
#3990 = DEFINITIONAL_REPRESENTATION('',(#3991),#3995);
#3991 = LINE('',#3992,#3993);
#3992 = CARTESIAN_POINT('',(0.,-0.));
#3993 = VECTOR('',#3994,1.);
#3994 = DIRECTION('',(0.,1.));
#3995 = ( GEOMETRIC_REPRESENTATION_CONTEXT(2) 
PARAMETRIC_REPRESENTATION_CONTEXT() REPRESENTATION_CONTEXT('2D SPACE',''
  ) );
#3996 = ORIENTED_EDGE('',*,*,#2851,.T.);
#3997 = ORIENTED_EDGE('',*,*,#3976,.T.);
#3998 = ADVANCED_FACE('',(#3999),#2899,.F.);
#3999 = FACE_BOUND('',#4000,.F.);
#4000 = EDGE_LOOP('',(#4001,#4002,#4023,#4024));
#4001 = ORIENTED_EDGE('',*,*,#3719,.F.);
#4002 = ORIENTED_EDGE('',*,*,#4003,.F.);
#4003 = EDGE_CURVE('',#2883,#3720,#4004,.T.);
#4004 = SEAM_CURVE('',#4005,(#4009,#4016),.PCURVE_S1.);
#4005 = LINE('',#4006,#4007);
#4006 = CARTESIAN_POINT('',(639.15,-25.5,477.));
#4007 = VECTOR('',#4008,1.);
#4008 = DIRECTION('',(0.,0.,1.));
#4009 = PCURVE('',#2899,#4010);
#4010 = DEFINITIONAL_REPRESENTATION('',(#4011),#4015);
#4011 = LINE('',#4012,#4013);
#4012 = CARTESIAN_POINT('',(6.28318530718,-0.));
#4013 = VECTOR('',#4014,1.);
#4014 = DIRECTION('',(0.,1.));
#4015 = ( GEOMETRIC_REPRESENTATION_CONTEXT(2) 
PARAMETRIC_REPRESENTATION_CONTEXT() REPRESENTATION_CONTEXT('2D SPACE',''
  ) );
#4016 = PCURVE('',#2899,#4017);
#4017 = DEFINITIONAL_REPRESENTATION('',(#4018),#4022);
#4018 = LINE('',#4019,#4020);
#4019 = CARTESIAN_POINT('',(0.,-0.));
#4020 = VECTOR('',#4021,1.);
#4021 = DIRECTION('',(0.,1.));
#4022 = ( GEOMETRIC_REPRESENTATION_CONTEXT(2) 
PARAMETRIC_REPRESENTATION_CONTEXT() REPRESENTATION_CONTEXT('2D SPACE',''
  ) );
#4023 = ORIENTED_EDGE('',*,*,#2882,.T.);
#4024 = ORIENTED_EDGE('',*,*,#4003,.T.);
#4025 = ADVANCED_FACE('',(#4026),#2930,.F.);
#4026 = FACE_BOUND('',#4027,.F.);
#4027 = EDGE_LOOP('',(#4028,#4057,#4078,#4079));
#4028 = ORIENTED_EDGE('',*,*,#4029,.F.);
#4029 = EDGE_CURVE('',#4030,#4030,#4032,.T.);
#4030 = VERTEX_POINT('',#4031);
#4031 = CARTESIAN_POINT('',(634.02436867076,-12.37436867076,512.));
#4032 = SURFACE_CURVE('',#4033,(#4038,#4045),.PCURVE_S1.);
#4033 = CIRCLE('',#4034,1.65);
#4034 = AXIS2_PLACEMENT_3D('',#4035,#4036,#4037);
#4035 = CARTESIAN_POINT('',(632.37436867076,-12.37436867076,512.));
#4036 = DIRECTION('',(0.,0.,1.));
#4037 = DIRECTION('',(1.,0.,-0.));
#4038 = PCURVE('',#2930,#4039);
#4039 = DEFINITIONAL_REPRESENTATION('',(#4040),#4044);
#4040 = LINE('',#4041,#4042);
#4041 = CARTESIAN_POINT('',(0.,9.));
#4042 = VECTOR('',#4043,1.);
#4043 = DIRECTION('',(1.,0.));
#4044 = ( GEOMETRIC_REPRESENTATION_CONTEXT(2) 
PARAMETRIC_REPRESENTATION_CONTEXT() REPRESENTATION_CONTEXT('2D SPACE',''
  ) );
#4045 = PCURVE('',#4046,#4051);
#4046 = PLANE('',#4047);
#4047 = AXIS2_PLACEMENT_3D('',#4048,#4049,#4050);
#4048 = CARTESIAN_POINT('',(632.37436867076,-12.37436867076,512.));
#4049 = DIRECTION('',(0.,0.,1.));
#4050 = DIRECTION('',(1.,0.,-0.));
#4051 = DEFINITIONAL_REPRESENTATION('',(#4052),#4056);
#4052 = CIRCLE('',#4053,1.65);
#4053 = AXIS2_PLACEMENT_2D('',#4054,#4055);
#4054 = CARTESIAN_POINT('',(0.,0.));
#4055 = DIRECTION('',(1.,0.));
#4056 = ( GEOMETRIC_REPRESENTATION_CONTEXT(2) 
PARAMETRIC_REPRESENTATION_CONTEXT() REPRESENTATION_CONTEXT('2D SPACE',''
  ) );
#4057 = ORIENTED_EDGE('',*,*,#4058,.F.);
#4058 = EDGE_CURVE('',#2914,#4030,#4059,.T.);
#4059 = SEAM_CURVE('',#4060,(#4064,#4071),.PCURVE_S1.);
#4060 = LINE('',#4061,#4062);
#4061 = CARTESIAN_POINT('',(634.02436867076,-12.37436867076,503.));
#4062 = VECTOR('',#4063,1.);
#4063 = DIRECTION('',(0.,0.,1.));
#4064 = PCURVE('',#2930,#4065);
#4065 = DEFINITIONAL_REPRESENTATION('',(#4066),#4070);
#4066 = LINE('',#4067,#4068);
#4067 = CARTESIAN_POINT('',(6.28318530718,-0.));
#4068 = VECTOR('',#4069,1.);
#4069 = DIRECTION('',(0.,1.));
#4070 = ( GEOMETRIC_REPRESENTATION_CONTEXT(2) 
PARAMETRIC_REPRESENTATION_CONTEXT() REPRESENTATION_CONTEXT('2D SPACE',''
  ) );
#4071 = PCURVE('',#2930,#4072);
#4072 = DEFINITIONAL_REPRESENTATION('',(#4073),#4077);
#4073 = LINE('',#4074,#4075);
#4074 = CARTESIAN_POINT('',(0.,-0.));
#4075 = VECTOR('',#4076,1.);
#4076 = DIRECTION('',(0.,1.));
#4077 = ( GEOMETRIC_REPRESENTATION_CONTEXT(2) 
PARAMETRIC_REPRESENTATION_CONTEXT() REPRESENTATION_CONTEXT('2D SPACE',''
  ) );
#4078 = ORIENTED_EDGE('',*,*,#2913,.T.);
#4079 = ORIENTED_EDGE('',*,*,#4058,.T.);
#4080 = ADVANCED_FACE('',(#4081),#2961,.F.);
#4081 = FACE_BOUND('',#4082,.F.);
#4082 = EDGE_LOOP('',(#4083,#4112,#4133,#4134));
#4083 = ORIENTED_EDGE('',*,*,#4084,.F.);
#4084 = EDGE_CURVE('',#4085,#4085,#4087,.T.);
#4085 = VERTEX_POINT('',#4086);
#4086 = CARTESIAN_POINT('',(609.27563132923,12.374368670765,512.));
#4087 = SURFACE_CURVE('',#4088,(#4093,#4100),.PCURVE_S1.);
#4088 = CIRCLE('',#4089,1.65);
#4089 = AXIS2_PLACEMENT_3D('',#4090,#4091,#4092);
#4090 = CARTESIAN_POINT('',(607.62563132923,12.374368670765,512.));
#4091 = DIRECTION('',(0.,0.,1.));
#4092 = DIRECTION('',(1.,0.,-0.));
#4093 = PCURVE('',#2961,#4094);
#4094 = DEFINITIONAL_REPRESENTATION('',(#4095),#4099);
#4095 = LINE('',#4096,#4097);
#4096 = CARTESIAN_POINT('',(0.,9.));
#4097 = VECTOR('',#4098,1.);
#4098 = DIRECTION('',(1.,0.));
#4099 = ( GEOMETRIC_REPRESENTATION_CONTEXT(2) 
PARAMETRIC_REPRESENTATION_CONTEXT() REPRESENTATION_CONTEXT('2D SPACE',''
  ) );
#4100 = PCURVE('',#4101,#4106);
#4101 = PLANE('',#4102);
#4102 = AXIS2_PLACEMENT_3D('',#4103,#4104,#4105);
#4103 = CARTESIAN_POINT('',(607.62563132923,12.374368670765,512.));
#4104 = DIRECTION('',(0.,0.,1.));
#4105 = DIRECTION('',(1.,0.,-0.));
#4106 = DEFINITIONAL_REPRESENTATION('',(#4107),#4111);
#4107 = CIRCLE('',#4108,1.65);
#4108 = AXIS2_PLACEMENT_2D('',#4109,#4110);
#4109 = CARTESIAN_POINT('',(0.,0.));
#4110 = DIRECTION('',(1.,0.));
#4111 = ( GEOMETRIC_REPRESENTATION_CONTEXT(2) 
PARAMETRIC_REPRESENTATION_CONTEXT() REPRESENTATION_CONTEXT('2D SPACE',''
  ) );
#4112 = ORIENTED_EDGE('',*,*,#4113,.F.);
#4113 = EDGE_CURVE('',#2945,#4085,#4114,.T.);
#4114 = SEAM_CURVE('',#4115,(#4119,#4126),.PCURVE_S1.);
#4115 = LINE('',#4116,#4117);
#4116 = CARTESIAN_POINT('',(609.27563132923,12.374368670765,503.));
#4117 = VECTOR('',#4118,1.);
#4118 = DIRECTION('',(0.,0.,1.));
#4119 = PCURVE('',#2961,#4120);
#4120 = DEFINITIONAL_REPRESENTATION('',(#4121),#4125);
#4121 = LINE('',#4122,#4123);
#4122 = CARTESIAN_POINT('',(6.28318530718,-0.));
#4123 = VECTOR('',#4124,1.);
#4124 = DIRECTION('',(0.,1.));
#4125 = ( GEOMETRIC_REPRESENTATION_CONTEXT(2) 
PARAMETRIC_REPRESENTATION_CONTEXT() REPRESENTATION_CONTEXT('2D SPACE',''
  ) );
#4126 = PCURVE('',#2961,#4127);
#4127 = DEFINITIONAL_REPRESENTATION('',(#4128),#4132);
#4128 = LINE('',#4129,#4130);
#4129 = CARTESIAN_POINT('',(0.,-0.));
#4130 = VECTOR('',#4131,1.);
#4131 = DIRECTION('',(0.,1.));
#4132 = ( GEOMETRIC_REPRESENTATION_CONTEXT(2) 
PARAMETRIC_REPRESENTATION_CONTEXT() REPRESENTATION_CONTEXT('2D SPACE',''
  ) );
#4133 = ORIENTED_EDGE('',*,*,#2944,.T.);
#4134 = ORIENTED_EDGE('',*,*,#4113,.T.);
#4135 = ADVANCED_FACE('',(#4136),#2992,.F.);
#4136 = FACE_BOUND('',#4137,.F.);
#4137 = EDGE_LOOP('',(#4138,#4139,#4160,#4161));
#4138 = ORIENTED_EDGE('',*,*,#3329,.F.);
#4139 = ORIENTED_EDGE('',*,*,#4140,.F.);
#4140 = EDGE_CURVE('',#2976,#3330,#4141,.T.);
#4141 = SEAM_CURVE('',#4142,(#4146,#4153),.PCURVE_S1.);
#4142 = LINE('',#4143,#4144);
#4143 = CARTESIAN_POINT('',(605.15,25.5,477.));
#4144 = VECTOR('',#4145,1.);
#4145 = DIRECTION('',(0.,0.,1.));
#4146 = PCURVE('',#2992,#4147);
#4147 = DEFINITIONAL_REPRESENTATION('',(#4148),#4152);
#4148 = LINE('',#4149,#4150);
#4149 = CARTESIAN_POINT('',(6.28318530718,-0.));
#4150 = VECTOR('',#4151,1.);
#4151 = DIRECTION('',(0.,1.));
#4152 = ( GEOMETRIC_REPRESENTATION_CONTEXT(2) 
PARAMETRIC_REPRESENTATION_CONTEXT() REPRESENTATION_CONTEXT('2D SPACE',''
  ) );
#4153 = PCURVE('',#2992,#4154);
#4154 = DEFINITIONAL_REPRESENTATION('',(#4155),#4159);
#4155 = LINE('',#4156,#4157);
#4156 = CARTESIAN_POINT('',(0.,-0.));
#4157 = VECTOR('',#4158,1.);
#4158 = DIRECTION('',(0.,1.));
#4159 = ( GEOMETRIC_REPRESENTATION_CONTEXT(2) 
PARAMETRIC_REPRESENTATION_CONTEXT() REPRESENTATION_CONTEXT('2D SPACE',''
  ) );
#4160 = ORIENTED_EDGE('',*,*,#2975,.T.);
#4161 = ORIENTED_EDGE('',*,*,#4140,.T.);
#4162 = ADVANCED_FACE('',(#4163),#3023,.F.);
#4163 = FACE_BOUND('',#4164,.F.);
#4164 = EDGE_LOOP('',(#4165,#4194,#4215,#4216));
#4165 = ORIENTED_EDGE('',*,*,#4166,.F.);
#4166 = EDGE_CURVE('',#4167,#4167,#4169,.T.);
#4167 = VERTEX_POINT('',#4168);
#4168 = CARTESIAN_POINT('',(634.02436867076,12.374368670765,512.));
#4169 = SURFACE_CURVE('',#4170,(#4175,#4182),.PCURVE_S1.);
#4170 = CIRCLE('',#4171,1.65);
#4171 = AXIS2_PLACEMENT_3D('',#4172,#4173,#4174);
#4172 = CARTESIAN_POINT('',(632.37436867076,12.374368670765,512.));
#4173 = DIRECTION('',(0.,0.,1.));
#4174 = DIRECTION('',(1.,0.,-0.));
#4175 = PCURVE('',#3023,#4176);
#4176 = DEFINITIONAL_REPRESENTATION('',(#4177),#4181);
#4177 = LINE('',#4178,#4179);
#4178 = CARTESIAN_POINT('',(0.,9.));
#4179 = VECTOR('',#4180,1.);
#4180 = DIRECTION('',(1.,0.));
#4181 = ( GEOMETRIC_REPRESENTATION_CONTEXT(2) 
PARAMETRIC_REPRESENTATION_CONTEXT() REPRESENTATION_CONTEXT('2D SPACE',''
  ) );
#4182 = PCURVE('',#4183,#4188);
#4183 = PLANE('',#4184);
#4184 = AXIS2_PLACEMENT_3D('',#4185,#4186,#4187);
#4185 = CARTESIAN_POINT('',(632.37436867076,12.374368670765,512.));
#4186 = DIRECTION('',(0.,0.,1.));
#4187 = DIRECTION('',(1.,0.,-0.));
#4188 = DEFINITIONAL_REPRESENTATION('',(#4189),#4193);
#4189 = CIRCLE('',#4190,1.65);
#4190 = AXIS2_PLACEMENT_2D('',#4191,#4192);
#4191 = CARTESIAN_POINT('',(0.,0.));
#4192 = DIRECTION('',(1.,0.));
#4193 = ( GEOMETRIC_REPRESENTATION_CONTEXT(2) 
PARAMETRIC_REPRESENTATION_CONTEXT() REPRESENTATION_CONTEXT('2D SPACE',''
  ) );
#4194 = ORIENTED_EDGE('',*,*,#4195,.F.);
#4195 = EDGE_CURVE('',#3007,#4167,#4196,.T.);
#4196 = SEAM_CURVE('',#4197,(#4201,#4208),.PCURVE_S1.);
#4197 = LINE('',#4198,#4199);
#4198 = CARTESIAN_POINT('',(634.02436867076,12.374368670765,503.));
#4199 = VECTOR('',#4200,1.);
#4200 = DIRECTION('',(0.,0.,1.));
#4201 = PCURVE('',#3023,#4202);
#4202 = DEFINITIONAL_REPRESENTATION('',(#4203),#4207);
#4203 = LINE('',#4204,#4205);
#4204 = CARTESIAN_POINT('',(6.28318530718,-0.));
#4205 = VECTOR('',#4206,1.);
#4206 = DIRECTION('',(0.,1.));
#4207 = ( GEOMETRIC_REPRESENTATION_CONTEXT(2) 
PARAMETRIC_REPRESENTATION_CONTEXT() REPRESENTATION_CONTEXT('2D SPACE',''
  ) );
#4208 = PCURVE('',#3023,#4209);
#4209 = DEFINITIONAL_REPRESENTATION('',(#4210),#4214);
#4210 = LINE('',#4211,#4212);
#4211 = CARTESIAN_POINT('',(0.,-0.));
#4212 = VECTOR('',#4213,1.);
#4213 = DIRECTION('',(0.,1.));
#4214 = ( GEOMETRIC_REPRESENTATION_CONTEXT(2) 
PARAMETRIC_REPRESENTATION_CONTEXT() REPRESENTATION_CONTEXT('2D SPACE',''
  ) );
#4215 = ORIENTED_EDGE('',*,*,#3006,.T.);
#4216 = ORIENTED_EDGE('',*,*,#4195,.T.);
#4217 = ADVANCED_FACE('',(#4218),#3054,.F.);
#4218 = FACE_BOUND('',#4219,.F.);
#4219 = EDGE_LOOP('',(#4220,#4244,#4265,#4266));
#4220 = ORIENTED_EDGE('',*,*,#4221,.F.);
#4221 = EDGE_CURVE('',#4222,#4222,#4224,.T.);
#4222 = VERTEX_POINT('',#4223);
#4223 = CARTESIAN_POINT('',(639.15,25.5,529.));
#4224 = SURFACE_CURVE('',#4225,(#4230,#4237),.PCURVE_S1.);
#4225 = CIRCLE('',#4226,2.15);
#4226 = AXIS2_PLACEMENT_3D('',#4227,#4228,#4229);
#4227 = CARTESIAN_POINT('',(637.,25.5,529.));
#4228 = DIRECTION('',(0.,0.,1.));
#4229 = DIRECTION('',(1.,0.,-0.));
#4230 = PCURVE('',#3054,#4231);
#4231 = DEFINITIONAL_REPRESENTATION('',(#4232),#4236);
#4232 = LINE('',#4233,#4234);
#4233 = CARTESIAN_POINT('',(0.,52.));
#4234 = VECTOR('',#4235,1.);
#4235 = DIRECTION('',(1.,0.));
#4236 = ( GEOMETRIC_REPRESENTATION_CONTEXT(2) 
PARAMETRIC_REPRESENTATION_CONTEXT() REPRESENTATION_CONTEXT('2D SPACE',''
  ) );
#4237 = PCURVE('',#3164,#4238);
#4238 = DEFINITIONAL_REPRESENTATION('',(#4239),#4243);
#4239 = CIRCLE('',#4240,2.15);
#4240 = AXIS2_PLACEMENT_2D('',#4241,#4242);
#4241 = CARTESIAN_POINT('',(42.,55.5));
#4242 = DIRECTION('',(1.,0.));
#4243 = ( GEOMETRIC_REPRESENTATION_CONTEXT(2) 
PARAMETRIC_REPRESENTATION_CONTEXT() REPRESENTATION_CONTEXT('2D SPACE',''
  ) );
#4244 = ORIENTED_EDGE('',*,*,#4245,.F.);
#4245 = EDGE_CURVE('',#3038,#4222,#4246,.T.);
#4246 = SEAM_CURVE('',#4247,(#4251,#4258),.PCURVE_S1.);
#4247 = LINE('',#4248,#4249);
#4248 = CARTESIAN_POINT('',(639.15,25.5,477.));
#4249 = VECTOR('',#4250,1.);
#4250 = DIRECTION('',(0.,0.,1.));
#4251 = PCURVE('',#3054,#4252);
#4252 = DEFINITIONAL_REPRESENTATION('',(#4253),#4257);
#4253 = LINE('',#4254,#4255);
#4254 = CARTESIAN_POINT('',(6.28318530718,-0.));
#4255 = VECTOR('',#4256,1.);
#4256 = DIRECTION('',(0.,1.));
#4257 = ( GEOMETRIC_REPRESENTATION_CONTEXT(2) 
PARAMETRIC_REPRESENTATION_CONTEXT() REPRESENTATION_CONTEXT('2D SPACE',''
  ) );
#4258 = PCURVE('',#3054,#4259);
#4259 = DEFINITIONAL_REPRESENTATION('',(#4260),#4264);
#4260 = LINE('',#4261,#4262);
#4261 = CARTESIAN_POINT('',(0.,-0.));
#4262 = VECTOR('',#4263,1.);
#4263 = DIRECTION('',(0.,1.));
#4264 = ( GEOMETRIC_REPRESENTATION_CONTEXT(2) 
PARAMETRIC_REPRESENTATION_CONTEXT() REPRESENTATION_CONTEXT('2D SPACE',''
  ) );
#4265 = ORIENTED_EDGE('',*,*,#3037,.T.);
#4266 = ORIENTED_EDGE('',*,*,#4245,.T.);
#4267 = ADVANCED_FACE('',(#4268,#4294),#3164,.T.);
#4268 = FACE_BOUND('',#4269,.T.);
#4269 = EDGE_LOOP('',(#4270,#4291,#4292,#4293));
#4270 = ORIENTED_EDGE('',*,*,#4271,.T.);
#4271 = EDGE_CURVE('',#3118,#3360,#4272,.T.);
#4272 = SURFACE_CURVE('',#4273,(#4277,#4284),.PCURVE_S1.);
#4273 = LINE('',#4274,#4275);
#4274 = CARTESIAN_POINT('',(622.65,60.,529.));
#4275 = VECTOR('',#4276,1.);
#4276 = DIRECTION('',(0.,-1.,2.22044604925E-16));
#4277 = PCURVE('',#3164,#4278);
#4278 = DEFINITIONAL_REPRESENTATION('',(#4279),#4283);
#4279 = LINE('',#4280,#4281);
#4280 = CARTESIAN_POINT('',(27.65,90.));
#4281 = VECTOR('',#4282,1.);
#4282 = DIRECTION('',(0.,-1.));
#4283 = ( GEOMETRIC_REPRESENTATION_CONTEXT(2) 
PARAMETRIC_REPRESENTATION_CONTEXT() REPRESENTATION_CONTEXT('2D SPACE',''
  ) );
#4284 = PCURVE('',#3138,#4285);
#4285 = DEFINITIONAL_REPRESENTATION('',(#4286),#4290);
#4286 = LINE('',#4287,#4288);
#4287 = CARTESIAN_POINT('',(6.28318530718,-0.));
#4288 = VECTOR('',#4289,1.);
#4289 = DIRECTION('',(0.,1.));
#4290 = ( GEOMETRIC_REPRESENTATION_CONTEXT(2) 
PARAMETRIC_REPRESENTATION_CONTEXT() REPRESENTATION_CONTEXT('2D SPACE',''
  ) );
#4291 = ORIENTED_EDGE('',*,*,#3451,.T.);
#4292 = ORIENTED_EDGE('',*,*,#3688,.T.);
#4293 = ORIENTED_EDGE('',*,*,#3150,.F.);
#4294 = FACE_BOUND('',#4295,.T.);
#4295 = EDGE_LOOP('',(#4296));
#4296 = ORIENTED_EDGE('',*,*,#4221,.F.);
#4297 = ADVANCED_FACE('',(#4298),#3138,.F.);
#4298 = FACE_BOUND('',#4299,.F.);
#4299 = EDGE_LOOP('',(#4300,#4301,#4302,#4303));
#4300 = ORIENTED_EDGE('',*,*,#4271,.T.);
#4301 = ORIENTED_EDGE('',*,*,#3359,.F.);
#4302 = ORIENTED_EDGE('',*,*,#3307,.F.);
#4303 = ORIENTED_EDGE('',*,*,#3117,.T.);
#4304 = ADVANCED_FACE('',(#4305),#3195,.F.);
#4305 = FACE_BOUND('',#4306,.F.);
#4306 = EDGE_LOOP('',(#4307,#4330,#4358,#4379));
#4307 = ORIENTED_EDGE('',*,*,#4308,.F.);
#4308 = EDGE_CURVE('',#4309,#3179,#4311,.T.);
#4309 = VERTEX_POINT('',#4310);
#4310 = CARTESIAN_POINT('',(609.65,24.6,524.5));
#4311 = SURFACE_CURVE('',#4312,(#4316,#4323),.PCURVE_S1.);
#4312 = LINE('',#4313,#4314);
#4313 = CARTESIAN_POINT('',(609.65,24.6,524.5));
#4314 = VECTOR('',#4315,1.);
#4315 = DIRECTION('',(-0.,1.,0.));
#4316 = PCURVE('',#3195,#4317);
#4317 = DEFINITIONAL_REPRESENTATION('',(#4318),#4322);
#4318 = LINE('',#4319,#4320);
#4319 = CARTESIAN_POINT('',(0.,0.));
#4320 = VECTOR('',#4321,1.);
#4321 = DIRECTION('',(0.,1.));
#4322 = ( GEOMETRIC_REPRESENTATION_CONTEXT(2) 
PARAMETRIC_REPRESENTATION_CONTEXT() REPRESENTATION_CONTEXT('2D SPACE',''
  ) );
#4323 = PCURVE('',#3221,#4324);
#4324 = DEFINITIONAL_REPRESENTATION('',(#4325),#4329);
#4325 = LINE('',#4326,#4327);
#4326 = CARTESIAN_POINT('',(17.,0.));
#4327 = VECTOR('',#4328,1.);
#4328 = DIRECTION('',(0.,-1.));
#4329 = ( GEOMETRIC_REPRESENTATION_CONTEXT(2) 
PARAMETRIC_REPRESENTATION_CONTEXT() REPRESENTATION_CONTEXT('2D SPACE',''
  ) );
#4330 = ORIENTED_EDGE('',*,*,#4331,.T.);
#4331 = EDGE_CURVE('',#4309,#4332,#4334,.T.);
#4332 = VERTEX_POINT('',#4333);
#4333 = CARTESIAN_POINT('',(630.35,24.6,524.5));
#4334 = SURFACE_CURVE('',#4335,(#4339,#4346),.PCURVE_S1.);
#4335 = LINE('',#4336,#4337);
#4336 = CARTESIAN_POINT('',(609.65,24.6,524.5));
#4337 = VECTOR('',#4338,1.);
#4338 = DIRECTION('',(1.,0.,-0.));
#4339 = PCURVE('',#3195,#4340);
#4340 = DEFINITIONAL_REPRESENTATION('',(#4341),#4345);
#4341 = LINE('',#4342,#4343);
#4342 = CARTESIAN_POINT('',(0.,0.));
#4343 = VECTOR('',#4344,1.);
#4344 = DIRECTION('',(1.,0.));
#4345 = ( GEOMETRIC_REPRESENTATION_CONTEXT(2) 
PARAMETRIC_REPRESENTATION_CONTEXT() REPRESENTATION_CONTEXT('2D SPACE',''
  ) );
#4346 = PCURVE('',#4347,#4352);
#4347 = PLANE('',#4348);
#4348 = AXIS2_PLACEMENT_3D('',#4349,#4350,#4351);
#4349 = CARTESIAN_POINT('',(609.65,24.6,507.5));
#4350 = DIRECTION('',(-0.,1.,0.));
#4351 = DIRECTION('',(0.,0.,1.));
#4352 = DEFINITIONAL_REPRESENTATION('',(#4353),#4357);
#4353 = LINE('',#4354,#4355);
#4354 = CARTESIAN_POINT('',(17.,0.));
#4355 = VECTOR('',#4356,1.);
#4356 = DIRECTION('',(0.,1.));
#4357 = ( GEOMETRIC_REPRESENTATION_CONTEXT(2) 
PARAMETRIC_REPRESENTATION_CONTEXT() REPRESENTATION_CONTEXT('2D SPACE',''
  ) );
#4358 = ORIENTED_EDGE('',*,*,#4359,.T.);
#4359 = EDGE_CURVE('',#4332,#3181,#4360,.T.);
#4360 = SURFACE_CURVE('',#4361,(#4365,#4372),.PCURVE_S1.);
#4361 = LINE('',#4362,#4363);
#4362 = CARTESIAN_POINT('',(630.35,24.6,524.5));
#4363 = VECTOR('',#4364,1.);
#4364 = DIRECTION('',(-0.,1.,0.));
#4365 = PCURVE('',#3195,#4366);
#4366 = DEFINITIONAL_REPRESENTATION('',(#4367),#4371);
#4367 = LINE('',#4368,#4369);
#4368 = CARTESIAN_POINT('',(20.7,0.));
#4369 = VECTOR('',#4370,1.);
#4370 = DIRECTION('',(0.,1.));
#4371 = ( GEOMETRIC_REPRESENTATION_CONTEXT(2) 
PARAMETRIC_REPRESENTATION_CONTEXT() REPRESENTATION_CONTEXT('2D SPACE',''
  ) );
#4372 = PCURVE('',#3271,#4373);
#4373 = DEFINITIONAL_REPRESENTATION('',(#4374),#4378);
#4374 = LINE('',#4375,#4376);
#4375 = CARTESIAN_POINT('',(17.,0.));
#4376 = VECTOR('',#4377,1.);
#4377 = DIRECTION('',(0.,-1.));
#4378 = ( GEOMETRIC_REPRESENTATION_CONTEXT(2) 
PARAMETRIC_REPRESENTATION_CONTEXT() REPRESENTATION_CONTEXT('2D SPACE',''
  ) );
#4379 = ORIENTED_EDGE('',*,*,#3178,.F.);
#4380 = ADVANCED_FACE('',(#4381),#3271,.F.);
#4381 = FACE_BOUND('',#4382,.F.);
#4382 = EDGE_LOOP('',(#4383,#4384,#4407,#4428));
#4383 = ORIENTED_EDGE('',*,*,#4359,.F.);
#4384 = ORIENTED_EDGE('',*,*,#4385,.F.);
#4385 = EDGE_CURVE('',#4386,#4332,#4388,.T.);
#4386 = VERTEX_POINT('',#4387);
#4387 = CARTESIAN_POINT('',(630.35,24.6,507.5));
#4388 = SURFACE_CURVE('',#4389,(#4393,#4400),.PCURVE_S1.);
#4389 = LINE('',#4390,#4391);
#4390 = CARTESIAN_POINT('',(630.35,24.6,507.5));
#4391 = VECTOR('',#4392,1.);
#4392 = DIRECTION('',(0.,0.,1.));
#4393 = PCURVE('',#3271,#4394);
#4394 = DEFINITIONAL_REPRESENTATION('',(#4395),#4399);
#4395 = LINE('',#4396,#4397);
#4396 = CARTESIAN_POINT('',(0.,0.));
#4397 = VECTOR('',#4398,1.);
#4398 = DIRECTION('',(1.,0.));
#4399 = ( GEOMETRIC_REPRESENTATION_CONTEXT(2) 
PARAMETRIC_REPRESENTATION_CONTEXT() REPRESENTATION_CONTEXT('2D SPACE',''
  ) );
#4400 = PCURVE('',#4347,#4401);
#4401 = DEFINITIONAL_REPRESENTATION('',(#4402),#4406);
#4402 = LINE('',#4403,#4404);
#4403 = CARTESIAN_POINT('',(0.,20.7));
#4404 = VECTOR('',#4405,1.);
#4405 = DIRECTION('',(1.,0.));
#4406 = ( GEOMETRIC_REPRESENTATION_CONTEXT(2) 
PARAMETRIC_REPRESENTATION_CONTEXT() REPRESENTATION_CONTEXT('2D SPACE',''
  ) );
#4407 = ORIENTED_EDGE('',*,*,#4408,.T.);
#4408 = EDGE_CURVE('',#4386,#3233,#4409,.T.);
#4409 = SURFACE_CURVE('',#4410,(#4414,#4421),.PCURVE_S1.);
#4410 = LINE('',#4411,#4412);
#4411 = CARTESIAN_POINT('',(630.35,24.6,507.5));
#4412 = VECTOR('',#4413,1.);
#4413 = DIRECTION('',(-0.,1.,0.));
#4414 = PCURVE('',#3271,#4415);
#4415 = DEFINITIONAL_REPRESENTATION('',(#4416),#4420);
#4416 = LINE('',#4417,#4418);
#4417 = CARTESIAN_POINT('',(0.,0.));
#4418 = VECTOR('',#4419,1.);
#4419 = DIRECTION('',(0.,-1.));
#4420 = ( GEOMETRIC_REPRESENTATION_CONTEXT(2) 
PARAMETRIC_REPRESENTATION_CONTEXT() REPRESENTATION_CONTEXT('2D SPACE',''
  ) );
#4421 = PCURVE('',#3247,#4422);
#4422 = DEFINITIONAL_REPRESENTATION('',(#4423),#4427);
#4423 = LINE('',#4424,#4425);
#4424 = CARTESIAN_POINT('',(20.7,0.));
#4425 = VECTOR('',#4426,1.);
#4426 = DIRECTION('',(0.,1.));
#4427 = ( GEOMETRIC_REPRESENTATION_CONTEXT(2) 
PARAMETRIC_REPRESENTATION_CONTEXT() REPRESENTATION_CONTEXT('2D SPACE',''
  ) );
#4428 = ORIENTED_EDGE('',*,*,#3258,.F.);
#4429 = ADVANCED_FACE('',(#4430),#3247,.T.);
#4430 = FACE_BOUND('',#4431,.T.);
#4431 = EDGE_LOOP('',(#4432,#4455,#4476,#4477));
#4432 = ORIENTED_EDGE('',*,*,#4433,.F.);
#4433 = EDGE_CURVE('',#4434,#3207,#4436,.T.);
#4434 = VERTEX_POINT('',#4435);
#4435 = CARTESIAN_POINT('',(609.65,24.6,507.5));
#4436 = SURFACE_CURVE('',#4437,(#4441,#4448),.PCURVE_S1.);
#4437 = LINE('',#4438,#4439);
#4438 = CARTESIAN_POINT('',(609.65,24.6,507.5));
#4439 = VECTOR('',#4440,1.);
#4440 = DIRECTION('',(-0.,1.,0.));
#4441 = PCURVE('',#3247,#4442);
#4442 = DEFINITIONAL_REPRESENTATION('',(#4443),#4447);
#4443 = LINE('',#4444,#4445);
#4444 = CARTESIAN_POINT('',(0.,0.));
#4445 = VECTOR('',#4446,1.);
#4446 = DIRECTION('',(0.,1.));
#4447 = ( GEOMETRIC_REPRESENTATION_CONTEXT(2) 
PARAMETRIC_REPRESENTATION_CONTEXT() REPRESENTATION_CONTEXT('2D SPACE',''
  ) );
#4448 = PCURVE('',#3221,#4449);
#4449 = DEFINITIONAL_REPRESENTATION('',(#4450),#4454);
#4450 = LINE('',#4451,#4452);
#4451 = CARTESIAN_POINT('',(0.,0.));
#4452 = VECTOR('',#4453,1.);
#4453 = DIRECTION('',(0.,-1.));
#4454 = ( GEOMETRIC_REPRESENTATION_CONTEXT(2) 
PARAMETRIC_REPRESENTATION_CONTEXT() REPRESENTATION_CONTEXT('2D SPACE',''
  ) );
#4455 = ORIENTED_EDGE('',*,*,#4456,.T.);
#4456 = EDGE_CURVE('',#4434,#4386,#4457,.T.);
#4457 = SURFACE_CURVE('',#4458,(#4462,#4469),.PCURVE_S1.);
#4458 = LINE('',#4459,#4460);
#4459 = CARTESIAN_POINT('',(609.65,24.6,507.5));
#4460 = VECTOR('',#4461,1.);
#4461 = DIRECTION('',(1.,0.,-0.));
#4462 = PCURVE('',#3247,#4463);
#4463 = DEFINITIONAL_REPRESENTATION('',(#4464),#4468);
#4464 = LINE('',#4465,#4466);
#4465 = CARTESIAN_POINT('',(0.,0.));
#4466 = VECTOR('',#4467,1.);
#4467 = DIRECTION('',(1.,0.));
#4468 = ( GEOMETRIC_REPRESENTATION_CONTEXT(2) 
PARAMETRIC_REPRESENTATION_CONTEXT() REPRESENTATION_CONTEXT('2D SPACE',''
  ) );
#4469 = PCURVE('',#4347,#4470);
#4470 = DEFINITIONAL_REPRESENTATION('',(#4471),#4475);
#4471 = LINE('',#4472,#4473);
#4472 = CARTESIAN_POINT('',(0.,0.));
#4473 = VECTOR('',#4474,1.);
#4474 = DIRECTION('',(0.,1.));
#4475 = ( GEOMETRIC_REPRESENTATION_CONTEXT(2) 
PARAMETRIC_REPRESENTATION_CONTEXT() REPRESENTATION_CONTEXT('2D SPACE',''
  ) );
#4476 = ORIENTED_EDGE('',*,*,#4408,.T.);
#4477 = ORIENTED_EDGE('',*,*,#3232,.F.);
#4478 = ADVANCED_FACE('',(#4479),#3221,.T.);
#4479 = FACE_BOUND('',#4480,.T.);
#4480 = EDGE_LOOP('',(#4481,#4482,#4503,#4504));
#4481 = ORIENTED_EDGE('',*,*,#4308,.F.);
#4482 = ORIENTED_EDGE('',*,*,#4483,.F.);
#4483 = EDGE_CURVE('',#4434,#4309,#4484,.T.);
#4484 = SURFACE_CURVE('',#4485,(#4489,#4496),.PCURVE_S1.);
#4485 = LINE('',#4486,#4487);
#4486 = CARTESIAN_POINT('',(609.65,24.6,507.5));
#4487 = VECTOR('',#4488,1.);
#4488 = DIRECTION('',(0.,0.,1.));
#4489 = PCURVE('',#3221,#4490);
#4490 = DEFINITIONAL_REPRESENTATION('',(#4491),#4495);
#4491 = LINE('',#4492,#4493);
#4492 = CARTESIAN_POINT('',(0.,0.));
#4493 = VECTOR('',#4494,1.);
#4494 = DIRECTION('',(1.,0.));
#4495 = ( GEOMETRIC_REPRESENTATION_CONTEXT(2) 
PARAMETRIC_REPRESENTATION_CONTEXT() REPRESENTATION_CONTEXT('2D SPACE',''
  ) );
#4496 = PCURVE('',#4347,#4497);
#4497 = DEFINITIONAL_REPRESENTATION('',(#4498),#4502);
#4498 = LINE('',#4499,#4500);
#4499 = CARTESIAN_POINT('',(0.,0.));
#4500 = VECTOR('',#4501,1.);
#4501 = DIRECTION('',(1.,0.));
#4502 = ( GEOMETRIC_REPRESENTATION_CONTEXT(2) 
PARAMETRIC_REPRESENTATION_CONTEXT() REPRESENTATION_CONTEXT('2D SPACE',''
  ) );
#4503 = ORIENTED_EDGE('',*,*,#4433,.T.);
#4504 = ORIENTED_EDGE('',*,*,#3206,.F.);
#4505 = ADVANCED_FACE('',(#4506),#3807,.F.);
#4506 = FACE_BOUND('',#4507,.F.);
#4507 = EDGE_LOOP('',(#4508,#4509,#4510,#4511));
#4508 = ORIENTED_EDGE('',*,*,#3896,.F.);
#4509 = ORIENTED_EDGE('',*,*,#3923,.T.);
#4510 = ORIENTED_EDGE('',*,*,#3793,.T.);
#4511 = ORIENTED_EDGE('',*,*,#3847,.F.);
#4512 = ADVANCED_FACE('',(#4513),#3964,.F.);
#4513 = FACE_BOUND('',#4514,.F.);
#4514 = EDGE_LOOP('',(#4515));
#4515 = ORIENTED_EDGE('',*,*,#3947,.T.);
#4516 = ADVANCED_FACE('',(#4517),#4046,.F.);
#4517 = FACE_BOUND('',#4518,.F.);
#4518 = EDGE_LOOP('',(#4519));
#4519 = ORIENTED_EDGE('',*,*,#4029,.T.);
#4520 = ADVANCED_FACE('',(#4521),#4101,.F.);
#4521 = FACE_BOUND('',#4522,.F.);
#4522 = EDGE_LOOP('',(#4523));
#4523 = ORIENTED_EDGE('',*,*,#4084,.T.);
#4524 = ADVANCED_FACE('',(#4525),#4183,.F.);
#4525 = FACE_BOUND('',#4526,.F.);
#4526 = EDGE_LOOP('',(#4527));
#4527 = ORIENTED_EDGE('',*,*,#4166,.T.);
#4528 = ADVANCED_FACE('',(#4529),#4347,.T.);
#4529 = FACE_BOUND('',#4530,.T.);
#4530 = EDGE_LOOP('',(#4531,#4532,#4533,#4534));
#4531 = ORIENTED_EDGE('',*,*,#4456,.F.);
#4532 = ORIENTED_EDGE('',*,*,#4483,.T.);
#4533 = ORIENTED_EDGE('',*,*,#4331,.T.);
#4534 = ORIENTED_EDGE('',*,*,#4385,.F.);
#4535 = ( GEOMETRIC_REPRESENTATION_CONTEXT(3) 
GLOBAL_UNCERTAINTY_ASSIGNED_CONTEXT((#4539)) 
GLOBAL_UNIT_ASSIGNED_CONTEXT((#4536,#4537,#4538)) REPRESENTATION_CONTEXT
('Context #1','3D Context with UNIT and UNCERTAINTY') );
#4536 = ( LENGTH_UNIT() NAMED_UNIT(*) SI_UNIT(.MILLI.,.METRE.) );
#4537 = ( NAMED_UNIT(*) PLANE_ANGLE_UNIT() SI_UNIT($,.RADIAN.) );
#4538 = ( NAMED_UNIT(*) SI_UNIT($,.STERADIAN.) SOLID_ANGLE_UNIT() );
#4539 = UNCERTAINTY_MEASURE_WITH_UNIT(LENGTH_MEASURE(1.E-07),#4536,
  'distance_accuracy_value','confusion accuracy');
#4540 = PRODUCT_RELATED_PRODUCT_CATEGORY('part',$,(#7));
ENDSEC;
END-ISO-10303-21;
