ISO-10303-21;
HEADER;
FILE_DESCRIPTION(('Open CASCADE Model'),'2;1');
FILE_NAME('Open CASCADE Shape Model','2026-10-03T23:11:42',('Author'),(
    'Open CASCADE'),'Open CASCADE STEP processor 8.0','build123d',
  'Unknown');
FILE_SCHEMA(('AUTOMOTIVE_DESIGN { 1 0 10303 214 1 1 1 1 }'));
ENDSEC;
DATA;
#1 = APPLICATION_PROTOCOL_DEFINITION('international standard',
  'automotive_design',2000,#2);
#2 = APPLICATION_CONTEXT(
  'core data for automotive mechanical design processes');
#3 = SHAPE_DEFINITION_REPRESENTATION(#4,#10);
#4 = PRODUCT_DEFINITION_SHAPE('','',#5);
#5 = PRODUCT_DEFINITION('design','',#6,#9);
#6 = PRODUCT_DEFINITION_FORMATION('','',#7);
#7 = PRODUCT('COMPOUND','COMPOUND','',(#8));
#8 = PRODUCT_CONTEXT('',#2,'mechanical');
#9 = PRODUCT_DEFINITION_CONTEXT('part definition',#2,'design');
#10 = ADVANCED_BREP_SHAPE_REPRESENTATION('',(#11,#15),#5181);
#11 = AXIS2_PLACEMENT_3D('',#12,#13,#14);
#12 = CARTESIAN_POINT('',(0.,0.,0.));
#13 = DIRECTION('',(0.,0.,1.));
#14 = DIRECTION('',(1.,0.,-0.));
#15 = MANIFOLD_SOLID_BREP('',#16);
#16 = CLOSED_SHELL('',(#17,#137,#213,#289,#2036,#3473,#3500,#3527,#3554,
    #3581,#3588,#3615,#3662,#3689,#3716,#3723,#3770,#3797,#3824,#3831,
    #3878,#3905,#3932,#3939,#3966,#3993,#4040,#4067,#4094,#4101,#4128,
    #4175,#4202,#4229,#4236,#4283,#4310,#4337,#4344,#4371,#4418,#4445,
    #4472,#4479,#4526,#4553,#4580,#4587,#4614,#4661,#4688,#4715,#4722,
    #4749,#4776,#4823,#4850,#4877,#4884,#4911,#4938,#4985,#5012,#5039,
    #5046,#5093,#5120,#5147,#5154));
#17 = ADVANCED_FACE('',(#18),#32,.F.);
#18 = FACE_BOUND('',#19,.F.);
#19 = EDGE_LOOP('',(#20,#55,#83,#111));
#20 = ORIENTED_EDGE('',*,*,#21,.T.);
#21 = EDGE_CURVE('',#22,#24,#26,.T.);
#22 = VERTEX_POINT('',#23);
#23 = CARTESIAN_POINT('',(180.,-140.,626.));
#24 = VERTEX_POINT('',#25);
#25 = CARTESIAN_POINT('',(180.,-140.,628.));
#26 = SURFACE_CURVE('',#27,(#31,#43),.PCURVE_S1.);
#27 = LINE('',#28,#29);
#28 = CARTESIAN_POINT('',(180.,-140.,626.));
#29 = VECTOR('',#30,1.);
#30 = DIRECTION('',(0.,0.,1.));
#31 = PCURVE('',#32,#37);
#32 = PLANE('',#33);
#33 = AXIS2_PLACEMENT_3D('',#34,#35,#36);
#34 = CARTESIAN_POINT('',(180.,-140.,626.));
#35 = DIRECTION('',(-0.707106781187,0.707106781187,0.));
#36 = DIRECTION('',(0.707106781187,0.707106781187,0.));
#37 = DEFINITIONAL_REPRESENTATION('',(#38),#42);
#38 = LINE('',#39,#40);
#39 = CARTESIAN_POINT('',(0.,0.));
#40 = VECTOR('',#41,1.);
#41 = DIRECTION('',(0.,-1.));
#42 = ( GEOMETRIC_REPRESENTATION_CONTEXT(2) 
PARAMETRIC_REPRESENTATION_CONTEXT() REPRESENTATION_CONTEXT('2D SPACE',''
  ) );
#43 = PCURVE('',#44,#49);
#44 = PLANE('',#45);
#45 = AXIS2_PLACEMENT_3D('',#46,#47,#48);
#46 = CARTESIAN_POINT('',(-180.,-140.,626.));
#47 = DIRECTION('',(0.,1.,0.));
#48 = DIRECTION('',(1.,0.,0.));
#49 = DEFINITIONAL_REPRESENTATION('',(#50),#54);
#50 = LINE('',#51,#52);
#51 = CARTESIAN_POINT('',(360.,0.));
#52 = VECTOR('',#53,1.);
#53 = DIRECTION('',(0.,-1.));
#54 = ( GEOMETRIC_REPRESENTATION_CONTEXT(2) 
PARAMETRIC_REPRESENTATION_CONTEXT() REPRESENTATION_CONTEXT('2D SPACE',''
  ) );
#55 = ORIENTED_EDGE('',*,*,#56,.T.);
#56 = EDGE_CURVE('',#24,#57,#59,.T.);
#57 = VERTEX_POINT('',#58);
#58 = CARTESIAN_POINT('',(215.,-105.,628.));
#59 = SURFACE_CURVE('',#60,(#64,#71),.PCURVE_S1.);
#60 = LINE('',#61,#62);
#61 = CARTESIAN_POINT('',(180.,-140.,628.));
#62 = VECTOR('',#63,1.);
#63 = DIRECTION('',(0.707106781187,0.707106781187,0.));
#64 = PCURVE('',#32,#65);
#65 = DEFINITIONAL_REPRESENTATION('',(#66),#70);
#66 = LINE('',#67,#68);
#67 = CARTESIAN_POINT('',(0.,-2.));
#68 = VECTOR('',#69,1.);
#69 = DIRECTION('',(1.,0.));
#70 = ( GEOMETRIC_REPRESENTATION_CONTEXT(2) 
PARAMETRIC_REPRESENTATION_CONTEXT() REPRESENTATION_CONTEXT('2D SPACE',''
  ) );
#71 = PCURVE('',#72,#77);
#72 = PLANE('',#73);
#73 = AXIS2_PLACEMENT_3D('',#74,#75,#76);
#74 = CARTESIAN_POINT('',(-8.156964736144E-15,0.,628.));
#75 = DIRECTION('',(0.,0.,1.));
#76 = DIRECTION('',(1.,0.,-0.));
#77 = DEFINITIONAL_REPRESENTATION('',(#78),#82);
#78 = LINE('',#79,#80);
#79 = CARTESIAN_POINT('',(180.,-140.));
#80 = VECTOR('',#81,1.);
#81 = DIRECTION('',(0.707106781187,0.707106781187));
#82 = ( GEOMETRIC_REPRESENTATION_CONTEXT(2) 
PARAMETRIC_REPRESENTATION_CONTEXT() REPRESENTATION_CONTEXT('2D SPACE',''
  ) );
#83 = ORIENTED_EDGE('',*,*,#84,.F.);
#84 = EDGE_CURVE('',#85,#57,#87,.T.);
#85 = VERTEX_POINT('',#86);
#86 = CARTESIAN_POINT('',(215.,-105.,626.));
#87 = SURFACE_CURVE('',#88,(#92,#99),.PCURVE_S1.);
#88 = LINE('',#89,#90);
#89 = CARTESIAN_POINT('',(215.,-105.,626.));
#90 = VECTOR('',#91,1.);
#91 = DIRECTION('',(0.,0.,1.));
#92 = PCURVE('',#32,#93);
#93 = DEFINITIONAL_REPRESENTATION('',(#94),#98);
#94 = LINE('',#95,#96);
#95 = CARTESIAN_POINT('',(49.497474683058,0.));
#96 = VECTOR('',#97,1.);
#97 = DIRECTION('',(0.,-1.));
#98 = ( GEOMETRIC_REPRESENTATION_CONTEXT(2) 
PARAMETRIC_REPRESENTATION_CONTEXT() REPRESENTATION_CONTEXT('2D SPACE',''
  ) );
#99 = PCURVE('',#100,#105);
#100 = PLANE('',#101);
#101 = AXIS2_PLACEMENT_3D('',#102,#103,#104);
#102 = CARTESIAN_POINT('',(215.,-105.,626.));
#103 = DIRECTION('',(-1.,0.,0.));
#104 = DIRECTION('',(0.,1.,0.));
#105 = DEFINITIONAL_REPRESENTATION('',(#106),#110);
#106 = LINE('',#107,#108);
#107 = CARTESIAN_POINT('',(0.,0.));
#108 = VECTOR('',#109,1.);
#109 = DIRECTION('',(0.,-1.));
#110 = ( GEOMETRIC_REPRESENTATION_CONTEXT(2) 
PARAMETRIC_REPRESENTATION_CONTEXT() REPRESENTATION_CONTEXT('2D SPACE',''
  ) );
#111 = ORIENTED_EDGE('',*,*,#112,.F.);
#112 = EDGE_CURVE('',#22,#85,#113,.T.);
#113 = SURFACE_CURVE('',#114,(#118,#125),.PCURVE_S1.);
#114 = LINE('',#115,#116);
#115 = CARTESIAN_POINT('',(180.,-140.,626.));
#116 = VECTOR('',#117,1.);
#117 = DIRECTION('',(0.707106781187,0.707106781187,0.));
#118 = PCURVE('',#32,#119);
#119 = DEFINITIONAL_REPRESENTATION('',(#120),#124);
#120 = LINE('',#121,#122);
#121 = CARTESIAN_POINT('',(0.,0.));
#122 = VECTOR('',#123,1.);
#123 = DIRECTION('',(1.,0.));
#124 = ( GEOMETRIC_REPRESENTATION_CONTEXT(2) 
PARAMETRIC_REPRESENTATION_CONTEXT() REPRESENTATION_CONTEXT('2D SPACE',''
  ) );
#125 = PCURVE('',#126,#131);
#126 = PLANE('',#127);
#127 = AXIS2_PLACEMENT_3D('',#128,#129,#130);
#128 = CARTESIAN_POINT('',(-8.156964736144E-15,0.,626.));
#129 = DIRECTION('',(0.,0.,1.));
#130 = DIRECTION('',(1.,0.,-0.));
#131 = DEFINITIONAL_REPRESENTATION('',(#132),#136);
#132 = LINE('',#133,#134);
#133 = CARTESIAN_POINT('',(180.,-140.));
#134 = VECTOR('',#135,1.);
#135 = DIRECTION('',(0.707106781187,0.707106781187));
#136 = ( GEOMETRIC_REPRESENTATION_CONTEXT(2) 
PARAMETRIC_REPRESENTATION_CONTEXT() REPRESENTATION_CONTEXT('2D SPACE',''
  ) );
#137 = ADVANCED_FACE('',(#138),#44,.F.);
#138 = FACE_BOUND('',#139,.F.);
#139 = EDGE_LOOP('',(#140,#170,#191,#192));
#140 = ORIENTED_EDGE('',*,*,#141,.T.);
#141 = EDGE_CURVE('',#142,#144,#146,.T.);
#142 = VERTEX_POINT('',#143);
#143 = CARTESIAN_POINT('',(-180.,-140.,626.));
#144 = VERTEX_POINT('',#145);
#145 = CARTESIAN_POINT('',(-180.,-140.,628.));
#146 = SURFACE_CURVE('',#147,(#151,#158),.PCURVE_S1.);
#147 = LINE('',#148,#149);
#148 = CARTESIAN_POINT('',(-180.,-140.,626.));
#149 = VECTOR('',#150,1.);
#150 = DIRECTION('',(0.,0.,1.));
#151 = PCURVE('',#44,#152);
#152 = DEFINITIONAL_REPRESENTATION('',(#153),#157);
#153 = LINE('',#154,#155);
#154 = CARTESIAN_POINT('',(0.,0.));
#155 = VECTOR('',#156,1.);
#156 = DIRECTION('',(0.,-1.));
#157 = ( GEOMETRIC_REPRESENTATION_CONTEXT(2) 
PARAMETRIC_REPRESENTATION_CONTEXT() REPRESENTATION_CONTEXT('2D SPACE',''
  ) );
#158 = PCURVE('',#159,#164);
#159 = PLANE('',#160);
#160 = AXIS2_PLACEMENT_3D('',#161,#162,#163);
#161 = CARTESIAN_POINT('',(-215.,-105.,626.));
#162 = DIRECTION('',(0.707106781187,0.707106781187,-0.));
#163 = DIRECTION('',(0.707106781187,-0.707106781187,0.));
#164 = DEFINITIONAL_REPRESENTATION('',(#165),#169);
#165 = LINE('',#166,#167);
#166 = CARTESIAN_POINT('',(49.497474683058,0.));
#167 = VECTOR('',#168,1.);
#168 = DIRECTION('',(0.,-1.));
#169 = ( GEOMETRIC_REPRESENTATION_CONTEXT(2) 
PARAMETRIC_REPRESENTATION_CONTEXT() REPRESENTATION_CONTEXT('2D SPACE',''
  ) );
#170 = ORIENTED_EDGE('',*,*,#171,.T.);
#171 = EDGE_CURVE('',#144,#24,#172,.T.);
#172 = SURFACE_CURVE('',#173,(#177,#184),.PCURVE_S1.);
#173 = LINE('',#174,#175);
#174 = CARTESIAN_POINT('',(-180.,-140.,628.));
#175 = VECTOR('',#176,1.);
#176 = DIRECTION('',(1.,0.,0.));
#177 = PCURVE('',#44,#178);
#178 = DEFINITIONAL_REPRESENTATION('',(#179),#183);
#179 = LINE('',#180,#181);
#180 = CARTESIAN_POINT('',(0.,-2.));
#181 = VECTOR('',#182,1.);
#182 = DIRECTION('',(1.,0.));
#183 = ( GEOMETRIC_REPRESENTATION_CONTEXT(2) 
PARAMETRIC_REPRESENTATION_CONTEXT() REPRESENTATION_CONTEXT('2D SPACE',''
  ) );
#184 = PCURVE('',#72,#185);
#185 = DEFINITIONAL_REPRESENTATION('',(#186),#190);
#186 = LINE('',#187,#188);
#187 = CARTESIAN_POINT('',(-180.,-140.));
#188 = VECTOR('',#189,1.);
#189 = DIRECTION('',(1.,0.));
#190 = ( GEOMETRIC_REPRESENTATION_CONTEXT(2) 
PARAMETRIC_REPRESENTATION_CONTEXT() REPRESENTATION_CONTEXT('2D SPACE',''
  ) );
#191 = ORIENTED_EDGE('',*,*,#21,.F.);
#192 = ORIENTED_EDGE('',*,*,#193,.F.);
#193 = EDGE_CURVE('',#142,#22,#194,.T.);
#194 = SURFACE_CURVE('',#195,(#199,#206),.PCURVE_S1.);
#195 = LINE('',#196,#197);
#196 = CARTESIAN_POINT('',(-180.,-140.,626.));
#197 = VECTOR('',#198,1.);
#198 = DIRECTION('',(1.,0.,0.));
#199 = PCURVE('',#44,#200);
#200 = DEFINITIONAL_REPRESENTATION('',(#201),#205);
#201 = LINE('',#202,#203);
#202 = CARTESIAN_POINT('',(0.,0.));
#203 = VECTOR('',#204,1.);
#204 = DIRECTION('',(1.,0.));
#205 = ( GEOMETRIC_REPRESENTATION_CONTEXT(2) 
PARAMETRIC_REPRESENTATION_CONTEXT() REPRESENTATION_CONTEXT('2D SPACE',''
  ) );
#206 = PCURVE('',#126,#207);
#207 = DEFINITIONAL_REPRESENTATION('',(#208),#212);
#208 = LINE('',#209,#210);
#209 = CARTESIAN_POINT('',(-180.,-140.));
#210 = VECTOR('',#211,1.);
#211 = DIRECTION('',(1.,0.));
#212 = ( GEOMETRIC_REPRESENTATION_CONTEXT(2) 
PARAMETRIC_REPRESENTATION_CONTEXT() REPRESENTATION_CONTEXT('2D SPACE',''
  ) );
#213 = ADVANCED_FACE('',(#214),#100,.F.);
#214 = FACE_BOUND('',#215,.F.);
#215 = EDGE_LOOP('',(#216,#217,#240,#268));
#216 = ORIENTED_EDGE('',*,*,#84,.T.);
#217 = ORIENTED_EDGE('',*,*,#218,.T.);
#218 = EDGE_CURVE('',#57,#219,#221,.T.);
#219 = VERTEX_POINT('',#220);
#220 = CARTESIAN_POINT('',(215.,105.,628.));
#221 = SURFACE_CURVE('',#222,(#226,#233),.PCURVE_S1.);
#222 = LINE('',#223,#224);
#223 = CARTESIAN_POINT('',(215.,-105.,628.));
#224 = VECTOR('',#225,1.);
#225 = DIRECTION('',(0.,1.,0.));
#226 = PCURVE('',#100,#227);
#227 = DEFINITIONAL_REPRESENTATION('',(#228),#232);
#228 = LINE('',#229,#230);
#229 = CARTESIAN_POINT('',(0.,-2.));
#230 = VECTOR('',#231,1.);
#231 = DIRECTION('',(1.,0.));
#232 = ( GEOMETRIC_REPRESENTATION_CONTEXT(2) 
PARAMETRIC_REPRESENTATION_CONTEXT() REPRESENTATION_CONTEXT('2D SPACE',''
  ) );
#233 = PCURVE('',#72,#234);
#234 = DEFINITIONAL_REPRESENTATION('',(#235),#239);
#235 = LINE('',#236,#237);
#236 = CARTESIAN_POINT('',(215.,-105.));
#237 = VECTOR('',#238,1.);
#238 = DIRECTION('',(0.,1.));
#239 = ( GEOMETRIC_REPRESENTATION_CONTEXT(2) 
PARAMETRIC_REPRESENTATION_CONTEXT() REPRESENTATION_CONTEXT('2D SPACE',''
  ) );
#240 = ORIENTED_EDGE('',*,*,#241,.F.);
#241 = EDGE_CURVE('',#242,#219,#244,.T.);
#242 = VERTEX_POINT('',#243);
#243 = CARTESIAN_POINT('',(215.,105.,626.));
#244 = SURFACE_CURVE('',#245,(#249,#256),.PCURVE_S1.);
#245 = LINE('',#246,#247);
#246 = CARTESIAN_POINT('',(215.,105.,626.));
#247 = VECTOR('',#248,1.);
#248 = DIRECTION('',(0.,0.,1.));
#249 = PCURVE('',#100,#250);
#250 = DEFINITIONAL_REPRESENTATION('',(#251),#255);
#251 = LINE('',#252,#253);
#252 = CARTESIAN_POINT('',(210.,0.));
#253 = VECTOR('',#254,1.);
#254 = DIRECTION('',(0.,-1.));
#255 = ( GEOMETRIC_REPRESENTATION_CONTEXT(2) 
PARAMETRIC_REPRESENTATION_CONTEXT() REPRESENTATION_CONTEXT('2D SPACE',''
  ) );
#256 = PCURVE('',#257,#262);
#257 = PLANE('',#258);
#258 = AXIS2_PLACEMENT_3D('',#259,#260,#261);
#259 = CARTESIAN_POINT('',(215.,105.,626.));
#260 = DIRECTION('',(-0.707106781187,-0.707106781187,0.));
#261 = DIRECTION('',(-0.707106781187,0.707106781187,0.));
#262 = DEFINITIONAL_REPRESENTATION('',(#263),#267);
#263 = LINE('',#264,#265);
#264 = CARTESIAN_POINT('',(0.,0.));
#265 = VECTOR('',#266,1.);
#266 = DIRECTION('',(0.,-1.));
#267 = ( GEOMETRIC_REPRESENTATION_CONTEXT(2) 
PARAMETRIC_REPRESENTATION_CONTEXT() REPRESENTATION_CONTEXT('2D SPACE',''
  ) );
#268 = ORIENTED_EDGE('',*,*,#269,.F.);
#269 = EDGE_CURVE('',#85,#242,#270,.T.);
#270 = SURFACE_CURVE('',#271,(#275,#282),.PCURVE_S1.);
#271 = LINE('',#272,#273);
#272 = CARTESIAN_POINT('',(215.,-105.,626.));
#273 = VECTOR('',#274,1.);
#274 = DIRECTION('',(0.,1.,0.));
#275 = PCURVE('',#100,#276);
#276 = DEFINITIONAL_REPRESENTATION('',(#277),#281);
#277 = LINE('',#278,#279);
#278 = CARTESIAN_POINT('',(0.,0.));
#279 = VECTOR('',#280,1.);
#280 = DIRECTION('',(1.,0.));
#281 = ( GEOMETRIC_REPRESENTATION_CONTEXT(2) 
PARAMETRIC_REPRESENTATION_CONTEXT() REPRESENTATION_CONTEXT('2D SPACE',''
  ) );
#282 = PCURVE('',#126,#283);
#283 = DEFINITIONAL_REPRESENTATION('',(#284),#288);
#284 = LINE('',#285,#286);
#285 = CARTESIAN_POINT('',(215.,-105.));
#286 = VECTOR('',#287,1.);
#287 = DIRECTION('',(0.,1.));
#288 = ( GEOMETRIC_REPRESENTATION_CONTEXT(2) 
PARAMETRIC_REPRESENTATION_CONTEXT() REPRESENTATION_CONTEXT('2D SPACE',''
  ) );
#289 = ADVANCED_FACE('',(#290,#423,#454,#560,#666,#772,#803,#834,#940,
    #971,#1077,#1183,#1214,#1320,#1426,#1457,#1563,#1594,#1625,#1731,
    #1762,#1793,#1899,#2005),#126,.F.);
#290 = FACE_BOUND('',#291,.F.);
#291 = EDGE_LOOP('',(#292,#293,#294,#317,#345,#373,#401,#422));
#292 = ORIENTED_EDGE('',*,*,#112,.T.);
#293 = ORIENTED_EDGE('',*,*,#269,.T.);
#294 = ORIENTED_EDGE('',*,*,#295,.T.);
#295 = EDGE_CURVE('',#242,#296,#298,.T.);
#296 = VERTEX_POINT('',#297);
#297 = CARTESIAN_POINT('',(180.,140.,626.));
#298 = SURFACE_CURVE('',#299,(#303,#310),.PCURVE_S1.);
#299 = LINE('',#300,#301);
#300 = CARTESIAN_POINT('',(215.,105.,626.));
#301 = VECTOR('',#302,1.);
#302 = DIRECTION('',(-0.707106781187,0.707106781187,0.));
#303 = PCURVE('',#126,#304);
#304 = DEFINITIONAL_REPRESENTATION('',(#305),#309);
#305 = LINE('',#306,#307);
#306 = CARTESIAN_POINT('',(215.,105.));
#307 = VECTOR('',#308,1.);
#308 = DIRECTION('',(-0.707106781187,0.707106781187));
#309 = ( GEOMETRIC_REPRESENTATION_CONTEXT(2) 
PARAMETRIC_REPRESENTATION_CONTEXT() REPRESENTATION_CONTEXT('2D SPACE',''
  ) );
#310 = PCURVE('',#257,#311);
#311 = DEFINITIONAL_REPRESENTATION('',(#312),#316);
#312 = LINE('',#313,#314);
#313 = CARTESIAN_POINT('',(0.,0.));
#314 = VECTOR('',#315,1.);
#315 = DIRECTION('',(1.,0.));
#316 = ( GEOMETRIC_REPRESENTATION_CONTEXT(2) 
PARAMETRIC_REPRESENTATION_CONTEXT() REPRESENTATION_CONTEXT('2D SPACE',''
  ) );
#317 = ORIENTED_EDGE('',*,*,#318,.T.);
#318 = EDGE_CURVE('',#296,#319,#321,.T.);
#319 = VERTEX_POINT('',#320);
#320 = CARTESIAN_POINT('',(-180.,140.,626.));
#321 = SURFACE_CURVE('',#322,(#326,#333),.PCURVE_S1.);
#322 = LINE('',#323,#324);
#323 = CARTESIAN_POINT('',(180.,140.,626.));
#324 = VECTOR('',#325,1.);
#325 = DIRECTION('',(-1.,0.,0.));
#326 = PCURVE('',#126,#327);
#327 = DEFINITIONAL_REPRESENTATION('',(#328),#332);
#328 = LINE('',#329,#330);
#329 = CARTESIAN_POINT('',(180.,140.));
#330 = VECTOR('',#331,1.);
#331 = DIRECTION('',(-1.,0.));
#332 = ( GEOMETRIC_REPRESENTATION_CONTEXT(2) 
PARAMETRIC_REPRESENTATION_CONTEXT() REPRESENTATION_CONTEXT('2D SPACE',''
  ) );
#333 = PCURVE('',#334,#339);
#334 = PLANE('',#335);
#335 = AXIS2_PLACEMENT_3D('',#336,#337,#338);
#336 = CARTESIAN_POINT('',(180.,140.,626.));
#337 = DIRECTION('',(0.,-1.,0.));
#338 = DIRECTION('',(-1.,0.,0.));
#339 = DEFINITIONAL_REPRESENTATION('',(#340),#344);
#340 = LINE('',#341,#342);
#341 = CARTESIAN_POINT('',(0.,-0.));
#342 = VECTOR('',#343,1.);
#343 = DIRECTION('',(1.,0.));
#344 = ( GEOMETRIC_REPRESENTATION_CONTEXT(2) 
PARAMETRIC_REPRESENTATION_CONTEXT() REPRESENTATION_CONTEXT('2D SPACE',''
  ) );
#345 = ORIENTED_EDGE('',*,*,#346,.T.);
#346 = EDGE_CURVE('',#319,#347,#349,.T.);
#347 = VERTEX_POINT('',#348);
#348 = CARTESIAN_POINT('',(-215.,105.,626.));
#349 = SURFACE_CURVE('',#350,(#354,#361),.PCURVE_S1.);
#350 = LINE('',#351,#352);
#351 = CARTESIAN_POINT('',(-180.,140.,626.));
#352 = VECTOR('',#353,1.);
#353 = DIRECTION('',(-0.707106781187,-0.707106781187,0.));
#354 = PCURVE('',#126,#355);
#355 = DEFINITIONAL_REPRESENTATION('',(#356),#360);
#356 = LINE('',#357,#358);
#357 = CARTESIAN_POINT('',(-180.,140.));
#358 = VECTOR('',#359,1.);
#359 = DIRECTION('',(-0.707106781187,-0.707106781187));
#360 = ( GEOMETRIC_REPRESENTATION_CONTEXT(2) 
PARAMETRIC_REPRESENTATION_CONTEXT() REPRESENTATION_CONTEXT('2D SPACE',''
  ) );
#361 = PCURVE('',#362,#367);
#362 = PLANE('',#363);
#363 = AXIS2_PLACEMENT_3D('',#364,#365,#366);
#364 = CARTESIAN_POINT('',(-180.,140.,626.));
#365 = DIRECTION('',(0.707106781187,-0.707106781187,0.));
#366 = DIRECTION('',(-0.707106781187,-0.707106781187,0.));
#367 = DEFINITIONAL_REPRESENTATION('',(#368),#372);
#368 = LINE('',#369,#370);
#369 = CARTESIAN_POINT('',(0.,0.));
#370 = VECTOR('',#371,1.);
#371 = DIRECTION('',(1.,0.));
#372 = ( GEOMETRIC_REPRESENTATION_CONTEXT(2) 
PARAMETRIC_REPRESENTATION_CONTEXT() REPRESENTATION_CONTEXT('2D SPACE',''
  ) );
#373 = ORIENTED_EDGE('',*,*,#374,.T.);
#374 = EDGE_CURVE('',#347,#375,#377,.T.);
#375 = VERTEX_POINT('',#376);
#376 = CARTESIAN_POINT('',(-215.,-105.,626.));
#377 = SURFACE_CURVE('',#378,(#382,#389),.PCURVE_S1.);
#378 = LINE('',#379,#380);
#379 = CARTESIAN_POINT('',(-215.,105.,626.));
#380 = VECTOR('',#381,1.);
#381 = DIRECTION('',(0.,-1.,0.));
#382 = PCURVE('',#126,#383);
#383 = DEFINITIONAL_REPRESENTATION('',(#384),#388);
#384 = LINE('',#385,#386);
#385 = CARTESIAN_POINT('',(-215.,105.));
#386 = VECTOR('',#387,1.);
#387 = DIRECTION('',(0.,-1.));
#388 = ( GEOMETRIC_REPRESENTATION_CONTEXT(2) 
PARAMETRIC_REPRESENTATION_CONTEXT() REPRESENTATION_CONTEXT('2D SPACE',''
  ) );
#389 = PCURVE('',#390,#395);
#390 = PLANE('',#391);
#391 = AXIS2_PLACEMENT_3D('',#392,#393,#394);
#392 = CARTESIAN_POINT('',(-215.,105.,626.));
#393 = DIRECTION('',(1.,0.,-0.));
#394 = DIRECTION('',(0.,-1.,0.));
#395 = DEFINITIONAL_REPRESENTATION('',(#396),#400);
#396 = LINE('',#397,#398);
#397 = CARTESIAN_POINT('',(0.,0.));
#398 = VECTOR('',#399,1.);
#399 = DIRECTION('',(1.,0.));
#400 = ( GEOMETRIC_REPRESENTATION_CONTEXT(2) 
PARAMETRIC_REPRESENTATION_CONTEXT() REPRESENTATION_CONTEXT('2D SPACE',''
  ) );
#401 = ORIENTED_EDGE('',*,*,#402,.T.);
#402 = EDGE_CURVE('',#375,#142,#403,.T.);
#403 = SURFACE_CURVE('',#404,(#408,#415),.PCURVE_S1.);
#404 = LINE('',#405,#406);
#405 = CARTESIAN_POINT('',(-215.,-105.,626.));
#406 = VECTOR('',#407,1.);
#407 = DIRECTION('',(0.707106781187,-0.707106781187,0.));
#408 = PCURVE('',#126,#409);
#409 = DEFINITIONAL_REPRESENTATION('',(#410),#414);
#410 = LINE('',#411,#412);
#411 = CARTESIAN_POINT('',(-215.,-105.));
#412 = VECTOR('',#413,1.);
#413 = DIRECTION('',(0.707106781187,-0.707106781187));
#414 = ( GEOMETRIC_REPRESENTATION_CONTEXT(2) 
PARAMETRIC_REPRESENTATION_CONTEXT() REPRESENTATION_CONTEXT('2D SPACE',''
  ) );
#415 = PCURVE('',#159,#416);
#416 = DEFINITIONAL_REPRESENTATION('',(#417),#421);
#417 = LINE('',#418,#419);
#418 = CARTESIAN_POINT('',(0.,0.));
#419 = VECTOR('',#420,1.);
#420 = DIRECTION('',(1.,0.));
#421 = ( GEOMETRIC_REPRESENTATION_CONTEXT(2) 
PARAMETRIC_REPRESENTATION_CONTEXT() REPRESENTATION_CONTEXT('2D SPACE',''
  ) );
#422 = ORIENTED_EDGE('',*,*,#193,.T.);
#423 = FACE_BOUND('',#424,.F.);
#424 = EDGE_LOOP('',(#425));
#425 = ORIENTED_EDGE('',*,*,#426,.F.);
#426 = EDGE_CURVE('',#427,#427,#429,.T.);
#427 = VERTEX_POINT('',#428);
#428 = CARTESIAN_POINT('',(-147.85,-121.5,626.));
#429 = SURFACE_CURVE('',#430,(#435,#442),.PCURVE_S1.);
#430 = CIRCLE('',#431,2.15);
#431 = AXIS2_PLACEMENT_3D('',#432,#433,#434);
#432 = CARTESIAN_POINT('',(-150.,-121.5,626.));
#433 = DIRECTION('',(0.,0.,1.));
#434 = DIRECTION('',(1.,0.,-0.));
#435 = PCURVE('',#126,#436);
#436 = DEFINITIONAL_REPRESENTATION('',(#437),#441);
#437 = CIRCLE('',#438,2.15);
#438 = AXIS2_PLACEMENT_2D('',#439,#440);
#439 = CARTESIAN_POINT('',(-150.,-121.5));
#440 = DIRECTION('',(1.,0.));
#441 = ( GEOMETRIC_REPRESENTATION_CONTEXT(2) 
PARAMETRIC_REPRESENTATION_CONTEXT() REPRESENTATION_CONTEXT('2D SPACE',''
  ) );
#442 = PCURVE('',#443,#448);
#443 = CYLINDRICAL_SURFACE('',#444,2.15);
#444 = AXIS2_PLACEMENT_3D('',#445,#446,#447);
#445 = CARTESIAN_POINT('',(-150.,-121.5,625.));
#446 = DIRECTION('',(0.,0.,1.));
#447 = DIRECTION('',(1.,0.,-0.));
#448 = DEFINITIONAL_REPRESENTATION('',(#449),#453);
#449 = LINE('',#450,#451);
#450 = CARTESIAN_POINT('',(0.,1.));
#451 = VECTOR('',#452,1.);
#452 = DIRECTION('',(1.,0.));
#453 = ( GEOMETRIC_REPRESENTATION_CONTEXT(2) 
PARAMETRIC_REPRESENTATION_CONTEXT() REPRESENTATION_CONTEXT('2D SPACE',''
  ) );
#454 = FACE_BOUND('',#455,.F.);
#455 = EDGE_LOOP('',(#456,#484,#510,#536));
#456 = ORIENTED_EDGE('',*,*,#457,.T.);
#457 = EDGE_CURVE('',#458,#460,#462,.T.);
#458 = VERTEX_POINT('',#459);
#459 = CARTESIAN_POINT('',(-135.,-113.5,626.));
#460 = VERTEX_POINT('',#461);
#461 = CARTESIAN_POINT('',(-165.,-113.5,626.));
#462 = SURFACE_CURVE('',#463,(#467,#473),.PCURVE_S1.);
#463 = LINE('',#464,#465);
#464 = CARTESIAN_POINT('',(-82.5,-113.5,626.));
#465 = VECTOR('',#466,1.);
#466 = DIRECTION('',(-1.,-0.,0.));
#467 = PCURVE('',#126,#468);
#468 = DEFINITIONAL_REPRESENTATION('',(#469),#472);
#469 = B_SPLINE_CURVE_WITH_KNOTS('',1,(#470,#471),.UNSPECIFIED.,.F.,.F.,
  (2,2),(52.5,82.5),.PIECEWISE_BEZIER_KNOTS.);
#470 = CARTESIAN_POINT('',(-135.,-113.5));
#471 = CARTESIAN_POINT('',(-165.,-113.5));
#472 = ( GEOMETRIC_REPRESENTATION_CONTEXT(2) 
PARAMETRIC_REPRESENTATION_CONTEXT() REPRESENTATION_CONTEXT('2D SPACE',''
  ) );
#473 = PCURVE('',#474,#479);
#474 = PLANE('',#475);
#475 = AXIS2_PLACEMENT_3D('',#476,#477,#478);
#476 = CARTESIAN_POINT('',(-165.,-113.5,625.));
#477 = DIRECTION('',(-0.,1.,0.));
#478 = DIRECTION('',(0.,0.,1.));
#479 = DEFINITIONAL_REPRESENTATION('',(#480),#483);
#480 = B_SPLINE_CURVE_WITH_KNOTS('',1,(#481,#482),.UNSPECIFIED.,.F.,.F.,
  (2,2),(52.5,82.5),.PIECEWISE_BEZIER_KNOTS.);
#481 = CARTESIAN_POINT('',(1.,30.));
#482 = CARTESIAN_POINT('',(1.,0.));
#483 = ( GEOMETRIC_REPRESENTATION_CONTEXT(2) 
PARAMETRIC_REPRESENTATION_CONTEXT() REPRESENTATION_CONTEXT('2D SPACE',''
  ) );
#484 = ORIENTED_EDGE('',*,*,#485,.T.);
#485 = EDGE_CURVE('',#460,#486,#488,.T.);
#486 = VERTEX_POINT('',#487);
#487 = CARTESIAN_POINT('',(-165.,-109.5,626.));
#488 = SURFACE_CURVE('',#489,(#493,#499),.PCURVE_S1.);
#489 = LINE('',#490,#491);
#490 = CARTESIAN_POINT('',(-165.,-56.75,626.));
#491 = VECTOR('',#492,1.);
#492 = DIRECTION('',(-0.,1.,0.));
#493 = PCURVE('',#126,#494);
#494 = DEFINITIONAL_REPRESENTATION('',(#495),#498);
#495 = B_SPLINE_CURVE_WITH_KNOTS('',1,(#496,#497),.UNSPECIFIED.,.F.,.F.,
  (2,2),(-56.75,-52.75),.PIECEWISE_BEZIER_KNOTS.);
#496 = CARTESIAN_POINT('',(-165.,-113.5));
#497 = CARTESIAN_POINT('',(-165.,-109.5));
#498 = ( GEOMETRIC_REPRESENTATION_CONTEXT(2) 
PARAMETRIC_REPRESENTATION_CONTEXT() REPRESENTATION_CONTEXT('2D SPACE',''
  ) );
#499 = PCURVE('',#500,#505);
#500 = PLANE('',#501);
#501 = AXIS2_PLACEMENT_3D('',#502,#503,#504);
#502 = CARTESIAN_POINT('',(-165.,-113.5,625.));
#503 = DIRECTION('',(1.,0.,-0.));
#504 = DIRECTION('',(0.,0.,1.));
#505 = DEFINITIONAL_REPRESENTATION('',(#506),#509);
#506 = B_SPLINE_CURVE_WITH_KNOTS('',1,(#507,#508),.UNSPECIFIED.,.F.,.F.,
  (2,2),(-56.75,-52.75),.PIECEWISE_BEZIER_KNOTS.);
#507 = CARTESIAN_POINT('',(1.,0.));
#508 = CARTESIAN_POINT('',(1.,-4.));
#509 = ( GEOMETRIC_REPRESENTATION_CONTEXT(2) 
PARAMETRIC_REPRESENTATION_CONTEXT() REPRESENTATION_CONTEXT('2D SPACE',''
  ) );
#510 = ORIENTED_EDGE('',*,*,#511,.F.);
#511 = EDGE_CURVE('',#512,#486,#514,.T.);
#512 = VERTEX_POINT('',#513);
#513 = CARTESIAN_POINT('',(-135.,-109.5,626.));
#514 = SURFACE_CURVE('',#515,(#519,#525),.PCURVE_S1.);
#515 = LINE('',#516,#517);
#516 = CARTESIAN_POINT('',(-82.5,-109.5,626.));
#517 = VECTOR('',#518,1.);
#518 = DIRECTION('',(-1.,-0.,0.));
#519 = PCURVE('',#126,#520);
#520 = DEFINITIONAL_REPRESENTATION('',(#521),#524);
#521 = B_SPLINE_CURVE_WITH_KNOTS('',1,(#522,#523),.UNSPECIFIED.,.F.,.F.,
  (2,2),(52.5,82.5),.PIECEWISE_BEZIER_KNOTS.);
#522 = CARTESIAN_POINT('',(-135.,-109.5));
#523 = CARTESIAN_POINT('',(-165.,-109.5));
#524 = ( GEOMETRIC_REPRESENTATION_CONTEXT(2) 
PARAMETRIC_REPRESENTATION_CONTEXT() REPRESENTATION_CONTEXT('2D SPACE',''
  ) );
#525 = PCURVE('',#526,#531);
#526 = PLANE('',#527);
#527 = AXIS2_PLACEMENT_3D('',#528,#529,#530);
#528 = CARTESIAN_POINT('',(-165.,-109.5,625.));
#529 = DIRECTION('',(-0.,1.,0.));
#530 = DIRECTION('',(0.,0.,1.));
#531 = DEFINITIONAL_REPRESENTATION('',(#532),#535);
#532 = B_SPLINE_CURVE_WITH_KNOTS('',1,(#533,#534),.UNSPECIFIED.,.F.,.F.,
  (2,2),(52.5,82.5),.PIECEWISE_BEZIER_KNOTS.);
#533 = CARTESIAN_POINT('',(1.,30.));
#534 = CARTESIAN_POINT('',(1.,0.));
#535 = ( GEOMETRIC_REPRESENTATION_CONTEXT(2) 
PARAMETRIC_REPRESENTATION_CONTEXT() REPRESENTATION_CONTEXT('2D SPACE',''
  ) );
#536 = ORIENTED_EDGE('',*,*,#537,.F.);
#537 = EDGE_CURVE('',#458,#512,#538,.T.);
#538 = SURFACE_CURVE('',#539,(#543,#549),.PCURVE_S1.);
#539 = LINE('',#540,#541);
#540 = CARTESIAN_POINT('',(-135.,-56.75,626.));
#541 = VECTOR('',#542,1.);
#542 = DIRECTION('',(-0.,1.,0.));
#543 = PCURVE('',#126,#544);
#544 = DEFINITIONAL_REPRESENTATION('',(#545),#548);
#545 = B_SPLINE_CURVE_WITH_KNOTS('',1,(#546,#547),.UNSPECIFIED.,.F.,.F.,
  (2,2),(-56.75,-52.75),.PIECEWISE_BEZIER_KNOTS.);
#546 = CARTESIAN_POINT('',(-135.,-113.5));
#547 = CARTESIAN_POINT('',(-135.,-109.5));
#548 = ( GEOMETRIC_REPRESENTATION_CONTEXT(2) 
PARAMETRIC_REPRESENTATION_CONTEXT() REPRESENTATION_CONTEXT('2D SPACE',''
  ) );
#549 = PCURVE('',#550,#555);
#550 = PLANE('',#551);
#551 = AXIS2_PLACEMENT_3D('',#552,#553,#554);
#552 = CARTESIAN_POINT('',(-135.,-113.5,625.));
#553 = DIRECTION('',(1.,0.,-0.));
#554 = DIRECTION('',(0.,0.,1.));
#555 = DEFINITIONAL_REPRESENTATION('',(#556),#559);
#556 = B_SPLINE_CURVE_WITH_KNOTS('',1,(#557,#558),.UNSPECIFIED.,.F.,.F.,
  (2,2),(-56.75,-52.75),.PIECEWISE_BEZIER_KNOTS.);
#557 = CARTESIAN_POINT('',(1.,0.));
#558 = CARTESIAN_POINT('',(1.,-4.));
#559 = ( GEOMETRIC_REPRESENTATION_CONTEXT(2) 
PARAMETRIC_REPRESENTATION_CONTEXT() REPRESENTATION_CONTEXT('2D SPACE',''
  ) );
#560 = FACE_BOUND('',#561,.F.);
#561 = EDGE_LOOP('',(#562,#590,#616,#642));
#562 = ORIENTED_EDGE('',*,*,#563,.T.);
#563 = EDGE_CURVE('',#564,#566,#568,.T.);
#564 = VERTEX_POINT('',#565);
#565 = CARTESIAN_POINT('',(-45.,-113.5,626.));
#566 = VERTEX_POINT('',#567);
#567 = CARTESIAN_POINT('',(-75.,-113.5,626.));
#568 = SURFACE_CURVE('',#569,(#573,#579),.PCURVE_S1.);
#569 = LINE('',#570,#571);
#570 = CARTESIAN_POINT('',(-37.5,-113.5,626.));
#571 = VECTOR('',#572,1.);
#572 = DIRECTION('',(-1.,-0.,0.));
#573 = PCURVE('',#126,#574);
#574 = DEFINITIONAL_REPRESENTATION('',(#575),#578);
#575 = B_SPLINE_CURVE_WITH_KNOTS('',1,(#576,#577),.UNSPECIFIED.,.F.,.F.,
  (2,2),(7.5,37.5),.PIECEWISE_BEZIER_KNOTS.);
#576 = CARTESIAN_POINT('',(-45.,-113.5));
#577 = CARTESIAN_POINT('',(-75.,-113.5));
#578 = ( GEOMETRIC_REPRESENTATION_CONTEXT(2) 
PARAMETRIC_REPRESENTATION_CONTEXT() REPRESENTATION_CONTEXT('2D SPACE',''
  ) );
#579 = PCURVE('',#580,#585);
#580 = PLANE('',#581);
#581 = AXIS2_PLACEMENT_3D('',#582,#583,#584);
#582 = CARTESIAN_POINT('',(-75.,-113.5,625.));
#583 = DIRECTION('',(-0.,1.,0.));
#584 = DIRECTION('',(0.,0.,1.));
#585 = DEFINITIONAL_REPRESENTATION('',(#586),#589);
#586 = B_SPLINE_CURVE_WITH_KNOTS('',1,(#587,#588),.UNSPECIFIED.,.F.,.F.,
  (2,2),(7.5,37.5),.PIECEWISE_BEZIER_KNOTS.);
#587 = CARTESIAN_POINT('',(1.,30.));
#588 = CARTESIAN_POINT('',(1.,0.));
#589 = ( GEOMETRIC_REPRESENTATION_CONTEXT(2) 
PARAMETRIC_REPRESENTATION_CONTEXT() REPRESENTATION_CONTEXT('2D SPACE',''
  ) );
#590 = ORIENTED_EDGE('',*,*,#591,.T.);
#591 = EDGE_CURVE('',#566,#592,#594,.T.);
#592 = VERTEX_POINT('',#593);
#593 = CARTESIAN_POINT('',(-75.,-109.5,626.));
#594 = SURFACE_CURVE('',#595,(#599,#605),.PCURVE_S1.);
#595 = LINE('',#596,#597);
#596 = CARTESIAN_POINT('',(-75.,-56.75,626.));
#597 = VECTOR('',#598,1.);
#598 = DIRECTION('',(-0.,1.,0.));
#599 = PCURVE('',#126,#600);
#600 = DEFINITIONAL_REPRESENTATION('',(#601),#604);
#601 = B_SPLINE_CURVE_WITH_KNOTS('',1,(#602,#603),.UNSPECIFIED.,.F.,.F.,
  (2,2),(-56.75,-52.75),.PIECEWISE_BEZIER_KNOTS.);
#602 = CARTESIAN_POINT('',(-75.,-113.5));
#603 = CARTESIAN_POINT('',(-75.,-109.5));
#604 = ( GEOMETRIC_REPRESENTATION_CONTEXT(2) 
PARAMETRIC_REPRESENTATION_CONTEXT() REPRESENTATION_CONTEXT('2D SPACE',''
  ) );
#605 = PCURVE('',#606,#611);
#606 = PLANE('',#607);
#607 = AXIS2_PLACEMENT_3D('',#608,#609,#610);
#608 = CARTESIAN_POINT('',(-75.,-113.5,625.));
#609 = DIRECTION('',(1.,0.,-0.));
#610 = DIRECTION('',(0.,0.,1.));
#611 = DEFINITIONAL_REPRESENTATION('',(#612),#615);
#612 = B_SPLINE_CURVE_WITH_KNOTS('',1,(#613,#614),.UNSPECIFIED.,.F.,.F.,
  (2,2),(-56.75,-52.75),.PIECEWISE_BEZIER_KNOTS.);
#613 = CARTESIAN_POINT('',(1.,0.));
#614 = CARTESIAN_POINT('',(1.,-4.));
#615 = ( GEOMETRIC_REPRESENTATION_CONTEXT(2) 
PARAMETRIC_REPRESENTATION_CONTEXT() REPRESENTATION_CONTEXT('2D SPACE',''
  ) );
#616 = ORIENTED_EDGE('',*,*,#617,.F.);
#617 = EDGE_CURVE('',#618,#592,#620,.T.);
#618 = VERTEX_POINT('',#619);
#619 = CARTESIAN_POINT('',(-45.,-109.5,626.));
#620 = SURFACE_CURVE('',#621,(#625,#631),.PCURVE_S1.);
#621 = LINE('',#622,#623);
#622 = CARTESIAN_POINT('',(-37.5,-109.5,626.));
#623 = VECTOR('',#624,1.);
#624 = DIRECTION('',(-1.,-0.,0.));
#625 = PCURVE('',#126,#626);
#626 = DEFINITIONAL_REPRESENTATION('',(#627),#630);
#627 = B_SPLINE_CURVE_WITH_KNOTS('',1,(#628,#629),.UNSPECIFIED.,.F.,.F.,
  (2,2),(7.5,37.5),.PIECEWISE_BEZIER_KNOTS.);
#628 = CARTESIAN_POINT('',(-45.,-109.5));
#629 = CARTESIAN_POINT('',(-75.,-109.5));
#630 = ( GEOMETRIC_REPRESENTATION_CONTEXT(2) 
PARAMETRIC_REPRESENTATION_CONTEXT() REPRESENTATION_CONTEXT('2D SPACE',''
  ) );
#631 = PCURVE('',#632,#637);
#632 = PLANE('',#633);
#633 = AXIS2_PLACEMENT_3D('',#634,#635,#636);
#634 = CARTESIAN_POINT('',(-75.,-109.5,625.));
#635 = DIRECTION('',(-0.,1.,0.));
#636 = DIRECTION('',(0.,0.,1.));
#637 = DEFINITIONAL_REPRESENTATION('',(#638),#641);
#638 = B_SPLINE_CURVE_WITH_KNOTS('',1,(#639,#640),.UNSPECIFIED.,.F.,.F.,
  (2,2),(7.5,37.5),.PIECEWISE_BEZIER_KNOTS.);
#639 = CARTESIAN_POINT('',(1.,30.));
#640 = CARTESIAN_POINT('',(1.,0.));
#641 = ( GEOMETRIC_REPRESENTATION_CONTEXT(2) 
PARAMETRIC_REPRESENTATION_CONTEXT() REPRESENTATION_CONTEXT('2D SPACE',''
  ) );
#642 = ORIENTED_EDGE('',*,*,#643,.F.);
#643 = EDGE_CURVE('',#564,#618,#644,.T.);
#644 = SURFACE_CURVE('',#645,(#649,#655),.PCURVE_S1.);
#645 = LINE('',#646,#647);
#646 = CARTESIAN_POINT('',(-45.,-56.75,626.));
#647 = VECTOR('',#648,1.);
#648 = DIRECTION('',(-0.,1.,0.));
#649 = PCURVE('',#126,#650);
#650 = DEFINITIONAL_REPRESENTATION('',(#651),#654);
#651 = B_SPLINE_CURVE_WITH_KNOTS('',1,(#652,#653),.UNSPECIFIED.,.F.,.F.,
  (2,2),(-56.75,-52.75),.PIECEWISE_BEZIER_KNOTS.);
#652 = CARTESIAN_POINT('',(-45.,-113.5));
#653 = CARTESIAN_POINT('',(-45.,-109.5));
#654 = ( GEOMETRIC_REPRESENTATION_CONTEXT(2) 
PARAMETRIC_REPRESENTATION_CONTEXT() REPRESENTATION_CONTEXT('2D SPACE',''
  ) );
#655 = PCURVE('',#656,#661);
#656 = PLANE('',#657);
#657 = AXIS2_PLACEMENT_3D('',#658,#659,#660);
#658 = CARTESIAN_POINT('',(-45.,-113.5,625.));
#659 = DIRECTION('',(1.,0.,-0.));
#660 = DIRECTION('',(0.,0.,1.));
#661 = DEFINITIONAL_REPRESENTATION('',(#662),#665);
#662 = B_SPLINE_CURVE_WITH_KNOTS('',1,(#663,#664),.UNSPECIFIED.,.F.,.F.,
  (2,2),(-56.75,-52.75),.PIECEWISE_BEZIER_KNOTS.);
#663 = CARTESIAN_POINT('',(1.,0.));
#664 = CARTESIAN_POINT('',(1.,-4.));
#665 = ( GEOMETRIC_REPRESENTATION_CONTEXT(2) 
PARAMETRIC_REPRESENTATION_CONTEXT() REPRESENTATION_CONTEXT('2D SPACE',''
  ) );
#666 = FACE_BOUND('',#667,.F.);
#667 = EDGE_LOOP('',(#668,#696,#722,#748));
#668 = ORIENTED_EDGE('',*,*,#669,.T.);
#669 = EDGE_CURVE('',#670,#672,#674,.T.);
#670 = VERTEX_POINT('',#671);
#671 = CARTESIAN_POINT('',(-50.,-92.,626.));
#672 = VERTEX_POINT('',#673);
#673 = CARTESIAN_POINT('',(-170.,-92.,626.));
#674 = SURFACE_CURVE('',#675,(#679,#685),.PCURVE_S1.);
#675 = LINE('',#676,#677);
#676 = CARTESIAN_POINT('',(-85.,-92.,626.));
#677 = VECTOR('',#678,1.);
#678 = DIRECTION('',(-1.,-0.,0.));
#679 = PCURVE('',#126,#680);
#680 = DEFINITIONAL_REPRESENTATION('',(#681),#684);
#681 = B_SPLINE_CURVE_WITH_KNOTS('',1,(#682,#683),.UNSPECIFIED.,.F.,.F.,
  (2,2),(-35.,85.),.PIECEWISE_BEZIER_KNOTS.);
#682 = CARTESIAN_POINT('',(-50.,-92.));
#683 = CARTESIAN_POINT('',(-170.,-92.));
#684 = ( GEOMETRIC_REPRESENTATION_CONTEXT(2) 
PARAMETRIC_REPRESENTATION_CONTEXT() REPRESENTATION_CONTEXT('2D SPACE',''
  ) );
#685 = PCURVE('',#686,#691);
#686 = PLANE('',#687);
#687 = AXIS2_PLACEMENT_3D('',#688,#689,#690);
#688 = CARTESIAN_POINT('',(-170.,-92.,625.));
#689 = DIRECTION('',(-0.,1.,0.));
#690 = DIRECTION('',(0.,0.,1.));
#691 = DEFINITIONAL_REPRESENTATION('',(#692),#695);
#692 = B_SPLINE_CURVE_WITH_KNOTS('',1,(#693,#694),.UNSPECIFIED.,.F.,.F.,
  (2,2),(-35.,85.),.PIECEWISE_BEZIER_KNOTS.);
#693 = CARTESIAN_POINT('',(1.,120.));
#694 = CARTESIAN_POINT('',(1.,0.));
#695 = ( GEOMETRIC_REPRESENTATION_CONTEXT(2) 
PARAMETRIC_REPRESENTATION_CONTEXT() REPRESENTATION_CONTEXT('2D SPACE',''
  ) );
#696 = ORIENTED_EDGE('',*,*,#697,.T.);
#697 = EDGE_CURVE('',#672,#698,#700,.T.);
#698 = VERTEX_POINT('',#699);
#699 = CARTESIAN_POINT('',(-170.,-32.,626.));
#700 = SURFACE_CURVE('',#701,(#705,#711),.PCURVE_S1.);
#701 = LINE('',#702,#703);
#702 = CARTESIAN_POINT('',(-170.,-46.,626.));
#703 = VECTOR('',#704,1.);
#704 = DIRECTION('',(-0.,1.,0.));
#705 = PCURVE('',#126,#706);
#706 = DEFINITIONAL_REPRESENTATION('',(#707),#710);
#707 = B_SPLINE_CURVE_WITH_KNOTS('',1,(#708,#709),.UNSPECIFIED.,.F.,.F.,
  (2,2),(-46.,14.),.PIECEWISE_BEZIER_KNOTS.);
#708 = CARTESIAN_POINT('',(-170.,-92.));
#709 = CARTESIAN_POINT('',(-170.,-32.));
#710 = ( GEOMETRIC_REPRESENTATION_CONTEXT(2) 
PARAMETRIC_REPRESENTATION_CONTEXT() REPRESENTATION_CONTEXT('2D SPACE',''
  ) );
#711 = PCURVE('',#712,#717);
#712 = PLANE('',#713);
#713 = AXIS2_PLACEMENT_3D('',#714,#715,#716);
#714 = CARTESIAN_POINT('',(-170.,-92.,625.));
#715 = DIRECTION('',(1.,0.,-0.));
#716 = DIRECTION('',(0.,0.,1.));
#717 = DEFINITIONAL_REPRESENTATION('',(#718),#721);
#718 = B_SPLINE_CURVE_WITH_KNOTS('',1,(#719,#720),.UNSPECIFIED.,.F.,.F.,
  (2,2),(-46.,14.),.PIECEWISE_BEZIER_KNOTS.);
#719 = CARTESIAN_POINT('',(1.,0.));
#720 = CARTESIAN_POINT('',(1.,-60.));
#721 = ( GEOMETRIC_REPRESENTATION_CONTEXT(2) 
PARAMETRIC_REPRESENTATION_CONTEXT() REPRESENTATION_CONTEXT('2D SPACE',''
  ) );
#722 = ORIENTED_EDGE('',*,*,#723,.F.);
#723 = EDGE_CURVE('',#724,#698,#726,.T.);
#724 = VERTEX_POINT('',#725);
#725 = CARTESIAN_POINT('',(-50.,-32.,626.));
#726 = SURFACE_CURVE('',#727,(#731,#737),.PCURVE_S1.);
#727 = LINE('',#728,#729);
#728 = CARTESIAN_POINT('',(-85.,-32.,626.));
#729 = VECTOR('',#730,1.);
#730 = DIRECTION('',(-1.,-0.,0.));
#731 = PCURVE('',#126,#732);
#732 = DEFINITIONAL_REPRESENTATION('',(#733),#736);
#733 = B_SPLINE_CURVE_WITH_KNOTS('',1,(#734,#735),.UNSPECIFIED.,.F.,.F.,
  (2,2),(-35.,85.),.PIECEWISE_BEZIER_KNOTS.);
#734 = CARTESIAN_POINT('',(-50.,-32.));
#735 = CARTESIAN_POINT('',(-170.,-32.));
#736 = ( GEOMETRIC_REPRESENTATION_CONTEXT(2) 
PARAMETRIC_REPRESENTATION_CONTEXT() REPRESENTATION_CONTEXT('2D SPACE',''
  ) );
#737 = PCURVE('',#738,#743);
#738 = PLANE('',#739);
#739 = AXIS2_PLACEMENT_3D('',#740,#741,#742);
#740 = CARTESIAN_POINT('',(-170.,-32.,625.));
#741 = DIRECTION('',(-0.,1.,0.));
#742 = DIRECTION('',(0.,0.,1.));
#743 = DEFINITIONAL_REPRESENTATION('',(#744),#747);
#744 = B_SPLINE_CURVE_WITH_KNOTS('',1,(#745,#746),.UNSPECIFIED.,.F.,.F.,
  (2,2),(-35.,85.),.PIECEWISE_BEZIER_KNOTS.);
#745 = CARTESIAN_POINT('',(1.,120.));
#746 = CARTESIAN_POINT('',(1.,0.));
#747 = ( GEOMETRIC_REPRESENTATION_CONTEXT(2) 
PARAMETRIC_REPRESENTATION_CONTEXT() REPRESENTATION_CONTEXT('2D SPACE',''
  ) );
#748 = ORIENTED_EDGE('',*,*,#749,.F.);
#749 = EDGE_CURVE('',#670,#724,#750,.T.);
#750 = SURFACE_CURVE('',#751,(#755,#761),.PCURVE_S1.);
#751 = LINE('',#752,#753);
#752 = CARTESIAN_POINT('',(-50.,-46.,626.));
#753 = VECTOR('',#754,1.);
#754 = DIRECTION('',(-0.,1.,0.));
#755 = PCURVE('',#126,#756);
#756 = DEFINITIONAL_REPRESENTATION('',(#757),#760);
#757 = B_SPLINE_CURVE_WITH_KNOTS('',1,(#758,#759),.UNSPECIFIED.,.F.,.F.,
  (2,2),(-46.,14.),.PIECEWISE_BEZIER_KNOTS.);
#758 = CARTESIAN_POINT('',(-50.,-92.));
#759 = CARTESIAN_POINT('',(-50.,-32.));
#760 = ( GEOMETRIC_REPRESENTATION_CONTEXT(2) 
PARAMETRIC_REPRESENTATION_CONTEXT() REPRESENTATION_CONTEXT('2D SPACE',''
  ) );
#761 = PCURVE('',#762,#767);
#762 = PLANE('',#763);
#763 = AXIS2_PLACEMENT_3D('',#764,#765,#766);
#764 = CARTESIAN_POINT('',(-50.,-92.,625.));
#765 = DIRECTION('',(1.,0.,-0.));
#766 = DIRECTION('',(0.,0.,1.));
#767 = DEFINITIONAL_REPRESENTATION('',(#768),#771);
#768 = B_SPLINE_CURVE_WITH_KNOTS('',1,(#769,#770),.UNSPECIFIED.,.F.,.F.,
  (2,2),(-46.,14.),.PIECEWISE_BEZIER_KNOTS.);
#769 = CARTESIAN_POINT('',(1.,0.));
#770 = CARTESIAN_POINT('',(1.,-60.));
#771 = ( GEOMETRIC_REPRESENTATION_CONTEXT(2) 
PARAMETRIC_REPRESENTATION_CONTEXT() REPRESENTATION_CONTEXT('2D SPACE',''
  ) );
#772 = FACE_BOUND('',#773,.F.);
#773 = EDGE_LOOP('',(#774));
#774 = ORIENTED_EDGE('',*,*,#775,.F.);
#775 = EDGE_CURVE('',#776,#776,#778,.T.);
#776 = VERTEX_POINT('',#777);
#777 = CARTESIAN_POINT('',(1.65,-130.,626.));
#778 = SURFACE_CURVE('',#779,(#784,#791),.PCURVE_S1.);
#779 = CIRCLE('',#780,1.65);
#780 = AXIS2_PLACEMENT_3D('',#781,#782,#783);
#781 = CARTESIAN_POINT('',(0.,-130.,626.));
#782 = DIRECTION('',(0.,0.,1.));
#783 = DIRECTION('',(1.,0.,-0.));
#784 = PCURVE('',#126,#785);
#785 = DEFINITIONAL_REPRESENTATION('',(#786),#790);
#786 = CIRCLE('',#787,1.65);
#787 = AXIS2_PLACEMENT_2D('',#788,#789);
#788 = CARTESIAN_POINT('',(8.156964736144E-15,-130.));
#789 = DIRECTION('',(1.,0.));
#790 = ( GEOMETRIC_REPRESENTATION_CONTEXT(2) 
PARAMETRIC_REPRESENTATION_CONTEXT() REPRESENTATION_CONTEXT('2D SPACE',''
  ) );
#791 = PCURVE('',#792,#797);
#792 = CYLINDRICAL_SURFACE('',#793,1.65);
#793 = AXIS2_PLACEMENT_3D('',#794,#795,#796);
#794 = CARTESIAN_POINT('',(0.,-130.,625.));
#795 = DIRECTION('',(0.,0.,1.));
#796 = DIRECTION('',(1.,0.,-0.));
#797 = DEFINITIONAL_REPRESENTATION('',(#798),#802);
#798 = LINE('',#799,#800);
#799 = CARTESIAN_POINT('',(0.,1.));
#800 = VECTOR('',#801,1.);
#801 = DIRECTION('',(1.,0.));
#802 = ( GEOMETRIC_REPRESENTATION_CONTEXT(2) 
PARAMETRIC_REPRESENTATION_CONTEXT() REPRESENTATION_CONTEXT('2D SPACE',''
  ) );
#803 = FACE_BOUND('',#804,.F.);
#804 = EDGE_LOOP('',(#805));
#805 = ORIENTED_EDGE('',*,*,#806,.F.);
#806 = EDGE_CURVE('',#807,#807,#809,.T.);
#807 = VERTEX_POINT('',#808);
#808 = CARTESIAN_POINT('',(2.15,-121.5,626.));
#809 = SURFACE_CURVE('',#810,(#815,#822),.PCURVE_S1.);
#810 = CIRCLE('',#811,2.15);
#811 = AXIS2_PLACEMENT_3D('',#812,#813,#814);
#812 = CARTESIAN_POINT('',(0.,-121.5,626.));
#813 = DIRECTION('',(0.,0.,1.));
#814 = DIRECTION('',(1.,0.,-0.));
#815 = PCURVE('',#126,#816);
#816 = DEFINITIONAL_REPRESENTATION('',(#817),#821);
#817 = CIRCLE('',#818,2.15);
#818 = AXIS2_PLACEMENT_2D('',#819,#820);
#819 = CARTESIAN_POINT('',(8.156964736144E-15,-121.5));
#820 = DIRECTION('',(1.,0.));
#821 = ( GEOMETRIC_REPRESENTATION_CONTEXT(2) 
PARAMETRIC_REPRESENTATION_CONTEXT() REPRESENTATION_CONTEXT('2D SPACE',''
  ) );
#822 = PCURVE('',#823,#828);
#823 = CYLINDRICAL_SURFACE('',#824,2.15);
#824 = AXIS2_PLACEMENT_3D('',#825,#826,#827);
#825 = CARTESIAN_POINT('',(0.,-121.5,625.));
#826 = DIRECTION('',(0.,0.,1.));
#827 = DIRECTION('',(1.,0.,-0.));
#828 = DEFINITIONAL_REPRESENTATION('',(#829),#833);
#829 = LINE('',#830,#831);
#830 = CARTESIAN_POINT('',(0.,1.));
#831 = VECTOR('',#832,1.);
#832 = DIRECTION('',(1.,0.));
#833 = ( GEOMETRIC_REPRESENTATION_CONTEXT(2) 
PARAMETRIC_REPRESENTATION_CONTEXT() REPRESENTATION_CONTEXT('2D SPACE',''
  ) );
#834 = FACE_BOUND('',#835,.F.);
#835 = EDGE_LOOP('',(#836,#864,#890,#916));
#836 = ORIENTED_EDGE('',*,*,#837,.T.);
#837 = EDGE_CURVE('',#838,#840,#842,.T.);
#838 = VERTEX_POINT('',#839);
#839 = CARTESIAN_POINT('',(75.,-113.5,626.));
#840 = VERTEX_POINT('',#841);
#841 = CARTESIAN_POINT('',(45.,-113.5,626.));
#842 = SURFACE_CURVE('',#843,(#847,#853),.PCURVE_S1.);
#843 = LINE('',#844,#845);
#844 = CARTESIAN_POINT('',(22.5,-113.5,626.));
#845 = VECTOR('',#846,1.);
#846 = DIRECTION('',(-1.,-0.,0.));
#847 = PCURVE('',#126,#848);
#848 = DEFINITIONAL_REPRESENTATION('',(#849),#852);
#849 = B_SPLINE_CURVE_WITH_KNOTS('',1,(#850,#851),.UNSPECIFIED.,.F.,.F.,
  (2,2),(-52.5,-22.5),.PIECEWISE_BEZIER_KNOTS.);
#850 = CARTESIAN_POINT('',(75.,-113.5));
#851 = CARTESIAN_POINT('',(45.,-113.5));
#852 = ( GEOMETRIC_REPRESENTATION_CONTEXT(2) 
PARAMETRIC_REPRESENTATION_CONTEXT() REPRESENTATION_CONTEXT('2D SPACE',''
  ) );
#853 = PCURVE('',#854,#859);
#854 = PLANE('',#855);
#855 = AXIS2_PLACEMENT_3D('',#856,#857,#858);
#856 = CARTESIAN_POINT('',(45.,-113.5,625.));
#857 = DIRECTION('',(-0.,1.,0.));
#858 = DIRECTION('',(0.,0.,1.));
#859 = DEFINITIONAL_REPRESENTATION('',(#860),#863);
#860 = B_SPLINE_CURVE_WITH_KNOTS('',1,(#861,#862),.UNSPECIFIED.,.F.,.F.,
  (2,2),(-52.5,-22.5),.PIECEWISE_BEZIER_KNOTS.);
#861 = CARTESIAN_POINT('',(1.,30.));
#862 = CARTESIAN_POINT('',(1.,0.));
#863 = ( GEOMETRIC_REPRESENTATION_CONTEXT(2) 
PARAMETRIC_REPRESENTATION_CONTEXT() REPRESENTATION_CONTEXT('2D SPACE',''
  ) );
#864 = ORIENTED_EDGE('',*,*,#865,.T.);
#865 = EDGE_CURVE('',#840,#866,#868,.T.);
#866 = VERTEX_POINT('',#867);
#867 = CARTESIAN_POINT('',(45.,-109.5,626.));
#868 = SURFACE_CURVE('',#869,(#873,#879),.PCURVE_S1.);
#869 = LINE('',#870,#871);
#870 = CARTESIAN_POINT('',(45.,-56.75,626.));
#871 = VECTOR('',#872,1.);
#872 = DIRECTION('',(-0.,1.,0.));
#873 = PCURVE('',#126,#874);
#874 = DEFINITIONAL_REPRESENTATION('',(#875),#878);
#875 = B_SPLINE_CURVE_WITH_KNOTS('',1,(#876,#877),.UNSPECIFIED.,.F.,.F.,
  (2,2),(-56.75,-52.75),.PIECEWISE_BEZIER_KNOTS.);
#876 = CARTESIAN_POINT('',(45.,-113.5));
#877 = CARTESIAN_POINT('',(45.,-109.5));
#878 = ( GEOMETRIC_REPRESENTATION_CONTEXT(2) 
PARAMETRIC_REPRESENTATION_CONTEXT() REPRESENTATION_CONTEXT('2D SPACE',''
  ) );
#879 = PCURVE('',#880,#885);
#880 = PLANE('',#881);
#881 = AXIS2_PLACEMENT_3D('',#882,#883,#884);
#882 = CARTESIAN_POINT('',(45.,-113.5,625.));
#883 = DIRECTION('',(1.,0.,-0.));
#884 = DIRECTION('',(0.,0.,1.));
#885 = DEFINITIONAL_REPRESENTATION('',(#886),#889);
#886 = B_SPLINE_CURVE_WITH_KNOTS('',1,(#887,#888),.UNSPECIFIED.,.F.,.F.,
  (2,2),(-56.75,-52.75),.PIECEWISE_BEZIER_KNOTS.);
#887 = CARTESIAN_POINT('',(1.,0.));
#888 = CARTESIAN_POINT('',(1.,-4.));
#889 = ( GEOMETRIC_REPRESENTATION_CONTEXT(2) 
PARAMETRIC_REPRESENTATION_CONTEXT() REPRESENTATION_CONTEXT('2D SPACE',''
  ) );
#890 = ORIENTED_EDGE('',*,*,#891,.F.);
#891 = EDGE_CURVE('',#892,#866,#894,.T.);
#892 = VERTEX_POINT('',#893);
#893 = CARTESIAN_POINT('',(75.,-109.5,626.));
#894 = SURFACE_CURVE('',#895,(#899,#905),.PCURVE_S1.);
#895 = LINE('',#896,#897);
#896 = CARTESIAN_POINT('',(22.5,-109.5,626.));
#897 = VECTOR('',#898,1.);
#898 = DIRECTION('',(-1.,-0.,0.));
#899 = PCURVE('',#126,#900);
#900 = DEFINITIONAL_REPRESENTATION('',(#901),#904);
#901 = B_SPLINE_CURVE_WITH_KNOTS('',1,(#902,#903),.UNSPECIFIED.,.F.,.F.,
  (2,2),(-52.5,-22.5),.PIECEWISE_BEZIER_KNOTS.);
#902 = CARTESIAN_POINT('',(75.,-109.5));
#903 = CARTESIAN_POINT('',(45.,-109.5));
#904 = ( GEOMETRIC_REPRESENTATION_CONTEXT(2) 
PARAMETRIC_REPRESENTATION_CONTEXT() REPRESENTATION_CONTEXT('2D SPACE',''
  ) );
#905 = PCURVE('',#906,#911);
#906 = PLANE('',#907);
#907 = AXIS2_PLACEMENT_3D('',#908,#909,#910);
#908 = CARTESIAN_POINT('',(45.,-109.5,625.));
#909 = DIRECTION('',(-0.,1.,0.));
#910 = DIRECTION('',(0.,0.,1.));
#911 = DEFINITIONAL_REPRESENTATION('',(#912),#915);
#912 = B_SPLINE_CURVE_WITH_KNOTS('',1,(#913,#914),.UNSPECIFIED.,.F.,.F.,
  (2,2),(-52.5,-22.5),.PIECEWISE_BEZIER_KNOTS.);
#913 = CARTESIAN_POINT('',(1.,30.));
#914 = CARTESIAN_POINT('',(1.,0.));
#915 = ( GEOMETRIC_REPRESENTATION_CONTEXT(2) 
PARAMETRIC_REPRESENTATION_CONTEXT() REPRESENTATION_CONTEXT('2D SPACE',''
  ) );
#916 = ORIENTED_EDGE('',*,*,#917,.F.);
#917 = EDGE_CURVE('',#838,#892,#918,.T.);
#918 = SURFACE_CURVE('',#919,(#923,#929),.PCURVE_S1.);
#919 = LINE('',#920,#921);
#920 = CARTESIAN_POINT('',(75.,-56.75,626.));
#921 = VECTOR('',#922,1.);
#922 = DIRECTION('',(-0.,1.,0.));
#923 = PCURVE('',#126,#924);
#924 = DEFINITIONAL_REPRESENTATION('',(#925),#928);
#925 = B_SPLINE_CURVE_WITH_KNOTS('',1,(#926,#927),.UNSPECIFIED.,.F.,.F.,
  (2,2),(-56.75,-52.75),.PIECEWISE_BEZIER_KNOTS.);
#926 = CARTESIAN_POINT('',(75.,-113.5));
#927 = CARTESIAN_POINT('',(75.,-109.5));
#928 = ( GEOMETRIC_REPRESENTATION_CONTEXT(2) 
PARAMETRIC_REPRESENTATION_CONTEXT() REPRESENTATION_CONTEXT('2D SPACE',''
  ) );
#929 = PCURVE('',#930,#935);
#930 = PLANE('',#931);
#931 = AXIS2_PLACEMENT_3D('',#932,#933,#934);
#932 = CARTESIAN_POINT('',(75.,-113.5,625.));
#933 = DIRECTION('',(1.,0.,-0.));
#934 = DIRECTION('',(0.,0.,1.));
#935 = DEFINITIONAL_REPRESENTATION('',(#936),#939);
#936 = B_SPLINE_CURVE_WITH_KNOTS('',1,(#937,#938),.UNSPECIFIED.,.F.,.F.,
  (2,2),(-56.75,-52.75),.PIECEWISE_BEZIER_KNOTS.);
#937 = CARTESIAN_POINT('',(1.,0.));
#938 = CARTESIAN_POINT('',(1.,-4.));
#939 = ( GEOMETRIC_REPRESENTATION_CONTEXT(2) 
PARAMETRIC_REPRESENTATION_CONTEXT() REPRESENTATION_CONTEXT('2D SPACE',''
  ) );
#940 = FACE_BOUND('',#941,.F.);
#941 = EDGE_LOOP('',(#942));
#942 = ORIENTED_EDGE('',*,*,#943,.F.);
#943 = EDGE_CURVE('',#944,#944,#946,.T.);
#944 = VERTEX_POINT('',#945);
#945 = CARTESIAN_POINT('',(152.15,-121.5,626.));
#946 = SURFACE_CURVE('',#947,(#952,#959),.PCURVE_S1.);
#947 = CIRCLE('',#948,2.15);
#948 = AXIS2_PLACEMENT_3D('',#949,#950,#951);
#949 = CARTESIAN_POINT('',(150.,-121.5,626.));
#950 = DIRECTION('',(0.,0.,1.));
#951 = DIRECTION('',(1.,0.,-0.));
#952 = PCURVE('',#126,#953);
#953 = DEFINITIONAL_REPRESENTATION('',(#954),#958);
#954 = CIRCLE('',#955,2.15);
#955 = AXIS2_PLACEMENT_2D('',#956,#957);
#956 = CARTESIAN_POINT('',(150.,-121.5));
#957 = DIRECTION('',(1.,0.));
#958 = ( GEOMETRIC_REPRESENTATION_CONTEXT(2) 
PARAMETRIC_REPRESENTATION_CONTEXT() REPRESENTATION_CONTEXT('2D SPACE',''
  ) );
#959 = PCURVE('',#960,#965);
#960 = CYLINDRICAL_SURFACE('',#961,2.15);
#961 = AXIS2_PLACEMENT_3D('',#962,#963,#964);
#962 = CARTESIAN_POINT('',(150.,-121.5,625.));
#963 = DIRECTION('',(0.,0.,1.));
#964 = DIRECTION('',(1.,0.,-0.));
#965 = DEFINITIONAL_REPRESENTATION('',(#966),#970);
#966 = LINE('',#967,#968);
#967 = CARTESIAN_POINT('',(0.,1.));
#968 = VECTOR('',#969,1.);
#969 = DIRECTION('',(1.,0.));
#970 = ( GEOMETRIC_REPRESENTATION_CONTEXT(2) 
PARAMETRIC_REPRESENTATION_CONTEXT() REPRESENTATION_CONTEXT('2D SPACE',''
  ) );
#971 = FACE_BOUND('',#972,.F.);
#972 = EDGE_LOOP('',(#973,#1001,#1027,#1053));
#973 = ORIENTED_EDGE('',*,*,#974,.T.);
#974 = EDGE_CURVE('',#975,#977,#979,.T.);
#975 = VERTEX_POINT('',#976);
#976 = CARTESIAN_POINT('',(165.,-113.5,626.));
#977 = VERTEX_POINT('',#978);
#978 = CARTESIAN_POINT('',(135.,-113.5,626.));
#979 = SURFACE_CURVE('',#980,(#984,#990),.PCURVE_S1.);
#980 = LINE('',#981,#982);
#981 = CARTESIAN_POINT('',(67.5,-113.5,626.));
#982 = VECTOR('',#983,1.);
#983 = DIRECTION('',(-1.,-0.,0.));
#984 = PCURVE('',#126,#985);
#985 = DEFINITIONAL_REPRESENTATION('',(#986),#989);
#986 = B_SPLINE_CURVE_WITH_KNOTS('',1,(#987,#988),.UNSPECIFIED.,.F.,.F.,
  (2,2),(-97.5,-67.5),.PIECEWISE_BEZIER_KNOTS.);
#987 = CARTESIAN_POINT('',(165.,-113.5));
#988 = CARTESIAN_POINT('',(135.,-113.5));
#989 = ( GEOMETRIC_REPRESENTATION_CONTEXT(2) 
PARAMETRIC_REPRESENTATION_CONTEXT() REPRESENTATION_CONTEXT('2D SPACE',''
  ) );
#990 = PCURVE('',#991,#996);
#991 = PLANE('',#992);
#992 = AXIS2_PLACEMENT_3D('',#993,#994,#995);
#993 = CARTESIAN_POINT('',(135.,-113.5,625.));
#994 = DIRECTION('',(-0.,1.,0.));
#995 = DIRECTION('',(0.,0.,1.));
#996 = DEFINITIONAL_REPRESENTATION('',(#997),#1000);
#997 = B_SPLINE_CURVE_WITH_KNOTS('',1,(#998,#999),.UNSPECIFIED.,.F.,.F.,
  (2,2),(-97.5,-67.5),.PIECEWISE_BEZIER_KNOTS.);
#998 = CARTESIAN_POINT('',(1.,30.));
#999 = CARTESIAN_POINT('',(1.,0.));
#1000 = ( GEOMETRIC_REPRESENTATION_CONTEXT(2) 
PARAMETRIC_REPRESENTATION_CONTEXT() REPRESENTATION_CONTEXT('2D SPACE',''
  ) );
#1001 = ORIENTED_EDGE('',*,*,#1002,.T.);
#1002 = EDGE_CURVE('',#977,#1003,#1005,.T.);
#1003 = VERTEX_POINT('',#1004);
#1004 = CARTESIAN_POINT('',(135.,-109.5,626.));
#1005 = SURFACE_CURVE('',#1006,(#1010,#1016),.PCURVE_S1.);
#1006 = LINE('',#1007,#1008);
#1007 = CARTESIAN_POINT('',(135.,-56.75,626.));
#1008 = VECTOR('',#1009,1.);
#1009 = DIRECTION('',(-0.,1.,0.));
#1010 = PCURVE('',#126,#1011);
#1011 = DEFINITIONAL_REPRESENTATION('',(#1012),#1015);
#1012 = B_SPLINE_CURVE_WITH_KNOTS('',1,(#1013,#1014),.UNSPECIFIED.,.F.,
  .F.,(2,2),(-56.75,-52.75),.PIECEWISE_BEZIER_KNOTS.);
#1013 = CARTESIAN_POINT('',(135.,-113.5));
#1014 = CARTESIAN_POINT('',(135.,-109.5));
#1015 = ( GEOMETRIC_REPRESENTATION_CONTEXT(2) 
PARAMETRIC_REPRESENTATION_CONTEXT() REPRESENTATION_CONTEXT('2D SPACE',''
  ) );
#1016 = PCURVE('',#1017,#1022);
#1017 = PLANE('',#1018);
#1018 = AXIS2_PLACEMENT_3D('',#1019,#1020,#1021);
#1019 = CARTESIAN_POINT('',(135.,-113.5,625.));
#1020 = DIRECTION('',(1.,0.,-0.));
#1021 = DIRECTION('',(0.,0.,1.));
#1022 = DEFINITIONAL_REPRESENTATION('',(#1023),#1026);
#1023 = B_SPLINE_CURVE_WITH_KNOTS('',1,(#1024,#1025),.UNSPECIFIED.,.F.,
  .F.,(2,2),(-56.75,-52.75),.PIECEWISE_BEZIER_KNOTS.);
#1024 = CARTESIAN_POINT('',(1.,0.));
#1025 = CARTESIAN_POINT('',(1.,-4.));
#1026 = ( GEOMETRIC_REPRESENTATION_CONTEXT(2) 
PARAMETRIC_REPRESENTATION_CONTEXT() REPRESENTATION_CONTEXT('2D SPACE',''
  ) );
#1027 = ORIENTED_EDGE('',*,*,#1028,.F.);
#1028 = EDGE_CURVE('',#1029,#1003,#1031,.T.);
#1029 = VERTEX_POINT('',#1030);
#1030 = CARTESIAN_POINT('',(165.,-109.5,626.));
#1031 = SURFACE_CURVE('',#1032,(#1036,#1042),.PCURVE_S1.);
#1032 = LINE('',#1033,#1034);
#1033 = CARTESIAN_POINT('',(67.5,-109.5,626.));
#1034 = VECTOR('',#1035,1.);
#1035 = DIRECTION('',(-1.,-0.,0.));
#1036 = PCURVE('',#126,#1037);
#1037 = DEFINITIONAL_REPRESENTATION('',(#1038),#1041);
#1038 = B_SPLINE_CURVE_WITH_KNOTS('',1,(#1039,#1040),.UNSPECIFIED.,.F.,
  .F.,(2,2),(-97.5,-67.5),.PIECEWISE_BEZIER_KNOTS.);
#1039 = CARTESIAN_POINT('',(165.,-109.5));
#1040 = CARTESIAN_POINT('',(135.,-109.5));
#1041 = ( GEOMETRIC_REPRESENTATION_CONTEXT(2) 
PARAMETRIC_REPRESENTATION_CONTEXT() REPRESENTATION_CONTEXT('2D SPACE',''
  ) );
#1042 = PCURVE('',#1043,#1048);
#1043 = PLANE('',#1044);
#1044 = AXIS2_PLACEMENT_3D('',#1045,#1046,#1047);
#1045 = CARTESIAN_POINT('',(135.,-109.5,625.));
#1046 = DIRECTION('',(-0.,1.,0.));
#1047 = DIRECTION('',(0.,0.,1.));
#1048 = DEFINITIONAL_REPRESENTATION('',(#1049),#1052);
#1049 = B_SPLINE_CURVE_WITH_KNOTS('',1,(#1050,#1051),.UNSPECIFIED.,.F.,
  .F.,(2,2),(-97.5,-67.5),.PIECEWISE_BEZIER_KNOTS.);
#1050 = CARTESIAN_POINT('',(1.,30.));
#1051 = CARTESIAN_POINT('',(1.,0.));
#1052 = ( GEOMETRIC_REPRESENTATION_CONTEXT(2) 
PARAMETRIC_REPRESENTATION_CONTEXT() REPRESENTATION_CONTEXT('2D SPACE',''
  ) );
#1053 = ORIENTED_EDGE('',*,*,#1054,.F.);
#1054 = EDGE_CURVE('',#975,#1029,#1055,.T.);
#1055 = SURFACE_CURVE('',#1056,(#1060,#1066),.PCURVE_S1.);
#1056 = LINE('',#1057,#1058);
#1057 = CARTESIAN_POINT('',(165.,-56.75,626.));
#1058 = VECTOR('',#1059,1.);
#1059 = DIRECTION('',(-0.,1.,0.));
#1060 = PCURVE('',#126,#1061);
#1061 = DEFINITIONAL_REPRESENTATION('',(#1062),#1065);
#1062 = B_SPLINE_CURVE_WITH_KNOTS('',1,(#1063,#1064),.UNSPECIFIED.,.F.,
  .F.,(2,2),(-56.75,-52.75),.PIECEWISE_BEZIER_KNOTS.);
#1063 = CARTESIAN_POINT('',(165.,-113.5));
#1064 = CARTESIAN_POINT('',(165.,-109.5));
#1065 = ( GEOMETRIC_REPRESENTATION_CONTEXT(2) 
PARAMETRIC_REPRESENTATION_CONTEXT() REPRESENTATION_CONTEXT('2D SPACE',''
  ) );
#1066 = PCURVE('',#1067,#1072);
#1067 = PLANE('',#1068);
#1068 = AXIS2_PLACEMENT_3D('',#1069,#1070,#1071);
#1069 = CARTESIAN_POINT('',(165.,-113.5,625.));
#1070 = DIRECTION('',(1.,0.,-0.));
#1071 = DIRECTION('',(0.,0.,1.));
#1072 = DEFINITIONAL_REPRESENTATION('',(#1073),#1076);
#1073 = B_SPLINE_CURVE_WITH_KNOTS('',1,(#1074,#1075),.UNSPECIFIED.,.F.,
  .F.,(2,2),(-56.75,-52.75),.PIECEWISE_BEZIER_KNOTS.);
#1074 = CARTESIAN_POINT('',(1.,0.));
#1075 = CARTESIAN_POINT('',(1.,-4.));
#1076 = ( GEOMETRIC_REPRESENTATION_CONTEXT(2) 
PARAMETRIC_REPRESENTATION_CONTEXT() REPRESENTATION_CONTEXT('2D SPACE',''
  ) );
#1077 = FACE_BOUND('',#1078,.F.);
#1078 = EDGE_LOOP('',(#1079,#1107,#1133,#1159));
#1079 = ORIENTED_EDGE('',*,*,#1080,.T.);
#1080 = EDGE_CURVE('',#1081,#1083,#1085,.T.);
#1081 = VERTEX_POINT('',#1082);
#1082 = CARTESIAN_POINT('',(170.,-92.,626.));
#1083 = VERTEX_POINT('',#1084);
#1084 = CARTESIAN_POINT('',(50.,-92.,626.));
#1085 = SURFACE_CURVE('',#1086,(#1090,#1096),.PCURVE_S1.);
#1086 = LINE('',#1087,#1088);
#1087 = CARTESIAN_POINT('',(25.,-92.,626.));
#1088 = VECTOR('',#1089,1.);
#1089 = DIRECTION('',(-1.,-0.,0.));
#1090 = PCURVE('',#126,#1091);
#1091 = DEFINITIONAL_REPRESENTATION('',(#1092),#1095);
#1092 = B_SPLINE_CURVE_WITH_KNOTS('',1,(#1093,#1094),.UNSPECIFIED.,.F.,
  .F.,(2,2),(-145.,-25.),.PIECEWISE_BEZIER_KNOTS.);
#1093 = CARTESIAN_POINT('',(170.,-92.));
#1094 = CARTESIAN_POINT('',(50.,-92.));
#1095 = ( GEOMETRIC_REPRESENTATION_CONTEXT(2) 
PARAMETRIC_REPRESENTATION_CONTEXT() REPRESENTATION_CONTEXT('2D SPACE',''
  ) );
#1096 = PCURVE('',#1097,#1102);
#1097 = PLANE('',#1098);
#1098 = AXIS2_PLACEMENT_3D('',#1099,#1100,#1101);
#1099 = CARTESIAN_POINT('',(50.,-92.,625.));
#1100 = DIRECTION('',(-0.,1.,0.));
#1101 = DIRECTION('',(0.,0.,1.));
#1102 = DEFINITIONAL_REPRESENTATION('',(#1103),#1106);
#1103 = B_SPLINE_CURVE_WITH_KNOTS('',1,(#1104,#1105),.UNSPECIFIED.,.F.,
  .F.,(2,2),(-145.,-25.),.PIECEWISE_BEZIER_KNOTS.);
#1104 = CARTESIAN_POINT('',(1.,120.));
#1105 = CARTESIAN_POINT('',(1.,0.));
#1106 = ( GEOMETRIC_REPRESENTATION_CONTEXT(2) 
PARAMETRIC_REPRESENTATION_CONTEXT() REPRESENTATION_CONTEXT('2D SPACE',''
  ) );
#1107 = ORIENTED_EDGE('',*,*,#1108,.T.);
#1108 = EDGE_CURVE('',#1083,#1109,#1111,.T.);
#1109 = VERTEX_POINT('',#1110);
#1110 = CARTESIAN_POINT('',(50.,-32.,626.));
#1111 = SURFACE_CURVE('',#1112,(#1116,#1122),.PCURVE_S1.);
#1112 = LINE('',#1113,#1114);
#1113 = CARTESIAN_POINT('',(50.,-46.,626.));
#1114 = VECTOR('',#1115,1.);
#1115 = DIRECTION('',(-0.,1.,0.));
#1116 = PCURVE('',#126,#1117);
#1117 = DEFINITIONAL_REPRESENTATION('',(#1118),#1121);
#1118 = B_SPLINE_CURVE_WITH_KNOTS('',1,(#1119,#1120),.UNSPECIFIED.,.F.,
  .F.,(2,2),(-46.,14.),.PIECEWISE_BEZIER_KNOTS.);
#1119 = CARTESIAN_POINT('',(50.,-92.));
#1120 = CARTESIAN_POINT('',(50.,-32.));
#1121 = ( GEOMETRIC_REPRESENTATION_CONTEXT(2) 
PARAMETRIC_REPRESENTATION_CONTEXT() REPRESENTATION_CONTEXT('2D SPACE',''
  ) );
#1122 = PCURVE('',#1123,#1128);
#1123 = PLANE('',#1124);
#1124 = AXIS2_PLACEMENT_3D('',#1125,#1126,#1127);
#1125 = CARTESIAN_POINT('',(50.,-92.,625.));
#1126 = DIRECTION('',(1.,0.,-0.));
#1127 = DIRECTION('',(0.,0.,1.));
#1128 = DEFINITIONAL_REPRESENTATION('',(#1129),#1132);
#1129 = B_SPLINE_CURVE_WITH_KNOTS('',1,(#1130,#1131),.UNSPECIFIED.,.F.,
  .F.,(2,2),(-46.,14.),.PIECEWISE_BEZIER_KNOTS.);
#1130 = CARTESIAN_POINT('',(1.,0.));
#1131 = CARTESIAN_POINT('',(1.,-60.));
#1132 = ( GEOMETRIC_REPRESENTATION_CONTEXT(2) 
PARAMETRIC_REPRESENTATION_CONTEXT() REPRESENTATION_CONTEXT('2D SPACE',''
  ) );
#1133 = ORIENTED_EDGE('',*,*,#1134,.F.);
#1134 = EDGE_CURVE('',#1135,#1109,#1137,.T.);
#1135 = VERTEX_POINT('',#1136);
#1136 = CARTESIAN_POINT('',(170.,-32.,626.));
#1137 = SURFACE_CURVE('',#1138,(#1142,#1148),.PCURVE_S1.);
#1138 = LINE('',#1139,#1140);
#1139 = CARTESIAN_POINT('',(25.,-32.,626.));
#1140 = VECTOR('',#1141,1.);
#1141 = DIRECTION('',(-1.,-0.,0.));
#1142 = PCURVE('',#126,#1143);
#1143 = DEFINITIONAL_REPRESENTATION('',(#1144),#1147);
#1144 = B_SPLINE_CURVE_WITH_KNOTS('',1,(#1145,#1146),.UNSPECIFIED.,.F.,
  .F.,(2,2),(-145.,-25.),.PIECEWISE_BEZIER_KNOTS.);
#1145 = CARTESIAN_POINT('',(170.,-32.));
#1146 = CARTESIAN_POINT('',(50.,-32.));
#1147 = ( GEOMETRIC_REPRESENTATION_CONTEXT(2) 
PARAMETRIC_REPRESENTATION_CONTEXT() REPRESENTATION_CONTEXT('2D SPACE',''
  ) );
#1148 = PCURVE('',#1149,#1154);
#1149 = PLANE('',#1150);
#1150 = AXIS2_PLACEMENT_3D('',#1151,#1152,#1153);
#1151 = CARTESIAN_POINT('',(50.,-32.,625.));
#1152 = DIRECTION('',(-0.,1.,0.));
#1153 = DIRECTION('',(0.,0.,1.));
#1154 = DEFINITIONAL_REPRESENTATION('',(#1155),#1158);
#1155 = B_SPLINE_CURVE_WITH_KNOTS('',1,(#1156,#1157),.UNSPECIFIED.,.F.,
  .F.,(2,2),(-145.,-25.),.PIECEWISE_BEZIER_KNOTS.);
#1156 = CARTESIAN_POINT('',(1.,120.));
#1157 = CARTESIAN_POINT('',(1.,0.));
#1158 = ( GEOMETRIC_REPRESENTATION_CONTEXT(2) 
PARAMETRIC_REPRESENTATION_CONTEXT() REPRESENTATION_CONTEXT('2D SPACE',''
  ) );
#1159 = ORIENTED_EDGE('',*,*,#1160,.F.);
#1160 = EDGE_CURVE('',#1081,#1135,#1161,.T.);
#1161 = SURFACE_CURVE('',#1162,(#1166,#1172),.PCURVE_S1.);
#1162 = LINE('',#1163,#1164);
#1163 = CARTESIAN_POINT('',(170.,-46.,626.));
#1164 = VECTOR('',#1165,1.);
#1165 = DIRECTION('',(-0.,1.,0.));
#1166 = PCURVE('',#126,#1167);
#1167 = DEFINITIONAL_REPRESENTATION('',(#1168),#1171);
#1168 = B_SPLINE_CURVE_WITH_KNOTS('',1,(#1169,#1170),.UNSPECIFIED.,.F.,
  .F.,(2,2),(-46.,14.),.PIECEWISE_BEZIER_KNOTS.);
#1169 = CARTESIAN_POINT('',(170.,-92.));
#1170 = CARTESIAN_POINT('',(170.,-32.));
#1171 = ( GEOMETRIC_REPRESENTATION_CONTEXT(2) 
PARAMETRIC_REPRESENTATION_CONTEXT() REPRESENTATION_CONTEXT('2D SPACE',''
  ) );
#1172 = PCURVE('',#1173,#1178);
#1173 = PLANE('',#1174);
#1174 = AXIS2_PLACEMENT_3D('',#1175,#1176,#1177);
#1175 = CARTESIAN_POINT('',(170.,-92.,625.));
#1176 = DIRECTION('',(1.,0.,-0.));
#1177 = DIRECTION('',(0.,0.,1.));
#1178 = DEFINITIONAL_REPRESENTATION('',(#1179),#1182);
#1179 = B_SPLINE_CURVE_WITH_KNOTS('',1,(#1180,#1181),.UNSPECIFIED.,.F.,
  .F.,(2,2),(-46.,14.),.PIECEWISE_BEZIER_KNOTS.);
#1180 = CARTESIAN_POINT('',(1.,0.));
#1181 = CARTESIAN_POINT('',(1.,-60.));
#1182 = ( GEOMETRIC_REPRESENTATION_CONTEXT(2) 
PARAMETRIC_REPRESENTATION_CONTEXT() REPRESENTATION_CONTEXT('2D SPACE',''
  ) );
#1183 = FACE_BOUND('',#1184,.F.);
#1184 = EDGE_LOOP('',(#1185));
#1185 = ORIENTED_EDGE('',*,*,#1186,.F.);
#1186 = EDGE_CURVE('',#1187,#1187,#1189,.T.);
#1187 = VERTEX_POINT('',#1188);
#1188 = CARTESIAN_POINT('',(-128.35,-4.041334437186E-16,626.));
#1189 = SURFACE_CURVE('',#1190,(#1195,#1202),.PCURVE_S1.);
#1190 = CIRCLE('',#1191,1.65);
#1191 = AXIS2_PLACEMENT_3D('',#1192,#1193,#1194);
#1192 = CARTESIAN_POINT('',(-130.,0.,626.));
#1193 = DIRECTION('',(0.,0.,1.));
#1194 = DIRECTION('',(1.,0.,-0.));
#1195 = PCURVE('',#126,#1196);
#1196 = DEFINITIONAL_REPRESENTATION('',(#1197),#1201);
#1197 = CIRCLE('',#1198,1.65);
#1198 = AXIS2_PLACEMENT_2D('',#1199,#1200);
#1199 = CARTESIAN_POINT('',(-130.,0.));
#1200 = DIRECTION('',(1.,0.));
#1201 = ( GEOMETRIC_REPRESENTATION_CONTEXT(2) 
PARAMETRIC_REPRESENTATION_CONTEXT() REPRESENTATION_CONTEXT('2D SPACE',''
  ) );
#1202 = PCURVE('',#1203,#1208);
#1203 = CYLINDRICAL_SURFACE('',#1204,1.65);
#1204 = AXIS2_PLACEMENT_3D('',#1205,#1206,#1207);
#1205 = CARTESIAN_POINT('',(-130.,0.,625.));
#1206 = DIRECTION('',(0.,0.,1.));
#1207 = DIRECTION('',(1.,0.,-0.));
#1208 = DEFINITIONAL_REPRESENTATION('',(#1209),#1213);
#1209 = LINE('',#1210,#1211);
#1210 = CARTESIAN_POINT('',(0.,1.));
#1211 = VECTOR('',#1212,1.);
#1212 = DIRECTION('',(1.,0.));
#1213 = ( GEOMETRIC_REPRESENTATION_CONTEXT(2) 
PARAMETRIC_REPRESENTATION_CONTEXT() REPRESENTATION_CONTEXT('2D SPACE',''
  ) );
#1214 = FACE_BOUND('',#1215,.F.);
#1215 = EDGE_LOOP('',(#1216,#1244,#1270,#1296));
#1216 = ORIENTED_EDGE('',*,*,#1217,.T.);
#1217 = EDGE_CURVE('',#1218,#1220,#1222,.T.);
#1218 = VERTEX_POINT('',#1219);
#1219 = CARTESIAN_POINT('',(-50.,32.,626.));
#1220 = VERTEX_POINT('',#1221);
#1221 = CARTESIAN_POINT('',(-170.,32.,626.));
#1222 = SURFACE_CURVE('',#1223,(#1227,#1233),.PCURVE_S1.);
#1223 = LINE('',#1224,#1225);
#1224 = CARTESIAN_POINT('',(-85.,32.,626.));
#1225 = VECTOR('',#1226,1.);
#1226 = DIRECTION('',(-1.,-0.,0.));
#1227 = PCURVE('',#126,#1228);
#1228 = DEFINITIONAL_REPRESENTATION('',(#1229),#1232);
#1229 = B_SPLINE_CURVE_WITH_KNOTS('',1,(#1230,#1231),.UNSPECIFIED.,.F.,
  .F.,(2,2),(-35.,85.),.PIECEWISE_BEZIER_KNOTS.);
#1230 = CARTESIAN_POINT('',(-50.,32.));
#1231 = CARTESIAN_POINT('',(-170.,32.));
#1232 = ( GEOMETRIC_REPRESENTATION_CONTEXT(2) 
PARAMETRIC_REPRESENTATION_CONTEXT() REPRESENTATION_CONTEXT('2D SPACE',''
  ) );
#1233 = PCURVE('',#1234,#1239);
#1234 = PLANE('',#1235);
#1235 = AXIS2_PLACEMENT_3D('',#1236,#1237,#1238);
#1236 = CARTESIAN_POINT('',(-170.,32.,625.));
#1237 = DIRECTION('',(-0.,1.,0.));
#1238 = DIRECTION('',(0.,0.,1.));
#1239 = DEFINITIONAL_REPRESENTATION('',(#1240),#1243);
#1240 = B_SPLINE_CURVE_WITH_KNOTS('',1,(#1241,#1242),.UNSPECIFIED.,.F.,
  .F.,(2,2),(-35.,85.),.PIECEWISE_BEZIER_KNOTS.);
#1241 = CARTESIAN_POINT('',(1.,120.));
#1242 = CARTESIAN_POINT('',(1.,0.));
#1243 = ( GEOMETRIC_REPRESENTATION_CONTEXT(2) 
PARAMETRIC_REPRESENTATION_CONTEXT() REPRESENTATION_CONTEXT('2D SPACE',''
  ) );
#1244 = ORIENTED_EDGE('',*,*,#1245,.T.);
#1245 = EDGE_CURVE('',#1220,#1246,#1248,.T.);
#1246 = VERTEX_POINT('',#1247);
#1247 = CARTESIAN_POINT('',(-170.,92.,626.));
#1248 = SURFACE_CURVE('',#1249,(#1253,#1259),.PCURVE_S1.);
#1249 = LINE('',#1250,#1251);
#1250 = CARTESIAN_POINT('',(-170.,16.,626.));
#1251 = VECTOR('',#1252,1.);
#1252 = DIRECTION('',(-0.,1.,0.));
#1253 = PCURVE('',#126,#1254);
#1254 = DEFINITIONAL_REPRESENTATION('',(#1255),#1258);
#1255 = B_SPLINE_CURVE_WITH_KNOTS('',1,(#1256,#1257),.UNSPECIFIED.,.F.,
  .F.,(2,2),(16.,76.),.PIECEWISE_BEZIER_KNOTS.);
#1256 = CARTESIAN_POINT('',(-170.,32.));
#1257 = CARTESIAN_POINT('',(-170.,92.));
#1258 = ( GEOMETRIC_REPRESENTATION_CONTEXT(2) 
PARAMETRIC_REPRESENTATION_CONTEXT() REPRESENTATION_CONTEXT('2D SPACE',''
  ) );
#1259 = PCURVE('',#1260,#1265);
#1260 = PLANE('',#1261);
#1261 = AXIS2_PLACEMENT_3D('',#1262,#1263,#1264);
#1262 = CARTESIAN_POINT('',(-170.,32.,625.));
#1263 = DIRECTION('',(1.,0.,-0.));
#1264 = DIRECTION('',(0.,0.,1.));
#1265 = DEFINITIONAL_REPRESENTATION('',(#1266),#1269);
#1266 = B_SPLINE_CURVE_WITH_KNOTS('',1,(#1267,#1268),.UNSPECIFIED.,.F.,
  .F.,(2,2),(16.,76.),.PIECEWISE_BEZIER_KNOTS.);
#1267 = CARTESIAN_POINT('',(1.,0.));
#1268 = CARTESIAN_POINT('',(1.,-60.));
#1269 = ( GEOMETRIC_REPRESENTATION_CONTEXT(2) 
PARAMETRIC_REPRESENTATION_CONTEXT() REPRESENTATION_CONTEXT('2D SPACE',''
  ) );
#1270 = ORIENTED_EDGE('',*,*,#1271,.F.);
#1271 = EDGE_CURVE('',#1272,#1246,#1274,.T.);
#1272 = VERTEX_POINT('',#1273);
#1273 = CARTESIAN_POINT('',(-50.,92.,626.));
#1274 = SURFACE_CURVE('',#1275,(#1279,#1285),.PCURVE_S1.);
#1275 = LINE('',#1276,#1277);
#1276 = CARTESIAN_POINT('',(-85.,92.,626.));
#1277 = VECTOR('',#1278,1.);
#1278 = DIRECTION('',(-1.,-0.,0.));
#1279 = PCURVE('',#126,#1280);
#1280 = DEFINITIONAL_REPRESENTATION('',(#1281),#1284);
#1281 = B_SPLINE_CURVE_WITH_KNOTS('',1,(#1282,#1283),.UNSPECIFIED.,.F.,
  .F.,(2,2),(-35.,85.),.PIECEWISE_BEZIER_KNOTS.);
#1282 = CARTESIAN_POINT('',(-50.,92.));
#1283 = CARTESIAN_POINT('',(-170.,92.));
#1284 = ( GEOMETRIC_REPRESENTATION_CONTEXT(2) 
PARAMETRIC_REPRESENTATION_CONTEXT() REPRESENTATION_CONTEXT('2D SPACE',''
  ) );
#1285 = PCURVE('',#1286,#1291);
#1286 = PLANE('',#1287);
#1287 = AXIS2_PLACEMENT_3D('',#1288,#1289,#1290);
#1288 = CARTESIAN_POINT('',(-170.,92.,625.));
#1289 = DIRECTION('',(-0.,1.,0.));
#1290 = DIRECTION('',(0.,0.,1.));
#1291 = DEFINITIONAL_REPRESENTATION('',(#1292),#1295);
#1292 = B_SPLINE_CURVE_WITH_KNOTS('',1,(#1293,#1294),.UNSPECIFIED.,.F.,
  .F.,(2,2),(-35.,85.),.PIECEWISE_BEZIER_KNOTS.);
#1293 = CARTESIAN_POINT('',(1.,120.));
#1294 = CARTESIAN_POINT('',(1.,0.));
#1295 = ( GEOMETRIC_REPRESENTATION_CONTEXT(2) 
PARAMETRIC_REPRESENTATION_CONTEXT() REPRESENTATION_CONTEXT('2D SPACE',''
  ) );
#1296 = ORIENTED_EDGE('',*,*,#1297,.F.);
#1297 = EDGE_CURVE('',#1218,#1272,#1298,.T.);
#1298 = SURFACE_CURVE('',#1299,(#1303,#1309),.PCURVE_S1.);
#1299 = LINE('',#1300,#1301);
#1300 = CARTESIAN_POINT('',(-50.,16.,626.));
#1301 = VECTOR('',#1302,1.);
#1302 = DIRECTION('',(-0.,1.,0.));
#1303 = PCURVE('',#126,#1304);
#1304 = DEFINITIONAL_REPRESENTATION('',(#1305),#1308);
#1305 = B_SPLINE_CURVE_WITH_KNOTS('',1,(#1306,#1307),.UNSPECIFIED.,.F.,
  .F.,(2,2),(16.,76.),.PIECEWISE_BEZIER_KNOTS.);
#1306 = CARTESIAN_POINT('',(-50.,32.));
#1307 = CARTESIAN_POINT('',(-50.,92.));
#1308 = ( GEOMETRIC_REPRESENTATION_CONTEXT(2) 
PARAMETRIC_REPRESENTATION_CONTEXT() REPRESENTATION_CONTEXT('2D SPACE',''
  ) );
#1309 = PCURVE('',#1310,#1315);
#1310 = PLANE('',#1311);
#1311 = AXIS2_PLACEMENT_3D('',#1312,#1313,#1314);
#1312 = CARTESIAN_POINT('',(-50.,32.,625.));
#1313 = DIRECTION('',(1.,0.,-0.));
#1314 = DIRECTION('',(0.,0.,1.));
#1315 = DEFINITIONAL_REPRESENTATION('',(#1316),#1319);
#1316 = B_SPLINE_CURVE_WITH_KNOTS('',1,(#1317,#1318),.UNSPECIFIED.,.F.,
  .F.,(2,2),(16.,76.),.PIECEWISE_BEZIER_KNOTS.);
#1317 = CARTESIAN_POINT('',(1.,0.));
#1318 = CARTESIAN_POINT('',(1.,-60.));
#1319 = ( GEOMETRIC_REPRESENTATION_CONTEXT(2) 
PARAMETRIC_REPRESENTATION_CONTEXT() REPRESENTATION_CONTEXT('2D SPACE',''
  ) );
#1320 = FACE_BOUND('',#1321,.F.);
#1321 = EDGE_LOOP('',(#1322,#1350,#1376,#1402));
#1322 = ORIENTED_EDGE('',*,*,#1323,.T.);
#1323 = EDGE_CURVE('',#1324,#1326,#1328,.T.);
#1324 = VERTEX_POINT('',#1325);
#1325 = CARTESIAN_POINT('',(-135.,109.5,626.));
#1326 = VERTEX_POINT('',#1327);
#1327 = CARTESIAN_POINT('',(-165.,109.5,626.));
#1328 = SURFACE_CURVE('',#1329,(#1333,#1339),.PCURVE_S1.);
#1329 = LINE('',#1330,#1331);
#1330 = CARTESIAN_POINT('',(-82.5,109.5,626.));
#1331 = VECTOR('',#1332,1.);
#1332 = DIRECTION('',(-1.,-0.,0.));
#1333 = PCURVE('',#126,#1334);
#1334 = DEFINITIONAL_REPRESENTATION('',(#1335),#1338);
#1335 = B_SPLINE_CURVE_WITH_KNOTS('',1,(#1336,#1337),.UNSPECIFIED.,.F.,
  .F.,(2,2),(52.5,82.5),.PIECEWISE_BEZIER_KNOTS.);
#1336 = CARTESIAN_POINT('',(-135.,109.5));
#1337 = CARTESIAN_POINT('',(-165.,109.5));
#1338 = ( GEOMETRIC_REPRESENTATION_CONTEXT(2) 
PARAMETRIC_REPRESENTATION_CONTEXT() REPRESENTATION_CONTEXT('2D SPACE',''
  ) );
#1339 = PCURVE('',#1340,#1345);
#1340 = PLANE('',#1341);
#1341 = AXIS2_PLACEMENT_3D('',#1342,#1343,#1344);
#1342 = CARTESIAN_POINT('',(-165.,109.5,625.));
#1343 = DIRECTION('',(-0.,1.,0.));
#1344 = DIRECTION('',(0.,0.,1.));
#1345 = DEFINITIONAL_REPRESENTATION('',(#1346),#1349);
#1346 = B_SPLINE_CURVE_WITH_KNOTS('',1,(#1347,#1348),.UNSPECIFIED.,.F.,
  .F.,(2,2),(52.5,82.5),.PIECEWISE_BEZIER_KNOTS.);
#1347 = CARTESIAN_POINT('',(1.,30.));
#1348 = CARTESIAN_POINT('',(1.,0.));
#1349 = ( GEOMETRIC_REPRESENTATION_CONTEXT(2) 
PARAMETRIC_REPRESENTATION_CONTEXT() REPRESENTATION_CONTEXT('2D SPACE',''
  ) );
#1350 = ORIENTED_EDGE('',*,*,#1351,.T.);
#1351 = EDGE_CURVE('',#1326,#1352,#1354,.T.);
#1352 = VERTEX_POINT('',#1353);
#1353 = CARTESIAN_POINT('',(-165.,113.5,626.));
#1354 = SURFACE_CURVE('',#1355,(#1359,#1365),.PCURVE_S1.);
#1355 = LINE('',#1356,#1357);
#1356 = CARTESIAN_POINT('',(-165.,54.75,626.));
#1357 = VECTOR('',#1358,1.);
#1358 = DIRECTION('',(-0.,1.,0.));
#1359 = PCURVE('',#126,#1360);
#1360 = DEFINITIONAL_REPRESENTATION('',(#1361),#1364);
#1361 = B_SPLINE_CURVE_WITH_KNOTS('',1,(#1362,#1363),.UNSPECIFIED.,.F.,
  .F.,(2,2),(54.75,58.75),.PIECEWISE_BEZIER_KNOTS.);
#1362 = CARTESIAN_POINT('',(-165.,109.5));
#1363 = CARTESIAN_POINT('',(-165.,113.5));
#1364 = ( GEOMETRIC_REPRESENTATION_CONTEXT(2) 
PARAMETRIC_REPRESENTATION_CONTEXT() REPRESENTATION_CONTEXT('2D SPACE',''
  ) );
#1365 = PCURVE('',#1366,#1371);
#1366 = PLANE('',#1367);
#1367 = AXIS2_PLACEMENT_3D('',#1368,#1369,#1370);
#1368 = CARTESIAN_POINT('',(-165.,109.5,625.));
#1369 = DIRECTION('',(1.,0.,-0.));
#1370 = DIRECTION('',(0.,0.,1.));
#1371 = DEFINITIONAL_REPRESENTATION('',(#1372),#1375);
#1372 = B_SPLINE_CURVE_WITH_KNOTS('',1,(#1373,#1374),.UNSPECIFIED.,.F.,
  .F.,(2,2),(54.75,58.75),.PIECEWISE_BEZIER_KNOTS.);
#1373 = CARTESIAN_POINT('',(1.,0.));
#1374 = CARTESIAN_POINT('',(1.,-4.));
#1375 = ( GEOMETRIC_REPRESENTATION_CONTEXT(2) 
PARAMETRIC_REPRESENTATION_CONTEXT() REPRESENTATION_CONTEXT('2D SPACE',''
  ) );
#1376 = ORIENTED_EDGE('',*,*,#1377,.F.);
#1377 = EDGE_CURVE('',#1378,#1352,#1380,.T.);
#1378 = VERTEX_POINT('',#1379);
#1379 = CARTESIAN_POINT('',(-135.,113.5,626.));
#1380 = SURFACE_CURVE('',#1381,(#1385,#1391),.PCURVE_S1.);
#1381 = LINE('',#1382,#1383);
#1382 = CARTESIAN_POINT('',(-82.5,113.5,626.));
#1383 = VECTOR('',#1384,1.);
#1384 = DIRECTION('',(-1.,-0.,0.));
#1385 = PCURVE('',#126,#1386);
#1386 = DEFINITIONAL_REPRESENTATION('',(#1387),#1390);
#1387 = B_SPLINE_CURVE_WITH_KNOTS('',1,(#1388,#1389),.UNSPECIFIED.,.F.,
  .F.,(2,2),(52.5,82.5),.PIECEWISE_BEZIER_KNOTS.);
#1388 = CARTESIAN_POINT('',(-135.,113.5));
#1389 = CARTESIAN_POINT('',(-165.,113.5));
#1390 = ( GEOMETRIC_REPRESENTATION_CONTEXT(2) 
PARAMETRIC_REPRESENTATION_CONTEXT() REPRESENTATION_CONTEXT('2D SPACE',''
  ) );
#1391 = PCURVE('',#1392,#1397);
#1392 = PLANE('',#1393);
#1393 = AXIS2_PLACEMENT_3D('',#1394,#1395,#1396);
#1394 = CARTESIAN_POINT('',(-165.,113.5,625.));
#1395 = DIRECTION('',(-0.,1.,0.));
#1396 = DIRECTION('',(0.,0.,1.));
#1397 = DEFINITIONAL_REPRESENTATION('',(#1398),#1401);
#1398 = B_SPLINE_CURVE_WITH_KNOTS('',1,(#1399,#1400),.UNSPECIFIED.,.F.,
  .F.,(2,2),(52.5,82.5),.PIECEWISE_BEZIER_KNOTS.);
#1399 = CARTESIAN_POINT('',(1.,30.));
#1400 = CARTESIAN_POINT('',(1.,0.));
#1401 = ( GEOMETRIC_REPRESENTATION_CONTEXT(2) 
PARAMETRIC_REPRESENTATION_CONTEXT() REPRESENTATION_CONTEXT('2D SPACE',''
  ) );
#1402 = ORIENTED_EDGE('',*,*,#1403,.F.);
#1403 = EDGE_CURVE('',#1324,#1378,#1404,.T.);
#1404 = SURFACE_CURVE('',#1405,(#1409,#1415),.PCURVE_S1.);
#1405 = LINE('',#1406,#1407);
#1406 = CARTESIAN_POINT('',(-135.,54.75,626.));
#1407 = VECTOR('',#1408,1.);
#1408 = DIRECTION('',(-0.,1.,0.));
#1409 = PCURVE('',#126,#1410);
#1410 = DEFINITIONAL_REPRESENTATION('',(#1411),#1414);
#1411 = B_SPLINE_CURVE_WITH_KNOTS('',1,(#1412,#1413),.UNSPECIFIED.,.F.,
  .F.,(2,2),(54.75,58.75),.PIECEWISE_BEZIER_KNOTS.);
#1412 = CARTESIAN_POINT('',(-135.,109.5));
#1413 = CARTESIAN_POINT('',(-135.,113.5));
#1414 = ( GEOMETRIC_REPRESENTATION_CONTEXT(2) 
PARAMETRIC_REPRESENTATION_CONTEXT() REPRESENTATION_CONTEXT('2D SPACE',''
  ) );
#1415 = PCURVE('',#1416,#1421);
#1416 = PLANE('',#1417);
#1417 = AXIS2_PLACEMENT_3D('',#1418,#1419,#1420);
#1418 = CARTESIAN_POINT('',(-135.,109.5,625.));
#1419 = DIRECTION('',(1.,0.,-0.));
#1420 = DIRECTION('',(0.,0.,1.));
#1421 = DEFINITIONAL_REPRESENTATION('',(#1422),#1425);
#1422 = B_SPLINE_CURVE_WITH_KNOTS('',1,(#1423,#1424),.UNSPECIFIED.,.F.,
  .F.,(2,2),(54.75,58.75),.PIECEWISE_BEZIER_KNOTS.);
#1423 = CARTESIAN_POINT('',(1.,0.));
#1424 = CARTESIAN_POINT('',(1.,-4.));
#1425 = ( GEOMETRIC_REPRESENTATION_CONTEXT(2) 
PARAMETRIC_REPRESENTATION_CONTEXT() REPRESENTATION_CONTEXT('2D SPACE',''
  ) );
#1426 = FACE_BOUND('',#1427,.F.);
#1427 = EDGE_LOOP('',(#1428));
#1428 = ORIENTED_EDGE('',*,*,#1429,.F.);
#1429 = EDGE_CURVE('',#1430,#1430,#1432,.T.);
#1430 = VERTEX_POINT('',#1431);
#1431 = CARTESIAN_POINT('',(-147.85,121.5,626.));
#1432 = SURFACE_CURVE('',#1433,(#1438,#1445),.PCURVE_S1.);
#1433 = CIRCLE('',#1434,2.15);
#1434 = AXIS2_PLACEMENT_3D('',#1435,#1436,#1437);
#1435 = CARTESIAN_POINT('',(-150.,121.5,626.));
#1436 = DIRECTION('',(0.,0.,1.));
#1437 = DIRECTION('',(1.,0.,-0.));
#1438 = PCURVE('',#126,#1439);
#1439 = DEFINITIONAL_REPRESENTATION('',(#1440),#1444);
#1440 = CIRCLE('',#1441,2.15);
#1441 = AXIS2_PLACEMENT_2D('',#1442,#1443);
#1442 = CARTESIAN_POINT('',(-150.,121.5));
#1443 = DIRECTION('',(1.,0.));
#1444 = ( GEOMETRIC_REPRESENTATION_CONTEXT(2) 
PARAMETRIC_REPRESENTATION_CONTEXT() REPRESENTATION_CONTEXT('2D SPACE',''
  ) );
#1445 = PCURVE('',#1446,#1451);
#1446 = CYLINDRICAL_SURFACE('',#1447,2.15);
#1447 = AXIS2_PLACEMENT_3D('',#1448,#1449,#1450);
#1448 = CARTESIAN_POINT('',(-150.,121.5,625.));
#1449 = DIRECTION('',(0.,0.,1.));
#1450 = DIRECTION('',(1.,0.,-0.));
#1451 = DEFINITIONAL_REPRESENTATION('',(#1452),#1456);
#1452 = LINE('',#1453,#1454);
#1453 = CARTESIAN_POINT('',(0.,1.));
#1454 = VECTOR('',#1455,1.);
#1455 = DIRECTION('',(1.,0.));
#1456 = ( GEOMETRIC_REPRESENTATION_CONTEXT(2) 
PARAMETRIC_REPRESENTATION_CONTEXT() REPRESENTATION_CONTEXT('2D SPACE',''
  ) );
#1457 = FACE_BOUND('',#1458,.F.);
#1458 = EDGE_LOOP('',(#1459,#1487,#1513,#1539));
#1459 = ORIENTED_EDGE('',*,*,#1460,.T.);
#1460 = EDGE_CURVE('',#1461,#1463,#1465,.T.);
#1461 = VERTEX_POINT('',#1462);
#1462 = CARTESIAN_POINT('',(-45.,109.5,626.));
#1463 = VERTEX_POINT('',#1464);
#1464 = CARTESIAN_POINT('',(-75.,109.5,626.));
#1465 = SURFACE_CURVE('',#1466,(#1470,#1476),.PCURVE_S1.);
#1466 = LINE('',#1467,#1468);
#1467 = CARTESIAN_POINT('',(-37.5,109.5,626.));
#1468 = VECTOR('',#1469,1.);
#1469 = DIRECTION('',(-1.,-0.,0.));
#1470 = PCURVE('',#126,#1471);
#1471 = DEFINITIONAL_REPRESENTATION('',(#1472),#1475);
#1472 = B_SPLINE_CURVE_WITH_KNOTS('',1,(#1473,#1474),.UNSPECIFIED.,.F.,
  .F.,(2,2),(7.5,37.5),.PIECEWISE_BEZIER_KNOTS.);
#1473 = CARTESIAN_POINT('',(-45.,109.5));
#1474 = CARTESIAN_POINT('',(-75.,109.5));
#1475 = ( GEOMETRIC_REPRESENTATION_CONTEXT(2) 
PARAMETRIC_REPRESENTATION_CONTEXT() REPRESENTATION_CONTEXT('2D SPACE',''
  ) );
#1476 = PCURVE('',#1477,#1482);
#1477 = PLANE('',#1478);
#1478 = AXIS2_PLACEMENT_3D('',#1479,#1480,#1481);
#1479 = CARTESIAN_POINT('',(-75.,109.5,625.));
#1480 = DIRECTION('',(-0.,1.,0.));
#1481 = DIRECTION('',(0.,0.,1.));
#1482 = DEFINITIONAL_REPRESENTATION('',(#1483),#1486);
#1483 = B_SPLINE_CURVE_WITH_KNOTS('',1,(#1484,#1485),.UNSPECIFIED.,.F.,
  .F.,(2,2),(7.5,37.5),.PIECEWISE_BEZIER_KNOTS.);
#1484 = CARTESIAN_POINT('',(1.,30.));
#1485 = CARTESIAN_POINT('',(1.,0.));
#1486 = ( GEOMETRIC_REPRESENTATION_CONTEXT(2) 
PARAMETRIC_REPRESENTATION_CONTEXT() REPRESENTATION_CONTEXT('2D SPACE',''
  ) );
#1487 = ORIENTED_EDGE('',*,*,#1488,.T.);
#1488 = EDGE_CURVE('',#1463,#1489,#1491,.T.);
#1489 = VERTEX_POINT('',#1490);
#1490 = CARTESIAN_POINT('',(-75.,113.5,626.));
#1491 = SURFACE_CURVE('',#1492,(#1496,#1502),.PCURVE_S1.);
#1492 = LINE('',#1493,#1494);
#1493 = CARTESIAN_POINT('',(-75.,54.75,626.));
#1494 = VECTOR('',#1495,1.);
#1495 = DIRECTION('',(-0.,1.,0.));
#1496 = PCURVE('',#126,#1497);
#1497 = DEFINITIONAL_REPRESENTATION('',(#1498),#1501);
#1498 = B_SPLINE_CURVE_WITH_KNOTS('',1,(#1499,#1500),.UNSPECIFIED.,.F.,
  .F.,(2,2),(54.75,58.75),.PIECEWISE_BEZIER_KNOTS.);
#1499 = CARTESIAN_POINT('',(-75.,109.5));
#1500 = CARTESIAN_POINT('',(-75.,113.5));
#1501 = ( GEOMETRIC_REPRESENTATION_CONTEXT(2) 
PARAMETRIC_REPRESENTATION_CONTEXT() REPRESENTATION_CONTEXT('2D SPACE',''
  ) );
#1502 = PCURVE('',#1503,#1508);
#1503 = PLANE('',#1504);
#1504 = AXIS2_PLACEMENT_3D('',#1505,#1506,#1507);
#1505 = CARTESIAN_POINT('',(-75.,109.5,625.));
#1506 = DIRECTION('',(1.,0.,-0.));
#1507 = DIRECTION('',(0.,0.,1.));
#1508 = DEFINITIONAL_REPRESENTATION('',(#1509),#1512);
#1509 = B_SPLINE_CURVE_WITH_KNOTS('',1,(#1510,#1511),.UNSPECIFIED.,.F.,
  .F.,(2,2),(54.75,58.75),.PIECEWISE_BEZIER_KNOTS.);
#1510 = CARTESIAN_POINT('',(1.,0.));
#1511 = CARTESIAN_POINT('',(1.,-4.));
#1512 = ( GEOMETRIC_REPRESENTATION_CONTEXT(2) 
PARAMETRIC_REPRESENTATION_CONTEXT() REPRESENTATION_CONTEXT('2D SPACE',''
  ) );
#1513 = ORIENTED_EDGE('',*,*,#1514,.F.);
#1514 = EDGE_CURVE('',#1515,#1489,#1517,.T.);
#1515 = VERTEX_POINT('',#1516);
#1516 = CARTESIAN_POINT('',(-45.,113.5,626.));
#1517 = SURFACE_CURVE('',#1518,(#1522,#1528),.PCURVE_S1.);
#1518 = LINE('',#1519,#1520);
#1519 = CARTESIAN_POINT('',(-37.5,113.5,626.));
#1520 = VECTOR('',#1521,1.);
#1521 = DIRECTION('',(-1.,-0.,0.));
#1522 = PCURVE('',#126,#1523);
#1523 = DEFINITIONAL_REPRESENTATION('',(#1524),#1527);
#1524 = B_SPLINE_CURVE_WITH_KNOTS('',1,(#1525,#1526),.UNSPECIFIED.,.F.,
  .F.,(2,2),(7.5,37.5),.PIECEWISE_BEZIER_KNOTS.);
#1525 = CARTESIAN_POINT('',(-45.,113.5));
#1526 = CARTESIAN_POINT('',(-75.,113.5));
#1527 = ( GEOMETRIC_REPRESENTATION_CONTEXT(2) 
PARAMETRIC_REPRESENTATION_CONTEXT() REPRESENTATION_CONTEXT('2D SPACE',''
  ) );
#1528 = PCURVE('',#1529,#1534);
#1529 = PLANE('',#1530);
#1530 = AXIS2_PLACEMENT_3D('',#1531,#1532,#1533);
#1531 = CARTESIAN_POINT('',(-75.,113.5,625.));
#1532 = DIRECTION('',(-0.,1.,0.));
#1533 = DIRECTION('',(0.,0.,1.));
#1534 = DEFINITIONAL_REPRESENTATION('',(#1535),#1538);
#1535 = B_SPLINE_CURVE_WITH_KNOTS('',1,(#1536,#1537),.UNSPECIFIED.,.F.,
  .F.,(2,2),(7.5,37.5),.PIECEWISE_BEZIER_KNOTS.);
#1536 = CARTESIAN_POINT('',(1.,30.));
#1537 = CARTESIAN_POINT('',(1.,0.));
#1538 = ( GEOMETRIC_REPRESENTATION_CONTEXT(2) 
PARAMETRIC_REPRESENTATION_CONTEXT() REPRESENTATION_CONTEXT('2D SPACE',''
  ) );
#1539 = ORIENTED_EDGE('',*,*,#1540,.F.);
#1540 = EDGE_CURVE('',#1461,#1515,#1541,.T.);
#1541 = SURFACE_CURVE('',#1542,(#1546,#1552),.PCURVE_S1.);
#1542 = LINE('',#1543,#1544);
#1543 = CARTESIAN_POINT('',(-45.,54.75,626.));
#1544 = VECTOR('',#1545,1.);
#1545 = DIRECTION('',(-0.,1.,0.));
#1546 = PCURVE('',#126,#1547);
#1547 = DEFINITIONAL_REPRESENTATION('',(#1548),#1551);
#1548 = B_SPLINE_CURVE_WITH_KNOTS('',1,(#1549,#1550),.UNSPECIFIED.,.F.,
  .F.,(2,2),(54.75,58.75),.PIECEWISE_BEZIER_KNOTS.);
#1549 = CARTESIAN_POINT('',(-45.,109.5));
#1550 = CARTESIAN_POINT('',(-45.,113.5));
#1551 = ( GEOMETRIC_REPRESENTATION_CONTEXT(2) 
PARAMETRIC_REPRESENTATION_CONTEXT() REPRESENTATION_CONTEXT('2D SPACE',''
  ) );
#1552 = PCURVE('',#1553,#1558);
#1553 = PLANE('',#1554);
#1554 = AXIS2_PLACEMENT_3D('',#1555,#1556,#1557);
#1555 = CARTESIAN_POINT('',(-45.,109.5,625.));
#1556 = DIRECTION('',(1.,0.,-0.));
#1557 = DIRECTION('',(0.,0.,1.));
#1558 = DEFINITIONAL_REPRESENTATION('',(#1559),#1562);
#1559 = B_SPLINE_CURVE_WITH_KNOTS('',1,(#1560,#1561),.UNSPECIFIED.,.F.,
  .F.,(2,2),(54.75,58.75),.PIECEWISE_BEZIER_KNOTS.);
#1560 = CARTESIAN_POINT('',(1.,0.));
#1561 = CARTESIAN_POINT('',(1.,-4.));
#1562 = ( GEOMETRIC_REPRESENTATION_CONTEXT(2) 
PARAMETRIC_REPRESENTATION_CONTEXT() REPRESENTATION_CONTEXT('2D SPACE',''
  ) );
#1563 = FACE_BOUND('',#1564,.F.);
#1564 = EDGE_LOOP('',(#1565));
#1565 = ORIENTED_EDGE('',*,*,#1566,.F.);
#1566 = EDGE_CURVE('',#1567,#1567,#1569,.T.);
#1567 = VERTEX_POINT('',#1568);
#1568 = CARTESIAN_POINT('',(8.5,-2.081899558551E-15,626.));
#1569 = SURFACE_CURVE('',#1570,(#1575,#1582),.PCURVE_S1.);
#1570 = CIRCLE('',#1571,8.5);
#1571 = AXIS2_PLACEMENT_3D('',#1572,#1573,#1574);
#1572 = CARTESIAN_POINT('',(0.,0.,626.));
#1573 = DIRECTION('',(0.,0.,1.));
#1574 = DIRECTION('',(1.,0.,-0.));
#1575 = PCURVE('',#126,#1576);
#1576 = DEFINITIONAL_REPRESENTATION('',(#1577),#1581);
#1577 = CIRCLE('',#1578,8.5);
#1578 = AXIS2_PLACEMENT_2D('',#1579,#1580);
#1579 = CARTESIAN_POINT('',(8.156964736144E-15,0.));
#1580 = DIRECTION('',(1.,0.));
#1581 = ( GEOMETRIC_REPRESENTATION_CONTEXT(2) 
PARAMETRIC_REPRESENTATION_CONTEXT() REPRESENTATION_CONTEXT('2D SPACE',''
  ) );
#1582 = PCURVE('',#1583,#1588);
#1583 = CYLINDRICAL_SURFACE('',#1584,8.5);
#1584 = AXIS2_PLACEMENT_3D('',#1585,#1586,#1587);
#1585 = CARTESIAN_POINT('',(0.,0.,625.));
#1586 = DIRECTION('',(0.,0.,1.));
#1587 = DIRECTION('',(1.,0.,-0.));
#1588 = DEFINITIONAL_REPRESENTATION('',(#1589),#1593);
#1589 = LINE('',#1590,#1591);
#1590 = CARTESIAN_POINT('',(0.,1.));
#1591 = VECTOR('',#1592,1.);
#1592 = DIRECTION('',(1.,0.));
#1593 = ( GEOMETRIC_REPRESENTATION_CONTEXT(2) 
PARAMETRIC_REPRESENTATION_CONTEXT() REPRESENTATION_CONTEXT('2D SPACE',''
  ) );
#1594 = FACE_BOUND('',#1595,.F.);
#1595 = EDGE_LOOP('',(#1596));
#1596 = ORIENTED_EDGE('',*,*,#1597,.F.);
#1597 = EDGE_CURVE('',#1598,#1598,#1600,.T.);
#1598 = VERTEX_POINT('',#1599);
#1599 = CARTESIAN_POINT('',(131.65,-4.041334437186E-16,626.));
#1600 = SURFACE_CURVE('',#1601,(#1606,#1613),.PCURVE_S1.);
#1601 = CIRCLE('',#1602,1.65);
#1602 = AXIS2_PLACEMENT_3D('',#1603,#1604,#1605);
#1603 = CARTESIAN_POINT('',(130.,0.,626.));
#1604 = DIRECTION('',(0.,0.,1.));
#1605 = DIRECTION('',(1.,0.,-0.));
#1606 = PCURVE('',#126,#1607);
#1607 = DEFINITIONAL_REPRESENTATION('',(#1608),#1612);
#1608 = CIRCLE('',#1609,1.65);
#1609 = AXIS2_PLACEMENT_2D('',#1610,#1611);
#1610 = CARTESIAN_POINT('',(130.,0.));
#1611 = DIRECTION('',(1.,0.));
#1612 = ( GEOMETRIC_REPRESENTATION_CONTEXT(2) 
PARAMETRIC_REPRESENTATION_CONTEXT() REPRESENTATION_CONTEXT('2D SPACE',''
  ) );
#1613 = PCURVE('',#1614,#1619);
#1614 = CYLINDRICAL_SURFACE('',#1615,1.65);
#1615 = AXIS2_PLACEMENT_3D('',#1616,#1617,#1618);
#1616 = CARTESIAN_POINT('',(130.,0.,625.));
#1617 = DIRECTION('',(0.,0.,1.));
#1618 = DIRECTION('',(1.,0.,-0.));
#1619 = DEFINITIONAL_REPRESENTATION('',(#1620),#1624);
#1620 = LINE('',#1621,#1622);
#1621 = CARTESIAN_POINT('',(0.,1.));
#1622 = VECTOR('',#1623,1.);
#1623 = DIRECTION('',(1.,0.));
#1624 = ( GEOMETRIC_REPRESENTATION_CONTEXT(2) 
PARAMETRIC_REPRESENTATION_CONTEXT() REPRESENTATION_CONTEXT('2D SPACE',''
  ) );
#1625 = FACE_BOUND('',#1626,.F.);
#1626 = EDGE_LOOP('',(#1627,#1655,#1681,#1707));
#1627 = ORIENTED_EDGE('',*,*,#1628,.T.);
#1628 = EDGE_CURVE('',#1629,#1631,#1633,.T.);
#1629 = VERTEX_POINT('',#1630);
#1630 = CARTESIAN_POINT('',(170.,32.,626.));
#1631 = VERTEX_POINT('',#1632);
#1632 = CARTESIAN_POINT('',(50.,32.,626.));
#1633 = SURFACE_CURVE('',#1634,(#1638,#1644),.PCURVE_S1.);
#1634 = LINE('',#1635,#1636);
#1635 = CARTESIAN_POINT('',(25.,32.,626.));
#1636 = VECTOR('',#1637,1.);
#1637 = DIRECTION('',(-1.,-0.,0.));
#1638 = PCURVE('',#126,#1639);
#1639 = DEFINITIONAL_REPRESENTATION('',(#1640),#1643);
#1640 = B_SPLINE_CURVE_WITH_KNOTS('',1,(#1641,#1642),.UNSPECIFIED.,.F.,
  .F.,(2,2),(-145.,-25.),.PIECEWISE_BEZIER_KNOTS.);
#1641 = CARTESIAN_POINT('',(170.,32.));
#1642 = CARTESIAN_POINT('',(50.,32.));
#1643 = ( GEOMETRIC_REPRESENTATION_CONTEXT(2) 
PARAMETRIC_REPRESENTATION_CONTEXT() REPRESENTATION_CONTEXT('2D SPACE',''
  ) );
#1644 = PCURVE('',#1645,#1650);
#1645 = PLANE('',#1646);
#1646 = AXIS2_PLACEMENT_3D('',#1647,#1648,#1649);
#1647 = CARTESIAN_POINT('',(50.,32.,625.));
#1648 = DIRECTION('',(-0.,1.,0.));
#1649 = DIRECTION('',(0.,0.,1.));
#1650 = DEFINITIONAL_REPRESENTATION('',(#1651),#1654);
#1651 = B_SPLINE_CURVE_WITH_KNOTS('',1,(#1652,#1653),.UNSPECIFIED.,.F.,
  .F.,(2,2),(-145.,-25.),.PIECEWISE_BEZIER_KNOTS.);
#1652 = CARTESIAN_POINT('',(1.,120.));
#1653 = CARTESIAN_POINT('',(1.,0.));
#1654 = ( GEOMETRIC_REPRESENTATION_CONTEXT(2) 
PARAMETRIC_REPRESENTATION_CONTEXT() REPRESENTATION_CONTEXT('2D SPACE',''
  ) );
#1655 = ORIENTED_EDGE('',*,*,#1656,.T.);
#1656 = EDGE_CURVE('',#1631,#1657,#1659,.T.);
#1657 = VERTEX_POINT('',#1658);
#1658 = CARTESIAN_POINT('',(50.,92.,626.));
#1659 = SURFACE_CURVE('',#1660,(#1664,#1670),.PCURVE_S1.);
#1660 = LINE('',#1661,#1662);
#1661 = CARTESIAN_POINT('',(50.,16.,626.));
#1662 = VECTOR('',#1663,1.);
#1663 = DIRECTION('',(-0.,1.,0.));
#1664 = PCURVE('',#126,#1665);
#1665 = DEFINITIONAL_REPRESENTATION('',(#1666),#1669);
#1666 = B_SPLINE_CURVE_WITH_KNOTS('',1,(#1667,#1668),.UNSPECIFIED.,.F.,
  .F.,(2,2),(16.,76.),.PIECEWISE_BEZIER_KNOTS.);
#1667 = CARTESIAN_POINT('',(50.,32.));
#1668 = CARTESIAN_POINT('',(50.,92.));
#1669 = ( GEOMETRIC_REPRESENTATION_CONTEXT(2) 
PARAMETRIC_REPRESENTATION_CONTEXT() REPRESENTATION_CONTEXT('2D SPACE',''
  ) );
#1670 = PCURVE('',#1671,#1676);
#1671 = PLANE('',#1672);
#1672 = AXIS2_PLACEMENT_3D('',#1673,#1674,#1675);
#1673 = CARTESIAN_POINT('',(50.,32.,625.));
#1674 = DIRECTION('',(1.,0.,-0.));
#1675 = DIRECTION('',(0.,0.,1.));
#1676 = DEFINITIONAL_REPRESENTATION('',(#1677),#1680);
#1677 = B_SPLINE_CURVE_WITH_KNOTS('',1,(#1678,#1679),.UNSPECIFIED.,.F.,
  .F.,(2,2),(16.,76.),.PIECEWISE_BEZIER_KNOTS.);
#1678 = CARTESIAN_POINT('',(1.,0.));
#1679 = CARTESIAN_POINT('',(1.,-60.));
#1680 = ( GEOMETRIC_REPRESENTATION_CONTEXT(2) 
PARAMETRIC_REPRESENTATION_CONTEXT() REPRESENTATION_CONTEXT('2D SPACE',''
  ) );
#1681 = ORIENTED_EDGE('',*,*,#1682,.F.);
#1682 = EDGE_CURVE('',#1683,#1657,#1685,.T.);
#1683 = VERTEX_POINT('',#1684);
#1684 = CARTESIAN_POINT('',(170.,92.,626.));
#1685 = SURFACE_CURVE('',#1686,(#1690,#1696),.PCURVE_S1.);
#1686 = LINE('',#1687,#1688);
#1687 = CARTESIAN_POINT('',(25.,92.,626.));
#1688 = VECTOR('',#1689,1.);
#1689 = DIRECTION('',(-1.,-0.,0.));
#1690 = PCURVE('',#126,#1691);
#1691 = DEFINITIONAL_REPRESENTATION('',(#1692),#1695);
#1692 = B_SPLINE_CURVE_WITH_KNOTS('',1,(#1693,#1694),.UNSPECIFIED.,.F.,
  .F.,(2,2),(-145.,-25.),.PIECEWISE_BEZIER_KNOTS.);
#1693 = CARTESIAN_POINT('',(170.,92.));
#1694 = CARTESIAN_POINT('',(50.,92.));
#1695 = ( GEOMETRIC_REPRESENTATION_CONTEXT(2) 
PARAMETRIC_REPRESENTATION_CONTEXT() REPRESENTATION_CONTEXT('2D SPACE',''
  ) );
#1696 = PCURVE('',#1697,#1702);
#1697 = PLANE('',#1698);
#1698 = AXIS2_PLACEMENT_3D('',#1699,#1700,#1701);
#1699 = CARTESIAN_POINT('',(50.,92.,625.));
#1700 = DIRECTION('',(-0.,1.,0.));
#1701 = DIRECTION('',(0.,0.,1.));
#1702 = DEFINITIONAL_REPRESENTATION('',(#1703),#1706);
#1703 = B_SPLINE_CURVE_WITH_KNOTS('',1,(#1704,#1705),.UNSPECIFIED.,.F.,
  .F.,(2,2),(-145.,-25.),.PIECEWISE_BEZIER_KNOTS.);
#1704 = CARTESIAN_POINT('',(1.,120.));
#1705 = CARTESIAN_POINT('',(1.,0.));
#1706 = ( GEOMETRIC_REPRESENTATION_CONTEXT(2) 
PARAMETRIC_REPRESENTATION_CONTEXT() REPRESENTATION_CONTEXT('2D SPACE',''
  ) );
#1707 = ORIENTED_EDGE('',*,*,#1708,.F.);
#1708 = EDGE_CURVE('',#1629,#1683,#1709,.T.);
#1709 = SURFACE_CURVE('',#1710,(#1714,#1720),.PCURVE_S1.);
#1710 = LINE('',#1711,#1712);
#1711 = CARTESIAN_POINT('',(170.,16.,626.));
#1712 = VECTOR('',#1713,1.);
#1713 = DIRECTION('',(-0.,1.,0.));
#1714 = PCURVE('',#126,#1715);
#1715 = DEFINITIONAL_REPRESENTATION('',(#1716),#1719);
#1716 = B_SPLINE_CURVE_WITH_KNOTS('',1,(#1717,#1718),.UNSPECIFIED.,.F.,
  .F.,(2,2),(16.,76.),.PIECEWISE_BEZIER_KNOTS.);
#1717 = CARTESIAN_POINT('',(170.,32.));
#1718 = CARTESIAN_POINT('',(170.,92.));
#1719 = ( GEOMETRIC_REPRESENTATION_CONTEXT(2) 
PARAMETRIC_REPRESENTATION_CONTEXT() REPRESENTATION_CONTEXT('2D SPACE',''
  ) );
#1720 = PCURVE('',#1721,#1726);
#1721 = PLANE('',#1722);
#1722 = AXIS2_PLACEMENT_3D('',#1723,#1724,#1725);
#1723 = CARTESIAN_POINT('',(170.,32.,625.));
#1724 = DIRECTION('',(1.,0.,-0.));
#1725 = DIRECTION('',(0.,0.,1.));
#1726 = DEFINITIONAL_REPRESENTATION('',(#1727),#1730);
#1727 = B_SPLINE_CURVE_WITH_KNOTS('',1,(#1728,#1729),.UNSPECIFIED.,.F.,
  .F.,(2,2),(16.,76.),.PIECEWISE_BEZIER_KNOTS.);
#1728 = CARTESIAN_POINT('',(1.,0.));
#1729 = CARTESIAN_POINT('',(1.,-60.));
#1730 = ( GEOMETRIC_REPRESENTATION_CONTEXT(2) 
PARAMETRIC_REPRESENTATION_CONTEXT() REPRESENTATION_CONTEXT('2D SPACE',''
  ) );
#1731 = FACE_BOUND('',#1732,.F.);
#1732 = EDGE_LOOP('',(#1733));
#1733 = ORIENTED_EDGE('',*,*,#1734,.F.);
#1734 = EDGE_CURVE('',#1735,#1735,#1737,.T.);
#1735 = VERTEX_POINT('',#1736);
#1736 = CARTESIAN_POINT('',(2.15,121.5,626.));
#1737 = SURFACE_CURVE('',#1738,(#1743,#1750),.PCURVE_S1.);
#1738 = CIRCLE('',#1739,2.15);
#1739 = AXIS2_PLACEMENT_3D('',#1740,#1741,#1742);
#1740 = CARTESIAN_POINT('',(0.,121.5,626.));
#1741 = DIRECTION('',(0.,0.,1.));
#1742 = DIRECTION('',(1.,0.,-0.));
#1743 = PCURVE('',#126,#1744);
#1744 = DEFINITIONAL_REPRESENTATION('',(#1745),#1749);
#1745 = CIRCLE('',#1746,2.15);
#1746 = AXIS2_PLACEMENT_2D('',#1747,#1748);
#1747 = CARTESIAN_POINT('',(8.156964736144E-15,121.5));
#1748 = DIRECTION('',(1.,0.));
#1749 = ( GEOMETRIC_REPRESENTATION_CONTEXT(2) 
PARAMETRIC_REPRESENTATION_CONTEXT() REPRESENTATION_CONTEXT('2D SPACE',''
  ) );
#1750 = PCURVE('',#1751,#1756);
#1751 = CYLINDRICAL_SURFACE('',#1752,2.15);
#1752 = AXIS2_PLACEMENT_3D('',#1753,#1754,#1755);
#1753 = CARTESIAN_POINT('',(0.,121.5,625.));
#1754 = DIRECTION('',(0.,0.,1.));
#1755 = DIRECTION('',(1.,0.,-0.));
#1756 = DEFINITIONAL_REPRESENTATION('',(#1757),#1761);
#1757 = LINE('',#1758,#1759);
#1758 = CARTESIAN_POINT('',(0.,1.));
#1759 = VECTOR('',#1760,1.);
#1760 = DIRECTION('',(1.,0.));
#1761 = ( GEOMETRIC_REPRESENTATION_CONTEXT(2) 
PARAMETRIC_REPRESENTATION_CONTEXT() REPRESENTATION_CONTEXT('2D SPACE',''
  ) );
#1762 = FACE_BOUND('',#1763,.F.);
#1763 = EDGE_LOOP('',(#1764));
#1764 = ORIENTED_EDGE('',*,*,#1765,.F.);
#1765 = EDGE_CURVE('',#1766,#1766,#1768,.T.);
#1766 = VERTEX_POINT('',#1767);
#1767 = CARTESIAN_POINT('',(1.65,130.,626.));
#1768 = SURFACE_CURVE('',#1769,(#1774,#1781),.PCURVE_S1.);
#1769 = CIRCLE('',#1770,1.65);
#1770 = AXIS2_PLACEMENT_3D('',#1771,#1772,#1773);
#1771 = CARTESIAN_POINT('',(0.,130.,626.));
#1772 = DIRECTION('',(0.,0.,1.));
#1773 = DIRECTION('',(1.,0.,-0.));
#1774 = PCURVE('',#126,#1775);
#1775 = DEFINITIONAL_REPRESENTATION('',(#1776),#1780);
#1776 = CIRCLE('',#1777,1.65);
#1777 = AXIS2_PLACEMENT_2D('',#1778,#1779);
#1778 = CARTESIAN_POINT('',(8.156964736144E-15,130.));
#1779 = DIRECTION('',(1.,0.));
#1780 = ( GEOMETRIC_REPRESENTATION_CONTEXT(2) 
PARAMETRIC_REPRESENTATION_CONTEXT() REPRESENTATION_CONTEXT('2D SPACE',''
  ) );
#1781 = PCURVE('',#1782,#1787);
#1782 = CYLINDRICAL_SURFACE('',#1783,1.65);
#1783 = AXIS2_PLACEMENT_3D('',#1784,#1785,#1786);
#1784 = CARTESIAN_POINT('',(0.,130.,625.));
#1785 = DIRECTION('',(0.,0.,1.));
#1786 = DIRECTION('',(1.,0.,-0.));
#1787 = DEFINITIONAL_REPRESENTATION('',(#1788),#1792);
#1788 = LINE('',#1789,#1790);
#1789 = CARTESIAN_POINT('',(0.,1.));
#1790 = VECTOR('',#1791,1.);
#1791 = DIRECTION('',(1.,0.));
#1792 = ( GEOMETRIC_REPRESENTATION_CONTEXT(2) 
PARAMETRIC_REPRESENTATION_CONTEXT() REPRESENTATION_CONTEXT('2D SPACE',''
  ) );
#1793 = FACE_BOUND('',#1794,.F.);
#1794 = EDGE_LOOP('',(#1795,#1823,#1849,#1875));
#1795 = ORIENTED_EDGE('',*,*,#1796,.T.);
#1796 = EDGE_CURVE('',#1797,#1799,#1801,.T.);
#1797 = VERTEX_POINT('',#1798);
#1798 = CARTESIAN_POINT('',(75.,109.5,626.));
#1799 = VERTEX_POINT('',#1800);
#1800 = CARTESIAN_POINT('',(45.,109.5,626.));
#1801 = SURFACE_CURVE('',#1802,(#1806,#1812),.PCURVE_S1.);
#1802 = LINE('',#1803,#1804);
#1803 = CARTESIAN_POINT('',(22.5,109.5,626.));
#1804 = VECTOR('',#1805,1.);
#1805 = DIRECTION('',(-1.,-0.,0.));
#1806 = PCURVE('',#126,#1807);
#1807 = DEFINITIONAL_REPRESENTATION('',(#1808),#1811);
#1808 = B_SPLINE_CURVE_WITH_KNOTS('',1,(#1809,#1810),.UNSPECIFIED.,.F.,
  .F.,(2,2),(-52.5,-22.5),.PIECEWISE_BEZIER_KNOTS.);
#1809 = CARTESIAN_POINT('',(75.,109.5));
#1810 = CARTESIAN_POINT('',(45.,109.5));
#1811 = ( GEOMETRIC_REPRESENTATION_CONTEXT(2) 
PARAMETRIC_REPRESENTATION_CONTEXT() REPRESENTATION_CONTEXT('2D SPACE',''
  ) );
#1812 = PCURVE('',#1813,#1818);
#1813 = PLANE('',#1814);
#1814 = AXIS2_PLACEMENT_3D('',#1815,#1816,#1817);
#1815 = CARTESIAN_POINT('',(45.,109.5,625.));
#1816 = DIRECTION('',(-0.,1.,0.));
#1817 = DIRECTION('',(0.,0.,1.));
#1818 = DEFINITIONAL_REPRESENTATION('',(#1819),#1822);
#1819 = B_SPLINE_CURVE_WITH_KNOTS('',1,(#1820,#1821),.UNSPECIFIED.,.F.,
  .F.,(2,2),(-52.5,-22.5),.PIECEWISE_BEZIER_KNOTS.);
#1820 = CARTESIAN_POINT('',(1.,30.));
#1821 = CARTESIAN_POINT('',(1.,0.));
#1822 = ( GEOMETRIC_REPRESENTATION_CONTEXT(2) 
PARAMETRIC_REPRESENTATION_CONTEXT() REPRESENTATION_CONTEXT('2D SPACE',''
  ) );
#1823 = ORIENTED_EDGE('',*,*,#1824,.T.);
#1824 = EDGE_CURVE('',#1799,#1825,#1827,.T.);
#1825 = VERTEX_POINT('',#1826);
#1826 = CARTESIAN_POINT('',(45.,113.5,626.));
#1827 = SURFACE_CURVE('',#1828,(#1832,#1838),.PCURVE_S1.);
#1828 = LINE('',#1829,#1830);
#1829 = CARTESIAN_POINT('',(45.,54.75,626.));
#1830 = VECTOR('',#1831,1.);
#1831 = DIRECTION('',(-0.,1.,0.));
#1832 = PCURVE('',#126,#1833);
#1833 = DEFINITIONAL_REPRESENTATION('',(#1834),#1837);
#1834 = B_SPLINE_CURVE_WITH_KNOTS('',1,(#1835,#1836),.UNSPECIFIED.,.F.,
  .F.,(2,2),(54.75,58.75),.PIECEWISE_BEZIER_KNOTS.);
#1835 = CARTESIAN_POINT('',(45.,109.5));
#1836 = CARTESIAN_POINT('',(45.,113.5));
#1837 = ( GEOMETRIC_REPRESENTATION_CONTEXT(2) 
PARAMETRIC_REPRESENTATION_CONTEXT() REPRESENTATION_CONTEXT('2D SPACE',''
  ) );
#1838 = PCURVE('',#1839,#1844);
#1839 = PLANE('',#1840);
#1840 = AXIS2_PLACEMENT_3D('',#1841,#1842,#1843);
#1841 = CARTESIAN_POINT('',(45.,109.5,625.));
#1842 = DIRECTION('',(1.,0.,-0.));
#1843 = DIRECTION('',(0.,0.,1.));
#1844 = DEFINITIONAL_REPRESENTATION('',(#1845),#1848);
#1845 = B_SPLINE_CURVE_WITH_KNOTS('',1,(#1846,#1847),.UNSPECIFIED.,.F.,
  .F.,(2,2),(54.75,58.75),.PIECEWISE_BEZIER_KNOTS.);
#1846 = CARTESIAN_POINT('',(1.,0.));
#1847 = CARTESIAN_POINT('',(1.,-4.));
#1848 = ( GEOMETRIC_REPRESENTATION_CONTEXT(2) 
PARAMETRIC_REPRESENTATION_CONTEXT() REPRESENTATION_CONTEXT('2D SPACE',''
  ) );
#1849 = ORIENTED_EDGE('',*,*,#1850,.F.);
#1850 = EDGE_CURVE('',#1851,#1825,#1853,.T.);
#1851 = VERTEX_POINT('',#1852);
#1852 = CARTESIAN_POINT('',(75.,113.5,626.));
#1853 = SURFACE_CURVE('',#1854,(#1858,#1864),.PCURVE_S1.);
#1854 = LINE('',#1855,#1856);
#1855 = CARTESIAN_POINT('',(22.5,113.5,626.));
#1856 = VECTOR('',#1857,1.);
#1857 = DIRECTION('',(-1.,-0.,0.));
#1858 = PCURVE('',#126,#1859);
#1859 = DEFINITIONAL_REPRESENTATION('',(#1860),#1863);
#1860 = B_SPLINE_CURVE_WITH_KNOTS('',1,(#1861,#1862),.UNSPECIFIED.,.F.,
  .F.,(2,2),(-52.5,-22.5),.PIECEWISE_BEZIER_KNOTS.);
#1861 = CARTESIAN_POINT('',(75.,113.5));
#1862 = CARTESIAN_POINT('',(45.,113.5));
#1863 = ( GEOMETRIC_REPRESENTATION_CONTEXT(2) 
PARAMETRIC_REPRESENTATION_CONTEXT() REPRESENTATION_CONTEXT('2D SPACE',''
  ) );
#1864 = PCURVE('',#1865,#1870);
#1865 = PLANE('',#1866);
#1866 = AXIS2_PLACEMENT_3D('',#1867,#1868,#1869);
#1867 = CARTESIAN_POINT('',(45.,113.5,625.));
#1868 = DIRECTION('',(-0.,1.,0.));
#1869 = DIRECTION('',(0.,0.,1.));
#1870 = DEFINITIONAL_REPRESENTATION('',(#1871),#1874);
#1871 = B_SPLINE_CURVE_WITH_KNOTS('',1,(#1872,#1873),.UNSPECIFIED.,.F.,
  .F.,(2,2),(-52.5,-22.5),.PIECEWISE_BEZIER_KNOTS.);
#1872 = CARTESIAN_POINT('',(1.,30.));
#1873 = CARTESIAN_POINT('',(1.,0.));
#1874 = ( GEOMETRIC_REPRESENTATION_CONTEXT(2) 
PARAMETRIC_REPRESENTATION_CONTEXT() REPRESENTATION_CONTEXT('2D SPACE',''
  ) );
#1875 = ORIENTED_EDGE('',*,*,#1876,.F.);
#1876 = EDGE_CURVE('',#1797,#1851,#1877,.T.);
#1877 = SURFACE_CURVE('',#1878,(#1882,#1888),.PCURVE_S1.);
#1878 = LINE('',#1879,#1880);
#1879 = CARTESIAN_POINT('',(75.,54.75,626.));
#1880 = VECTOR('',#1881,1.);
#1881 = DIRECTION('',(-0.,1.,0.));
#1882 = PCURVE('',#126,#1883);
#1883 = DEFINITIONAL_REPRESENTATION('',(#1884),#1887);
#1884 = B_SPLINE_CURVE_WITH_KNOTS('',1,(#1885,#1886),.UNSPECIFIED.,.F.,
  .F.,(2,2),(54.75,58.75),.PIECEWISE_BEZIER_KNOTS.);
#1885 = CARTESIAN_POINT('',(75.,109.5));
#1886 = CARTESIAN_POINT('',(75.,113.5));
#1887 = ( GEOMETRIC_REPRESENTATION_CONTEXT(2) 
PARAMETRIC_REPRESENTATION_CONTEXT() REPRESENTATION_CONTEXT('2D SPACE',''
  ) );
#1888 = PCURVE('',#1889,#1894);
#1889 = PLANE('',#1890);
#1890 = AXIS2_PLACEMENT_3D('',#1891,#1892,#1893);
#1891 = CARTESIAN_POINT('',(75.,109.5,625.));
#1892 = DIRECTION('',(1.,0.,-0.));
#1893 = DIRECTION('',(0.,0.,1.));
#1894 = DEFINITIONAL_REPRESENTATION('',(#1895),#1898);
#1895 = B_SPLINE_CURVE_WITH_KNOTS('',1,(#1896,#1897),.UNSPECIFIED.,.F.,
  .F.,(2,2),(54.75,58.75),.PIECEWISE_BEZIER_KNOTS.);
#1896 = CARTESIAN_POINT('',(1.,0.));
#1897 = CARTESIAN_POINT('',(1.,-4.));
#1898 = ( GEOMETRIC_REPRESENTATION_CONTEXT(2) 
PARAMETRIC_REPRESENTATION_CONTEXT() REPRESENTATION_CONTEXT('2D SPACE',''
  ) );
#1899 = FACE_BOUND('',#1900,.F.);
#1900 = EDGE_LOOP('',(#1901,#1929,#1955,#1981));
#1901 = ORIENTED_EDGE('',*,*,#1902,.T.);
#1902 = EDGE_CURVE('',#1903,#1905,#1907,.T.);
#1903 = VERTEX_POINT('',#1904);
#1904 = CARTESIAN_POINT('',(165.,109.5,626.));
#1905 = VERTEX_POINT('',#1906);
#1906 = CARTESIAN_POINT('',(135.,109.5,626.));
#1907 = SURFACE_CURVE('',#1908,(#1912,#1918),.PCURVE_S1.);
#1908 = LINE('',#1909,#1910);
#1909 = CARTESIAN_POINT('',(67.5,109.5,626.));
#1910 = VECTOR('',#1911,1.);
#1911 = DIRECTION('',(-1.,-0.,0.));
#1912 = PCURVE('',#126,#1913);
#1913 = DEFINITIONAL_REPRESENTATION('',(#1914),#1917);
#1914 = B_SPLINE_CURVE_WITH_KNOTS('',1,(#1915,#1916),.UNSPECIFIED.,.F.,
  .F.,(2,2),(-97.5,-67.5),.PIECEWISE_BEZIER_KNOTS.);
#1915 = CARTESIAN_POINT('',(165.,109.5));
#1916 = CARTESIAN_POINT('',(135.,109.5));
#1917 = ( GEOMETRIC_REPRESENTATION_CONTEXT(2) 
PARAMETRIC_REPRESENTATION_CONTEXT() REPRESENTATION_CONTEXT('2D SPACE',''
  ) );
#1918 = PCURVE('',#1919,#1924);
#1919 = PLANE('',#1920);
#1920 = AXIS2_PLACEMENT_3D('',#1921,#1922,#1923);
#1921 = CARTESIAN_POINT('',(135.,109.5,625.));
#1922 = DIRECTION('',(-0.,1.,0.));
#1923 = DIRECTION('',(0.,0.,1.));
#1924 = DEFINITIONAL_REPRESENTATION('',(#1925),#1928);
#1925 = B_SPLINE_CURVE_WITH_KNOTS('',1,(#1926,#1927),.UNSPECIFIED.,.F.,
  .F.,(2,2),(-97.5,-67.5),.PIECEWISE_BEZIER_KNOTS.);
#1926 = CARTESIAN_POINT('',(1.,30.));
#1927 = CARTESIAN_POINT('',(1.,0.));
#1928 = ( GEOMETRIC_REPRESENTATION_CONTEXT(2) 
PARAMETRIC_REPRESENTATION_CONTEXT() REPRESENTATION_CONTEXT('2D SPACE',''
  ) );
#1929 = ORIENTED_EDGE('',*,*,#1930,.T.);
#1930 = EDGE_CURVE('',#1905,#1931,#1933,.T.);
#1931 = VERTEX_POINT('',#1932);
#1932 = CARTESIAN_POINT('',(135.,113.5,626.));
#1933 = SURFACE_CURVE('',#1934,(#1938,#1944),.PCURVE_S1.);
#1934 = LINE('',#1935,#1936);
#1935 = CARTESIAN_POINT('',(135.,54.75,626.));
#1936 = VECTOR('',#1937,1.);
#1937 = DIRECTION('',(-0.,1.,0.));
#1938 = PCURVE('',#126,#1939);
#1939 = DEFINITIONAL_REPRESENTATION('',(#1940),#1943);
#1940 = B_SPLINE_CURVE_WITH_KNOTS('',1,(#1941,#1942),.UNSPECIFIED.,.F.,
  .F.,(2,2),(54.75,58.75),.PIECEWISE_BEZIER_KNOTS.);
#1941 = CARTESIAN_POINT('',(135.,109.5));
#1942 = CARTESIAN_POINT('',(135.,113.5));
#1943 = ( GEOMETRIC_REPRESENTATION_CONTEXT(2) 
PARAMETRIC_REPRESENTATION_CONTEXT() REPRESENTATION_CONTEXT('2D SPACE',''
  ) );
#1944 = PCURVE('',#1945,#1950);
#1945 = PLANE('',#1946);
#1946 = AXIS2_PLACEMENT_3D('',#1947,#1948,#1949);
#1947 = CARTESIAN_POINT('',(135.,109.5,625.));
#1948 = DIRECTION('',(1.,0.,-0.));
#1949 = DIRECTION('',(0.,0.,1.));
#1950 = DEFINITIONAL_REPRESENTATION('',(#1951),#1954);
#1951 = B_SPLINE_CURVE_WITH_KNOTS('',1,(#1952,#1953),.UNSPECIFIED.,.F.,
  .F.,(2,2),(54.75,58.75),.PIECEWISE_BEZIER_KNOTS.);
#1952 = CARTESIAN_POINT('',(1.,0.));
#1953 = CARTESIAN_POINT('',(1.,-4.));
#1954 = ( GEOMETRIC_REPRESENTATION_CONTEXT(2) 
PARAMETRIC_REPRESENTATION_CONTEXT() REPRESENTATION_CONTEXT('2D SPACE',''
  ) );
#1955 = ORIENTED_EDGE('',*,*,#1956,.F.);
#1956 = EDGE_CURVE('',#1957,#1931,#1959,.T.);
#1957 = VERTEX_POINT('',#1958);
#1958 = CARTESIAN_POINT('',(165.,113.5,626.));
#1959 = SURFACE_CURVE('',#1960,(#1964,#1970),.PCURVE_S1.);
#1960 = LINE('',#1961,#1962);
#1961 = CARTESIAN_POINT('',(67.5,113.5,626.));
#1962 = VECTOR('',#1963,1.);
#1963 = DIRECTION('',(-1.,-0.,0.));
#1964 = PCURVE('',#126,#1965);
#1965 = DEFINITIONAL_REPRESENTATION('',(#1966),#1969);
#1966 = B_SPLINE_CURVE_WITH_KNOTS('',1,(#1967,#1968),.UNSPECIFIED.,.F.,
  .F.,(2,2),(-97.5,-67.5),.PIECEWISE_BEZIER_KNOTS.);
#1967 = CARTESIAN_POINT('',(165.,113.5));
#1968 = CARTESIAN_POINT('',(135.,113.5));
#1969 = ( GEOMETRIC_REPRESENTATION_CONTEXT(2) 
PARAMETRIC_REPRESENTATION_CONTEXT() REPRESENTATION_CONTEXT('2D SPACE',''
  ) );
#1970 = PCURVE('',#1971,#1976);
#1971 = PLANE('',#1972);
#1972 = AXIS2_PLACEMENT_3D('',#1973,#1974,#1975);
#1973 = CARTESIAN_POINT('',(135.,113.5,625.));
#1974 = DIRECTION('',(-0.,1.,0.));
#1975 = DIRECTION('',(0.,0.,1.));
#1976 = DEFINITIONAL_REPRESENTATION('',(#1977),#1980);
#1977 = B_SPLINE_CURVE_WITH_KNOTS('',1,(#1978,#1979),.UNSPECIFIED.,.F.,
  .F.,(2,2),(-97.5,-67.5),.PIECEWISE_BEZIER_KNOTS.);
#1978 = CARTESIAN_POINT('',(1.,30.));
#1979 = CARTESIAN_POINT('',(1.,0.));
#1980 = ( GEOMETRIC_REPRESENTATION_CONTEXT(2) 
PARAMETRIC_REPRESENTATION_CONTEXT() REPRESENTATION_CONTEXT('2D SPACE',''
  ) );
#1981 = ORIENTED_EDGE('',*,*,#1982,.F.);
#1982 = EDGE_CURVE('',#1903,#1957,#1983,.T.);
#1983 = SURFACE_CURVE('',#1984,(#1988,#1994),.PCURVE_S1.);
#1984 = LINE('',#1985,#1986);
#1985 = CARTESIAN_POINT('',(165.,54.75,626.));
#1986 = VECTOR('',#1987,1.);
#1987 = DIRECTION('',(-0.,1.,0.));
#1988 = PCURVE('',#126,#1989);
#1989 = DEFINITIONAL_REPRESENTATION('',(#1990),#1993);
#1990 = B_SPLINE_CURVE_WITH_KNOTS('',1,(#1991,#1992),.UNSPECIFIED.,.F.,
  .F.,(2,2),(54.75,58.75),.PIECEWISE_BEZIER_KNOTS.);
#1991 = CARTESIAN_POINT('',(165.,109.5));
#1992 = CARTESIAN_POINT('',(165.,113.5));
#1993 = ( GEOMETRIC_REPRESENTATION_CONTEXT(2) 
PARAMETRIC_REPRESENTATION_CONTEXT() REPRESENTATION_CONTEXT('2D SPACE',''
  ) );
#1994 = PCURVE('',#1995,#2000);
#1995 = PLANE('',#1996);
#1996 = AXIS2_PLACEMENT_3D('',#1997,#1998,#1999);
#1997 = CARTESIAN_POINT('',(165.,109.5,625.));
#1998 = DIRECTION('',(1.,0.,-0.));
#1999 = DIRECTION('',(0.,0.,1.));
#2000 = DEFINITIONAL_REPRESENTATION('',(#2001),#2004);
#2001 = B_SPLINE_CURVE_WITH_KNOTS('',1,(#2002,#2003),.UNSPECIFIED.,.F.,
  .F.,(2,2),(54.75,58.75),.PIECEWISE_BEZIER_KNOTS.);
#2002 = CARTESIAN_POINT('',(1.,0.));
#2003 = CARTESIAN_POINT('',(1.,-4.));
#2004 = ( GEOMETRIC_REPRESENTATION_CONTEXT(2) 
PARAMETRIC_REPRESENTATION_CONTEXT() REPRESENTATION_CONTEXT('2D SPACE',''
  ) );
#2005 = FACE_BOUND('',#2006,.F.);
#2006 = EDGE_LOOP('',(#2007));
#2007 = ORIENTED_EDGE('',*,*,#2008,.F.);
#2008 = EDGE_CURVE('',#2009,#2009,#2011,.T.);
#2009 = VERTEX_POINT('',#2010);
#2010 = CARTESIAN_POINT('',(152.15,121.5,626.));
#2011 = SURFACE_CURVE('',#2012,(#2017,#2024),.PCURVE_S1.);
#2012 = CIRCLE('',#2013,2.15);
#2013 = AXIS2_PLACEMENT_3D('',#2014,#2015,#2016);
#2014 = CARTESIAN_POINT('',(150.,121.5,626.));
#2015 = DIRECTION('',(0.,0.,1.));
#2016 = DIRECTION('',(1.,0.,-0.));
#2017 = PCURVE('',#126,#2018);
#2018 = DEFINITIONAL_REPRESENTATION('',(#2019),#2023);
#2019 = CIRCLE('',#2020,2.15);
#2020 = AXIS2_PLACEMENT_2D('',#2021,#2022);
#2021 = CARTESIAN_POINT('',(150.,121.5));
#2022 = DIRECTION('',(1.,0.));
#2023 = ( GEOMETRIC_REPRESENTATION_CONTEXT(2) 
PARAMETRIC_REPRESENTATION_CONTEXT() REPRESENTATION_CONTEXT('2D SPACE',''
  ) );
#2024 = PCURVE('',#2025,#2030);
#2025 = CYLINDRICAL_SURFACE('',#2026,2.15);
#2026 = AXIS2_PLACEMENT_3D('',#2027,#2028,#2029);
#2027 = CARTESIAN_POINT('',(150.,121.5,625.));
#2028 = DIRECTION('',(0.,0.,1.));
#2029 = DIRECTION('',(1.,0.,-0.));
#2030 = DEFINITIONAL_REPRESENTATION('',(#2031),#2035);
#2031 = LINE('',#2032,#2033);
#2032 = CARTESIAN_POINT('',(0.,1.));
#2033 = VECTOR('',#2034,1.);
#2034 = DIRECTION('',(1.,0.));
#2035 = ( GEOMETRIC_REPRESENTATION_CONTEXT(2) 
PARAMETRIC_REPRESENTATION_CONTEXT() REPRESENTATION_CONTEXT('2D SPACE',''
  ) );
#2036 = ADVANCED_FACE('',(#2037,#2155,#2181,#2267,#2353,#2439,#2465,
    #2491,#2577,#2603,#2689,#2775,#2801,#2887,#2973,#2999,#3085,#3111,
    #3137,#3223,#3249,#3275,#3361,#3447),#72,.T.);
#2037 = FACE_BOUND('',#2038,.T.);
#2038 = EDGE_LOOP('',(#2039,#2040,#2041,#2064,#2087,#2110,#2133,#2154));
#2039 = ORIENTED_EDGE('',*,*,#56,.T.);
#2040 = ORIENTED_EDGE('',*,*,#218,.T.);
#2041 = ORIENTED_EDGE('',*,*,#2042,.T.);
#2042 = EDGE_CURVE('',#219,#2043,#2045,.T.);
#2043 = VERTEX_POINT('',#2044);
#2044 = CARTESIAN_POINT('',(180.,140.,628.));
#2045 = SURFACE_CURVE('',#2046,(#2050,#2057),.PCURVE_S1.);
#2046 = LINE('',#2047,#2048);
#2047 = CARTESIAN_POINT('',(215.,105.,628.));
#2048 = VECTOR('',#2049,1.);
#2049 = DIRECTION('',(-0.707106781187,0.707106781187,0.));
#2050 = PCURVE('',#72,#2051);
#2051 = DEFINITIONAL_REPRESENTATION('',(#2052),#2056);
#2052 = LINE('',#2053,#2054);
#2053 = CARTESIAN_POINT('',(215.,105.));
#2054 = VECTOR('',#2055,1.);
#2055 = DIRECTION('',(-0.707106781187,0.707106781187));
#2056 = ( GEOMETRIC_REPRESENTATION_CONTEXT(2) 
PARAMETRIC_REPRESENTATION_CONTEXT() REPRESENTATION_CONTEXT('2D SPACE',''
  ) );
#2057 = PCURVE('',#257,#2058);
#2058 = DEFINITIONAL_REPRESENTATION('',(#2059),#2063);
#2059 = LINE('',#2060,#2061);
#2060 = CARTESIAN_POINT('',(0.,-2.));
#2061 = VECTOR('',#2062,1.);
#2062 = DIRECTION('',(1.,0.));
#2063 = ( GEOMETRIC_REPRESENTATION_CONTEXT(2) 
PARAMETRIC_REPRESENTATION_CONTEXT() REPRESENTATION_CONTEXT('2D SPACE',''
  ) );
#2064 = ORIENTED_EDGE('',*,*,#2065,.T.);
#2065 = EDGE_CURVE('',#2043,#2066,#2068,.T.);
#2066 = VERTEX_POINT('',#2067);
#2067 = CARTESIAN_POINT('',(-180.,140.,628.));
#2068 = SURFACE_CURVE('',#2069,(#2073,#2080),.PCURVE_S1.);
#2069 = LINE('',#2070,#2071);
#2070 = CARTESIAN_POINT('',(180.,140.,628.));
#2071 = VECTOR('',#2072,1.);
#2072 = DIRECTION('',(-1.,0.,0.));
#2073 = PCURVE('',#72,#2074);
#2074 = DEFINITIONAL_REPRESENTATION('',(#2075),#2079);
#2075 = LINE('',#2076,#2077);
#2076 = CARTESIAN_POINT('',(180.,140.));
#2077 = VECTOR('',#2078,1.);
#2078 = DIRECTION('',(-1.,0.));
#2079 = ( GEOMETRIC_REPRESENTATION_CONTEXT(2) 
PARAMETRIC_REPRESENTATION_CONTEXT() REPRESENTATION_CONTEXT('2D SPACE',''
  ) );
#2080 = PCURVE('',#334,#2081);
#2081 = DEFINITIONAL_REPRESENTATION('',(#2082),#2086);
#2082 = LINE('',#2083,#2084);
#2083 = CARTESIAN_POINT('',(0.,-2.));
#2084 = VECTOR('',#2085,1.);
#2085 = DIRECTION('',(1.,0.));
#2086 = ( GEOMETRIC_REPRESENTATION_CONTEXT(2) 
PARAMETRIC_REPRESENTATION_CONTEXT() REPRESENTATION_CONTEXT('2D SPACE',''
  ) );
#2087 = ORIENTED_EDGE('',*,*,#2088,.T.);
#2088 = EDGE_CURVE('',#2066,#2089,#2091,.T.);
#2089 = VERTEX_POINT('',#2090);
#2090 = CARTESIAN_POINT('',(-215.,105.,628.));
#2091 = SURFACE_CURVE('',#2092,(#2096,#2103),.PCURVE_S1.);
#2092 = LINE('',#2093,#2094);
#2093 = CARTESIAN_POINT('',(-180.,140.,628.));
#2094 = VECTOR('',#2095,1.);
#2095 = DIRECTION('',(-0.707106781187,-0.707106781187,0.));
#2096 = PCURVE('',#72,#2097);
#2097 = DEFINITIONAL_REPRESENTATION('',(#2098),#2102);
#2098 = LINE('',#2099,#2100);
#2099 = CARTESIAN_POINT('',(-180.,140.));
#2100 = VECTOR('',#2101,1.);
#2101 = DIRECTION('',(-0.707106781187,-0.707106781187));
#2102 = ( GEOMETRIC_REPRESENTATION_CONTEXT(2) 
PARAMETRIC_REPRESENTATION_CONTEXT() REPRESENTATION_CONTEXT('2D SPACE',''
  ) );
#2103 = PCURVE('',#362,#2104);
#2104 = DEFINITIONAL_REPRESENTATION('',(#2105),#2109);
#2105 = LINE('',#2106,#2107);
#2106 = CARTESIAN_POINT('',(0.,-2.));
#2107 = VECTOR('',#2108,1.);
#2108 = DIRECTION('',(1.,0.));
#2109 = ( GEOMETRIC_REPRESENTATION_CONTEXT(2) 
PARAMETRIC_REPRESENTATION_CONTEXT() REPRESENTATION_CONTEXT('2D SPACE',''
  ) );
#2110 = ORIENTED_EDGE('',*,*,#2111,.T.);
#2111 = EDGE_CURVE('',#2089,#2112,#2114,.T.);
#2112 = VERTEX_POINT('',#2113);
#2113 = CARTESIAN_POINT('',(-215.,-105.,628.));
#2114 = SURFACE_CURVE('',#2115,(#2119,#2126),.PCURVE_S1.);
#2115 = LINE('',#2116,#2117);
#2116 = CARTESIAN_POINT('',(-215.,105.,628.));
#2117 = VECTOR('',#2118,1.);
#2118 = DIRECTION('',(0.,-1.,0.));
#2119 = PCURVE('',#72,#2120);
#2120 = DEFINITIONAL_REPRESENTATION('',(#2121),#2125);
#2121 = LINE('',#2122,#2123);
#2122 = CARTESIAN_POINT('',(-215.,105.));
#2123 = VECTOR('',#2124,1.);
#2124 = DIRECTION('',(0.,-1.));
#2125 = ( GEOMETRIC_REPRESENTATION_CONTEXT(2) 
PARAMETRIC_REPRESENTATION_CONTEXT() REPRESENTATION_CONTEXT('2D SPACE',''
  ) );
#2126 = PCURVE('',#390,#2127);
#2127 = DEFINITIONAL_REPRESENTATION('',(#2128),#2132);
#2128 = LINE('',#2129,#2130);
#2129 = CARTESIAN_POINT('',(0.,-2.));
#2130 = VECTOR('',#2131,1.);
#2131 = DIRECTION('',(1.,0.));
#2132 = ( GEOMETRIC_REPRESENTATION_CONTEXT(2) 
PARAMETRIC_REPRESENTATION_CONTEXT() REPRESENTATION_CONTEXT('2D SPACE',''
  ) );
#2133 = ORIENTED_EDGE('',*,*,#2134,.T.);
#2134 = EDGE_CURVE('',#2112,#144,#2135,.T.);
#2135 = SURFACE_CURVE('',#2136,(#2140,#2147),.PCURVE_S1.);
#2136 = LINE('',#2137,#2138);
#2137 = CARTESIAN_POINT('',(-215.,-105.,628.));
#2138 = VECTOR('',#2139,1.);
#2139 = DIRECTION('',(0.707106781187,-0.707106781187,0.));
#2140 = PCURVE('',#72,#2141);
#2141 = DEFINITIONAL_REPRESENTATION('',(#2142),#2146);
#2142 = LINE('',#2143,#2144);
#2143 = CARTESIAN_POINT('',(-215.,-105.));
#2144 = VECTOR('',#2145,1.);
#2145 = DIRECTION('',(0.707106781187,-0.707106781187));
#2146 = ( GEOMETRIC_REPRESENTATION_CONTEXT(2) 
PARAMETRIC_REPRESENTATION_CONTEXT() REPRESENTATION_CONTEXT('2D SPACE',''
  ) );
#2147 = PCURVE('',#159,#2148);
#2148 = DEFINITIONAL_REPRESENTATION('',(#2149),#2153);
#2149 = LINE('',#2150,#2151);
#2150 = CARTESIAN_POINT('',(0.,-2.));
#2151 = VECTOR('',#2152,1.);
#2152 = DIRECTION('',(1.,0.));
#2153 = ( GEOMETRIC_REPRESENTATION_CONTEXT(2) 
PARAMETRIC_REPRESENTATION_CONTEXT() REPRESENTATION_CONTEXT('2D SPACE',''
  ) );
#2154 = ORIENTED_EDGE('',*,*,#171,.T.);
#2155 = FACE_BOUND('',#2156,.T.);
#2156 = EDGE_LOOP('',(#2157));
#2157 = ORIENTED_EDGE('',*,*,#2158,.F.);
#2158 = EDGE_CURVE('',#2159,#2159,#2161,.T.);
#2159 = VERTEX_POINT('',#2160);
#2160 = CARTESIAN_POINT('',(-147.85,-121.5,628.));
#2161 = SURFACE_CURVE('',#2162,(#2167,#2174),.PCURVE_S1.);
#2162 = CIRCLE('',#2163,2.15);
#2163 = AXIS2_PLACEMENT_3D('',#2164,#2165,#2166);
#2164 = CARTESIAN_POINT('',(-150.,-121.5,628.));
#2165 = DIRECTION('',(0.,0.,1.));
#2166 = DIRECTION('',(1.,0.,-0.));
#2167 = PCURVE('',#72,#2168);
#2168 = DEFINITIONAL_REPRESENTATION('',(#2169),#2173);
#2169 = CIRCLE('',#2170,2.15);
#2170 = AXIS2_PLACEMENT_2D('',#2171,#2172);
#2171 = CARTESIAN_POINT('',(-150.,-121.5));
#2172 = DIRECTION('',(1.,0.));
#2173 = ( GEOMETRIC_REPRESENTATION_CONTEXT(2) 
PARAMETRIC_REPRESENTATION_CONTEXT() REPRESENTATION_CONTEXT('2D SPACE',''
  ) );
#2174 = PCURVE('',#443,#2175);
#2175 = DEFINITIONAL_REPRESENTATION('',(#2176),#2180);
#2176 = LINE('',#2177,#2178);
#2177 = CARTESIAN_POINT('',(0.,3.));
#2178 = VECTOR('',#2179,1.);
#2179 = DIRECTION('',(1.,0.));
#2180 = ( GEOMETRIC_REPRESENTATION_CONTEXT(2) 
PARAMETRIC_REPRESENTATION_CONTEXT() REPRESENTATION_CONTEXT('2D SPACE',''
  ) );
#2181 = FACE_BOUND('',#2182,.T.);
#2182 = EDGE_LOOP('',(#2183,#2206,#2227,#2248));
#2183 = ORIENTED_EDGE('',*,*,#2184,.T.);
#2184 = EDGE_CURVE('',#2185,#2187,#2189,.T.);
#2185 = VERTEX_POINT('',#2186);
#2186 = CARTESIAN_POINT('',(-135.,-113.5,628.));
#2187 = VERTEX_POINT('',#2188);
#2188 = CARTESIAN_POINT('',(-165.,-113.5,628.));
#2189 = SURFACE_CURVE('',#2190,(#2194,#2200),.PCURVE_S1.);
#2190 = LINE('',#2191,#2192);
#2191 = CARTESIAN_POINT('',(-82.5,-113.5,628.));
#2192 = VECTOR('',#2193,1.);
#2193 = DIRECTION('',(-1.,-0.,0.));
#2194 = PCURVE('',#72,#2195);
#2195 = DEFINITIONAL_REPRESENTATION('',(#2196),#2199);
#2196 = B_SPLINE_CURVE_WITH_KNOTS('',1,(#2197,#2198),.UNSPECIFIED.,.F.,
  .F.,(2,2),(52.5,82.5),.PIECEWISE_BEZIER_KNOTS.);
#2197 = CARTESIAN_POINT('',(-135.,-113.5));
#2198 = CARTESIAN_POINT('',(-165.,-113.5));
#2199 = ( GEOMETRIC_REPRESENTATION_CONTEXT(2) 
PARAMETRIC_REPRESENTATION_CONTEXT() REPRESENTATION_CONTEXT('2D SPACE',''
  ) );
#2200 = PCURVE('',#474,#2201);
#2201 = DEFINITIONAL_REPRESENTATION('',(#2202),#2205);
#2202 = B_SPLINE_CURVE_WITH_KNOTS('',1,(#2203,#2204),.UNSPECIFIED.,.F.,
  .F.,(2,2),(52.5,82.5),.PIECEWISE_BEZIER_KNOTS.);
#2203 = CARTESIAN_POINT('',(3.,30.));
#2204 = CARTESIAN_POINT('',(3.,0.));
#2205 = ( GEOMETRIC_REPRESENTATION_CONTEXT(2) 
PARAMETRIC_REPRESENTATION_CONTEXT() REPRESENTATION_CONTEXT('2D SPACE',''
  ) );
#2206 = ORIENTED_EDGE('',*,*,#2207,.T.);
#2207 = EDGE_CURVE('',#2187,#2208,#2210,.T.);
#2208 = VERTEX_POINT('',#2209);
#2209 = CARTESIAN_POINT('',(-165.,-109.5,628.));
#2210 = SURFACE_CURVE('',#2211,(#2215,#2221),.PCURVE_S1.);
#2211 = LINE('',#2212,#2213);
#2212 = CARTESIAN_POINT('',(-165.,-56.75,628.));
#2213 = VECTOR('',#2214,1.);
#2214 = DIRECTION('',(-0.,1.,0.));
#2215 = PCURVE('',#72,#2216);
#2216 = DEFINITIONAL_REPRESENTATION('',(#2217),#2220);
#2217 = B_SPLINE_CURVE_WITH_KNOTS('',1,(#2218,#2219),.UNSPECIFIED.,.F.,
  .F.,(2,2),(-56.75,-52.75),.PIECEWISE_BEZIER_KNOTS.);
#2218 = CARTESIAN_POINT('',(-165.,-113.5));
#2219 = CARTESIAN_POINT('',(-165.,-109.5));
#2220 = ( GEOMETRIC_REPRESENTATION_CONTEXT(2) 
PARAMETRIC_REPRESENTATION_CONTEXT() REPRESENTATION_CONTEXT('2D SPACE',''
  ) );
#2221 = PCURVE('',#500,#2222);
#2222 = DEFINITIONAL_REPRESENTATION('',(#2223),#2226);
#2223 = B_SPLINE_CURVE_WITH_KNOTS('',1,(#2224,#2225),.UNSPECIFIED.,.F.,
  .F.,(2,2),(-56.75,-52.75),.PIECEWISE_BEZIER_KNOTS.);
#2224 = CARTESIAN_POINT('',(3.,0.));
#2225 = CARTESIAN_POINT('',(3.,-4.));
#2226 = ( GEOMETRIC_REPRESENTATION_CONTEXT(2) 
PARAMETRIC_REPRESENTATION_CONTEXT() REPRESENTATION_CONTEXT('2D SPACE',''
  ) );
#2227 = ORIENTED_EDGE('',*,*,#2228,.F.);
#2228 = EDGE_CURVE('',#2229,#2208,#2231,.T.);
#2229 = VERTEX_POINT('',#2230);
#2230 = CARTESIAN_POINT('',(-135.,-109.5,628.));
#2231 = SURFACE_CURVE('',#2232,(#2236,#2242),.PCURVE_S1.);
#2232 = LINE('',#2233,#2234);
#2233 = CARTESIAN_POINT('',(-82.5,-109.5,628.));
#2234 = VECTOR('',#2235,1.);
#2235 = DIRECTION('',(-1.,-0.,0.));
#2236 = PCURVE('',#72,#2237);
#2237 = DEFINITIONAL_REPRESENTATION('',(#2238),#2241);
#2238 = B_SPLINE_CURVE_WITH_KNOTS('',1,(#2239,#2240),.UNSPECIFIED.,.F.,
  .F.,(2,2),(52.5,82.5),.PIECEWISE_BEZIER_KNOTS.);
#2239 = CARTESIAN_POINT('',(-135.,-109.5));
#2240 = CARTESIAN_POINT('',(-165.,-109.5));
#2241 = ( GEOMETRIC_REPRESENTATION_CONTEXT(2) 
PARAMETRIC_REPRESENTATION_CONTEXT() REPRESENTATION_CONTEXT('2D SPACE',''
  ) );
#2242 = PCURVE('',#526,#2243);
#2243 = DEFINITIONAL_REPRESENTATION('',(#2244),#2247);
#2244 = B_SPLINE_CURVE_WITH_KNOTS('',1,(#2245,#2246),.UNSPECIFIED.,.F.,
  .F.,(2,2),(52.5,82.5),.PIECEWISE_BEZIER_KNOTS.);
#2245 = CARTESIAN_POINT('',(3.,30.));
#2246 = CARTESIAN_POINT('',(3.,0.));
#2247 = ( GEOMETRIC_REPRESENTATION_CONTEXT(2) 
PARAMETRIC_REPRESENTATION_CONTEXT() REPRESENTATION_CONTEXT('2D SPACE',''
  ) );
#2248 = ORIENTED_EDGE('',*,*,#2249,.F.);
#2249 = EDGE_CURVE('',#2185,#2229,#2250,.T.);
#2250 = SURFACE_CURVE('',#2251,(#2255,#2261),.PCURVE_S1.);
#2251 = LINE('',#2252,#2253);
#2252 = CARTESIAN_POINT('',(-135.,-56.75,628.));
#2253 = VECTOR('',#2254,1.);
#2254 = DIRECTION('',(-0.,1.,0.));
#2255 = PCURVE('',#72,#2256);
#2256 = DEFINITIONAL_REPRESENTATION('',(#2257),#2260);
#2257 = B_SPLINE_CURVE_WITH_KNOTS('',1,(#2258,#2259),.UNSPECIFIED.,.F.,
  .F.,(2,2),(-56.75,-52.75),.PIECEWISE_BEZIER_KNOTS.);
#2258 = CARTESIAN_POINT('',(-135.,-113.5));
#2259 = CARTESIAN_POINT('',(-135.,-109.5));
#2260 = ( GEOMETRIC_REPRESENTATION_CONTEXT(2) 
PARAMETRIC_REPRESENTATION_CONTEXT() REPRESENTATION_CONTEXT('2D SPACE',''
  ) );
#2261 = PCURVE('',#550,#2262);
#2262 = DEFINITIONAL_REPRESENTATION('',(#2263),#2266);
#2263 = B_SPLINE_CURVE_WITH_KNOTS('',1,(#2264,#2265),.UNSPECIFIED.,.F.,
  .F.,(2,2),(-56.75,-52.75),.PIECEWISE_BEZIER_KNOTS.);
#2264 = CARTESIAN_POINT('',(3.,0.));
#2265 = CARTESIAN_POINT('',(3.,-4.));
#2266 = ( GEOMETRIC_REPRESENTATION_CONTEXT(2) 
PARAMETRIC_REPRESENTATION_CONTEXT() REPRESENTATION_CONTEXT('2D SPACE',''
  ) );
#2267 = FACE_BOUND('',#2268,.T.);
#2268 = EDGE_LOOP('',(#2269,#2292,#2313,#2334));
#2269 = ORIENTED_EDGE('',*,*,#2270,.T.);
#2270 = EDGE_CURVE('',#2271,#2273,#2275,.T.);
#2271 = VERTEX_POINT('',#2272);
#2272 = CARTESIAN_POINT('',(-45.,-113.5,628.));
#2273 = VERTEX_POINT('',#2274);
#2274 = CARTESIAN_POINT('',(-75.,-113.5,628.));
#2275 = SURFACE_CURVE('',#2276,(#2280,#2286),.PCURVE_S1.);
#2276 = LINE('',#2277,#2278);
#2277 = CARTESIAN_POINT('',(-37.5,-113.5,628.));
#2278 = VECTOR('',#2279,1.);
#2279 = DIRECTION('',(-1.,-0.,0.));
#2280 = PCURVE('',#72,#2281);
#2281 = DEFINITIONAL_REPRESENTATION('',(#2282),#2285);
#2282 = B_SPLINE_CURVE_WITH_KNOTS('',1,(#2283,#2284),.UNSPECIFIED.,.F.,
  .F.,(2,2),(7.5,37.5),.PIECEWISE_BEZIER_KNOTS.);
#2283 = CARTESIAN_POINT('',(-45.,-113.5));
#2284 = CARTESIAN_POINT('',(-75.,-113.5));
#2285 = ( GEOMETRIC_REPRESENTATION_CONTEXT(2) 
PARAMETRIC_REPRESENTATION_CONTEXT() REPRESENTATION_CONTEXT('2D SPACE',''
  ) );
#2286 = PCURVE('',#580,#2287);
#2287 = DEFINITIONAL_REPRESENTATION('',(#2288),#2291);
#2288 = B_SPLINE_CURVE_WITH_KNOTS('',1,(#2289,#2290),.UNSPECIFIED.,.F.,
  .F.,(2,2),(7.5,37.5),.PIECEWISE_BEZIER_KNOTS.);
#2289 = CARTESIAN_POINT('',(3.,30.));
#2290 = CARTESIAN_POINT('',(3.,0.));
#2291 = ( GEOMETRIC_REPRESENTATION_CONTEXT(2) 
PARAMETRIC_REPRESENTATION_CONTEXT() REPRESENTATION_CONTEXT('2D SPACE',''
  ) );
#2292 = ORIENTED_EDGE('',*,*,#2293,.T.);
#2293 = EDGE_CURVE('',#2273,#2294,#2296,.T.);
#2294 = VERTEX_POINT('',#2295);
#2295 = CARTESIAN_POINT('',(-75.,-109.5,628.));
#2296 = SURFACE_CURVE('',#2297,(#2301,#2307),.PCURVE_S1.);
#2297 = LINE('',#2298,#2299);
#2298 = CARTESIAN_POINT('',(-75.,-56.75,628.));
#2299 = VECTOR('',#2300,1.);
#2300 = DIRECTION('',(-0.,1.,0.));
#2301 = PCURVE('',#72,#2302);
#2302 = DEFINITIONAL_REPRESENTATION('',(#2303),#2306);
#2303 = B_SPLINE_CURVE_WITH_KNOTS('',1,(#2304,#2305),.UNSPECIFIED.,.F.,
  .F.,(2,2),(-56.75,-52.75),.PIECEWISE_BEZIER_KNOTS.);
#2304 = CARTESIAN_POINT('',(-75.,-113.5));
#2305 = CARTESIAN_POINT('',(-75.,-109.5));
#2306 = ( GEOMETRIC_REPRESENTATION_CONTEXT(2) 
PARAMETRIC_REPRESENTATION_CONTEXT() REPRESENTATION_CONTEXT('2D SPACE',''
  ) );
#2307 = PCURVE('',#606,#2308);
#2308 = DEFINITIONAL_REPRESENTATION('',(#2309),#2312);
#2309 = B_SPLINE_CURVE_WITH_KNOTS('',1,(#2310,#2311),.UNSPECIFIED.,.F.,
  .F.,(2,2),(-56.75,-52.75),.PIECEWISE_BEZIER_KNOTS.);
#2310 = CARTESIAN_POINT('',(3.,0.));
#2311 = CARTESIAN_POINT('',(3.,-4.));
#2312 = ( GEOMETRIC_REPRESENTATION_CONTEXT(2) 
PARAMETRIC_REPRESENTATION_CONTEXT() REPRESENTATION_CONTEXT('2D SPACE',''
  ) );
#2313 = ORIENTED_EDGE('',*,*,#2314,.F.);
#2314 = EDGE_CURVE('',#2315,#2294,#2317,.T.);
#2315 = VERTEX_POINT('',#2316);
#2316 = CARTESIAN_POINT('',(-45.,-109.5,628.));
#2317 = SURFACE_CURVE('',#2318,(#2322,#2328),.PCURVE_S1.);
#2318 = LINE('',#2319,#2320);
#2319 = CARTESIAN_POINT('',(-37.5,-109.5,628.));
#2320 = VECTOR('',#2321,1.);
#2321 = DIRECTION('',(-1.,-0.,0.));
#2322 = PCURVE('',#72,#2323);
#2323 = DEFINITIONAL_REPRESENTATION('',(#2324),#2327);
#2324 = B_SPLINE_CURVE_WITH_KNOTS('',1,(#2325,#2326),.UNSPECIFIED.,.F.,
  .F.,(2,2),(7.5,37.5),.PIECEWISE_BEZIER_KNOTS.);
#2325 = CARTESIAN_POINT('',(-45.,-109.5));
#2326 = CARTESIAN_POINT('',(-75.,-109.5));
#2327 = ( GEOMETRIC_REPRESENTATION_CONTEXT(2) 
PARAMETRIC_REPRESENTATION_CONTEXT() REPRESENTATION_CONTEXT('2D SPACE',''
  ) );
#2328 = PCURVE('',#632,#2329);
#2329 = DEFINITIONAL_REPRESENTATION('',(#2330),#2333);
#2330 = B_SPLINE_CURVE_WITH_KNOTS('',1,(#2331,#2332),.UNSPECIFIED.,.F.,
  .F.,(2,2),(7.5,37.5),.PIECEWISE_BEZIER_KNOTS.);
#2331 = CARTESIAN_POINT('',(3.,30.));
#2332 = CARTESIAN_POINT('',(3.,0.));
#2333 = ( GEOMETRIC_REPRESENTATION_CONTEXT(2) 
PARAMETRIC_REPRESENTATION_CONTEXT() REPRESENTATION_CONTEXT('2D SPACE',''
  ) );
#2334 = ORIENTED_EDGE('',*,*,#2335,.F.);
#2335 = EDGE_CURVE('',#2271,#2315,#2336,.T.);
#2336 = SURFACE_CURVE('',#2337,(#2341,#2347),.PCURVE_S1.);
#2337 = LINE('',#2338,#2339);
#2338 = CARTESIAN_POINT('',(-45.,-56.75,628.));
#2339 = VECTOR('',#2340,1.);
#2340 = DIRECTION('',(-0.,1.,0.));
#2341 = PCURVE('',#72,#2342);
#2342 = DEFINITIONAL_REPRESENTATION('',(#2343),#2346);
#2343 = B_SPLINE_CURVE_WITH_KNOTS('',1,(#2344,#2345),.UNSPECIFIED.,.F.,
  .F.,(2,2),(-56.75,-52.75),.PIECEWISE_BEZIER_KNOTS.);
#2344 = CARTESIAN_POINT('',(-45.,-113.5));
#2345 = CARTESIAN_POINT('',(-45.,-109.5));
#2346 = ( GEOMETRIC_REPRESENTATION_CONTEXT(2) 
PARAMETRIC_REPRESENTATION_CONTEXT() REPRESENTATION_CONTEXT('2D SPACE',''
  ) );
#2347 = PCURVE('',#656,#2348);
#2348 = DEFINITIONAL_REPRESENTATION('',(#2349),#2352);
#2349 = B_SPLINE_CURVE_WITH_KNOTS('',1,(#2350,#2351),.UNSPECIFIED.,.F.,
  .F.,(2,2),(-56.75,-52.75),.PIECEWISE_BEZIER_KNOTS.);
#2350 = CARTESIAN_POINT('',(3.,0.));
#2351 = CARTESIAN_POINT('',(3.,-4.));
#2352 = ( GEOMETRIC_REPRESENTATION_CONTEXT(2) 
PARAMETRIC_REPRESENTATION_CONTEXT() REPRESENTATION_CONTEXT('2D SPACE',''
  ) );
#2353 = FACE_BOUND('',#2354,.T.);
#2354 = EDGE_LOOP('',(#2355,#2378,#2399,#2420));
#2355 = ORIENTED_EDGE('',*,*,#2356,.T.);
#2356 = EDGE_CURVE('',#2357,#2359,#2361,.T.);
#2357 = VERTEX_POINT('',#2358);
#2358 = CARTESIAN_POINT('',(-50.,-92.,628.));
#2359 = VERTEX_POINT('',#2360);
#2360 = CARTESIAN_POINT('',(-170.,-92.,628.));
#2361 = SURFACE_CURVE('',#2362,(#2366,#2372),.PCURVE_S1.);
#2362 = LINE('',#2363,#2364);
#2363 = CARTESIAN_POINT('',(-85.,-92.,628.));
#2364 = VECTOR('',#2365,1.);
#2365 = DIRECTION('',(-1.,-0.,0.));
#2366 = PCURVE('',#72,#2367);
#2367 = DEFINITIONAL_REPRESENTATION('',(#2368),#2371);
#2368 = B_SPLINE_CURVE_WITH_KNOTS('',1,(#2369,#2370),.UNSPECIFIED.,.F.,
  .F.,(2,2),(-35.,85.),.PIECEWISE_BEZIER_KNOTS.);
#2369 = CARTESIAN_POINT('',(-50.,-92.));
#2370 = CARTESIAN_POINT('',(-170.,-92.));
#2371 = ( GEOMETRIC_REPRESENTATION_CONTEXT(2) 
PARAMETRIC_REPRESENTATION_CONTEXT() REPRESENTATION_CONTEXT('2D SPACE',''
  ) );
#2372 = PCURVE('',#686,#2373);
#2373 = DEFINITIONAL_REPRESENTATION('',(#2374),#2377);
#2374 = B_SPLINE_CURVE_WITH_KNOTS('',1,(#2375,#2376),.UNSPECIFIED.,.F.,
  .F.,(2,2),(-35.,85.),.PIECEWISE_BEZIER_KNOTS.);
#2375 = CARTESIAN_POINT('',(3.,120.));
#2376 = CARTESIAN_POINT('',(3.,0.));
#2377 = ( GEOMETRIC_REPRESENTATION_CONTEXT(2) 
PARAMETRIC_REPRESENTATION_CONTEXT() REPRESENTATION_CONTEXT('2D SPACE',''
  ) );
#2378 = ORIENTED_EDGE('',*,*,#2379,.T.);
#2379 = EDGE_CURVE('',#2359,#2380,#2382,.T.);
#2380 = VERTEX_POINT('',#2381);
#2381 = CARTESIAN_POINT('',(-170.,-32.,628.));
#2382 = SURFACE_CURVE('',#2383,(#2387,#2393),.PCURVE_S1.);
#2383 = LINE('',#2384,#2385);
#2384 = CARTESIAN_POINT('',(-170.,-46.,628.));
#2385 = VECTOR('',#2386,1.);
#2386 = DIRECTION('',(-0.,1.,0.));
#2387 = PCURVE('',#72,#2388);
#2388 = DEFINITIONAL_REPRESENTATION('',(#2389),#2392);
#2389 = B_SPLINE_CURVE_WITH_KNOTS('',1,(#2390,#2391),.UNSPECIFIED.,.F.,
  .F.,(2,2),(-46.,14.),.PIECEWISE_BEZIER_KNOTS.);
#2390 = CARTESIAN_POINT('',(-170.,-92.));
#2391 = CARTESIAN_POINT('',(-170.,-32.));
#2392 = ( GEOMETRIC_REPRESENTATION_CONTEXT(2) 
PARAMETRIC_REPRESENTATION_CONTEXT() REPRESENTATION_CONTEXT('2D SPACE',''
  ) );
#2393 = PCURVE('',#712,#2394);
#2394 = DEFINITIONAL_REPRESENTATION('',(#2395),#2398);
#2395 = B_SPLINE_CURVE_WITH_KNOTS('',1,(#2396,#2397),.UNSPECIFIED.,.F.,
  .F.,(2,2),(-46.,14.),.PIECEWISE_BEZIER_KNOTS.);
#2396 = CARTESIAN_POINT('',(3.,0.));
#2397 = CARTESIAN_POINT('',(3.,-60.));
#2398 = ( GEOMETRIC_REPRESENTATION_CONTEXT(2) 
PARAMETRIC_REPRESENTATION_CONTEXT() REPRESENTATION_CONTEXT('2D SPACE',''
  ) );
#2399 = ORIENTED_EDGE('',*,*,#2400,.F.);
#2400 = EDGE_CURVE('',#2401,#2380,#2403,.T.);
#2401 = VERTEX_POINT('',#2402);
#2402 = CARTESIAN_POINT('',(-50.,-32.,628.));
#2403 = SURFACE_CURVE('',#2404,(#2408,#2414),.PCURVE_S1.);
#2404 = LINE('',#2405,#2406);
#2405 = CARTESIAN_POINT('',(-85.,-32.,628.));
#2406 = VECTOR('',#2407,1.);
#2407 = DIRECTION('',(-1.,-0.,0.));
#2408 = PCURVE('',#72,#2409);
#2409 = DEFINITIONAL_REPRESENTATION('',(#2410),#2413);
#2410 = B_SPLINE_CURVE_WITH_KNOTS('',1,(#2411,#2412),.UNSPECIFIED.,.F.,
  .F.,(2,2),(-35.,85.),.PIECEWISE_BEZIER_KNOTS.);
#2411 = CARTESIAN_POINT('',(-50.,-32.));
#2412 = CARTESIAN_POINT('',(-170.,-32.));
#2413 = ( GEOMETRIC_REPRESENTATION_CONTEXT(2) 
PARAMETRIC_REPRESENTATION_CONTEXT() REPRESENTATION_CONTEXT('2D SPACE',''
  ) );
#2414 = PCURVE('',#738,#2415);
#2415 = DEFINITIONAL_REPRESENTATION('',(#2416),#2419);
#2416 = B_SPLINE_CURVE_WITH_KNOTS('',1,(#2417,#2418),.UNSPECIFIED.,.F.,
  .F.,(2,2),(-35.,85.),.PIECEWISE_BEZIER_KNOTS.);
#2417 = CARTESIAN_POINT('',(3.,120.));
#2418 = CARTESIAN_POINT('',(3.,0.));
#2419 = ( GEOMETRIC_REPRESENTATION_CONTEXT(2) 
PARAMETRIC_REPRESENTATION_CONTEXT() REPRESENTATION_CONTEXT('2D SPACE',''
  ) );
#2420 = ORIENTED_EDGE('',*,*,#2421,.F.);
#2421 = EDGE_CURVE('',#2357,#2401,#2422,.T.);
#2422 = SURFACE_CURVE('',#2423,(#2427,#2433),.PCURVE_S1.);
#2423 = LINE('',#2424,#2425);
#2424 = CARTESIAN_POINT('',(-50.,-46.,628.));
#2425 = VECTOR('',#2426,1.);
#2426 = DIRECTION('',(-0.,1.,0.));
#2427 = PCURVE('',#72,#2428);
#2428 = DEFINITIONAL_REPRESENTATION('',(#2429),#2432);
#2429 = B_SPLINE_CURVE_WITH_KNOTS('',1,(#2430,#2431),.UNSPECIFIED.,.F.,
  .F.,(2,2),(-46.,14.),.PIECEWISE_BEZIER_KNOTS.);
#2430 = CARTESIAN_POINT('',(-50.,-92.));
#2431 = CARTESIAN_POINT('',(-50.,-32.));
#2432 = ( GEOMETRIC_REPRESENTATION_CONTEXT(2) 
PARAMETRIC_REPRESENTATION_CONTEXT() REPRESENTATION_CONTEXT('2D SPACE',''
  ) );
#2433 = PCURVE('',#762,#2434);
#2434 = DEFINITIONAL_REPRESENTATION('',(#2435),#2438);
#2435 = B_SPLINE_CURVE_WITH_KNOTS('',1,(#2436,#2437),.UNSPECIFIED.,.F.,
  .F.,(2,2),(-46.,14.),.PIECEWISE_BEZIER_KNOTS.);
#2436 = CARTESIAN_POINT('',(3.,0.));
#2437 = CARTESIAN_POINT('',(3.,-60.));
#2438 = ( GEOMETRIC_REPRESENTATION_CONTEXT(2) 
PARAMETRIC_REPRESENTATION_CONTEXT() REPRESENTATION_CONTEXT('2D SPACE',''
  ) );
#2439 = FACE_BOUND('',#2440,.T.);
#2440 = EDGE_LOOP('',(#2441));
#2441 = ORIENTED_EDGE('',*,*,#2442,.F.);
#2442 = EDGE_CURVE('',#2443,#2443,#2445,.T.);
#2443 = VERTEX_POINT('',#2444);
#2444 = CARTESIAN_POINT('',(1.65,-130.,628.));
#2445 = SURFACE_CURVE('',#2446,(#2451,#2458),.PCURVE_S1.);
#2446 = CIRCLE('',#2447,1.65);
#2447 = AXIS2_PLACEMENT_3D('',#2448,#2449,#2450);
#2448 = CARTESIAN_POINT('',(0.,-130.,628.));
#2449 = DIRECTION('',(0.,0.,1.));
#2450 = DIRECTION('',(1.,0.,-0.));
#2451 = PCURVE('',#72,#2452);
#2452 = DEFINITIONAL_REPRESENTATION('',(#2453),#2457);
#2453 = CIRCLE('',#2454,1.65);
#2454 = AXIS2_PLACEMENT_2D('',#2455,#2456);
#2455 = CARTESIAN_POINT('',(8.156964736144E-15,-130.));
#2456 = DIRECTION('',(1.,0.));
#2457 = ( GEOMETRIC_REPRESENTATION_CONTEXT(2) 
PARAMETRIC_REPRESENTATION_CONTEXT() REPRESENTATION_CONTEXT('2D SPACE',''
  ) );
#2458 = PCURVE('',#792,#2459);
#2459 = DEFINITIONAL_REPRESENTATION('',(#2460),#2464);
#2460 = LINE('',#2461,#2462);
#2461 = CARTESIAN_POINT('',(0.,3.));
#2462 = VECTOR('',#2463,1.);
#2463 = DIRECTION('',(1.,0.));
#2464 = ( GEOMETRIC_REPRESENTATION_CONTEXT(2) 
PARAMETRIC_REPRESENTATION_CONTEXT() REPRESENTATION_CONTEXT('2D SPACE',''
  ) );
#2465 = FACE_BOUND('',#2466,.T.);
#2466 = EDGE_LOOP('',(#2467));
#2467 = ORIENTED_EDGE('',*,*,#2468,.F.);
#2468 = EDGE_CURVE('',#2469,#2469,#2471,.T.);
#2469 = VERTEX_POINT('',#2470);
#2470 = CARTESIAN_POINT('',(2.15,-121.5,628.));
#2471 = SURFACE_CURVE('',#2472,(#2477,#2484),.PCURVE_S1.);
#2472 = CIRCLE('',#2473,2.15);
#2473 = AXIS2_PLACEMENT_3D('',#2474,#2475,#2476);
#2474 = CARTESIAN_POINT('',(0.,-121.5,628.));
#2475 = DIRECTION('',(0.,0.,1.));
#2476 = DIRECTION('',(1.,0.,-0.));
#2477 = PCURVE('',#72,#2478);
#2478 = DEFINITIONAL_REPRESENTATION('',(#2479),#2483);
#2479 = CIRCLE('',#2480,2.15);
#2480 = AXIS2_PLACEMENT_2D('',#2481,#2482);
#2481 = CARTESIAN_POINT('',(8.156964736144E-15,-121.5));
#2482 = DIRECTION('',(1.,0.));
#2483 = ( GEOMETRIC_REPRESENTATION_CONTEXT(2) 
PARAMETRIC_REPRESENTATION_CONTEXT() REPRESENTATION_CONTEXT('2D SPACE',''
  ) );
#2484 = PCURVE('',#823,#2485);
#2485 = DEFINITIONAL_REPRESENTATION('',(#2486),#2490);
#2486 = LINE('',#2487,#2488);
#2487 = CARTESIAN_POINT('',(0.,3.));
#2488 = VECTOR('',#2489,1.);
#2489 = DIRECTION('',(1.,0.));
#2490 = ( GEOMETRIC_REPRESENTATION_CONTEXT(2) 
PARAMETRIC_REPRESENTATION_CONTEXT() REPRESENTATION_CONTEXT('2D SPACE',''
  ) );
#2491 = FACE_BOUND('',#2492,.T.);
#2492 = EDGE_LOOP('',(#2493,#2516,#2537,#2558));
#2493 = ORIENTED_EDGE('',*,*,#2494,.T.);
#2494 = EDGE_CURVE('',#2495,#2497,#2499,.T.);
#2495 = VERTEX_POINT('',#2496);
#2496 = CARTESIAN_POINT('',(75.,-113.5,628.));
#2497 = VERTEX_POINT('',#2498);
#2498 = CARTESIAN_POINT('',(45.,-113.5,628.));
#2499 = SURFACE_CURVE('',#2500,(#2504,#2510),.PCURVE_S1.);
#2500 = LINE('',#2501,#2502);
#2501 = CARTESIAN_POINT('',(22.5,-113.5,628.));
#2502 = VECTOR('',#2503,1.);
#2503 = DIRECTION('',(-1.,-0.,0.));
#2504 = PCURVE('',#72,#2505);
#2505 = DEFINITIONAL_REPRESENTATION('',(#2506),#2509);
#2506 = B_SPLINE_CURVE_WITH_KNOTS('',1,(#2507,#2508),.UNSPECIFIED.,.F.,
  .F.,(2,2),(-52.5,-22.5),.PIECEWISE_BEZIER_KNOTS.);
#2507 = CARTESIAN_POINT('',(75.,-113.5));
#2508 = CARTESIAN_POINT('',(45.,-113.5));
#2509 = ( GEOMETRIC_REPRESENTATION_CONTEXT(2) 
PARAMETRIC_REPRESENTATION_CONTEXT() REPRESENTATION_CONTEXT('2D SPACE',''
  ) );
#2510 = PCURVE('',#854,#2511);
#2511 = DEFINITIONAL_REPRESENTATION('',(#2512),#2515);
#2512 = B_SPLINE_CURVE_WITH_KNOTS('',1,(#2513,#2514),.UNSPECIFIED.,.F.,
  .F.,(2,2),(-52.5,-22.5),.PIECEWISE_BEZIER_KNOTS.);
#2513 = CARTESIAN_POINT('',(3.,30.));
#2514 = CARTESIAN_POINT('',(3.,0.));
#2515 = ( GEOMETRIC_REPRESENTATION_CONTEXT(2) 
PARAMETRIC_REPRESENTATION_CONTEXT() REPRESENTATION_CONTEXT('2D SPACE',''
  ) );
#2516 = ORIENTED_EDGE('',*,*,#2517,.T.);
#2517 = EDGE_CURVE('',#2497,#2518,#2520,.T.);
#2518 = VERTEX_POINT('',#2519);
#2519 = CARTESIAN_POINT('',(45.,-109.5,628.));
#2520 = SURFACE_CURVE('',#2521,(#2525,#2531),.PCURVE_S1.);
#2521 = LINE('',#2522,#2523);
#2522 = CARTESIAN_POINT('',(45.,-56.75,628.));
#2523 = VECTOR('',#2524,1.);
#2524 = DIRECTION('',(-0.,1.,0.));
#2525 = PCURVE('',#72,#2526);
#2526 = DEFINITIONAL_REPRESENTATION('',(#2527),#2530);
#2527 = B_SPLINE_CURVE_WITH_KNOTS('',1,(#2528,#2529),.UNSPECIFIED.,.F.,
  .F.,(2,2),(-56.75,-52.75),.PIECEWISE_BEZIER_KNOTS.);
#2528 = CARTESIAN_POINT('',(45.,-113.5));
#2529 = CARTESIAN_POINT('',(45.,-109.5));
#2530 = ( GEOMETRIC_REPRESENTATION_CONTEXT(2) 
PARAMETRIC_REPRESENTATION_CONTEXT() REPRESENTATION_CONTEXT('2D SPACE',''
  ) );
#2531 = PCURVE('',#880,#2532);
#2532 = DEFINITIONAL_REPRESENTATION('',(#2533),#2536);
#2533 = B_SPLINE_CURVE_WITH_KNOTS('',1,(#2534,#2535),.UNSPECIFIED.,.F.,
  .F.,(2,2),(-56.75,-52.75),.PIECEWISE_BEZIER_KNOTS.);
#2534 = CARTESIAN_POINT('',(3.,0.));
#2535 = CARTESIAN_POINT('',(3.,-4.));
#2536 = ( GEOMETRIC_REPRESENTATION_CONTEXT(2) 
PARAMETRIC_REPRESENTATION_CONTEXT() REPRESENTATION_CONTEXT('2D SPACE',''
  ) );
#2537 = ORIENTED_EDGE('',*,*,#2538,.F.);
#2538 = EDGE_CURVE('',#2539,#2518,#2541,.T.);
#2539 = VERTEX_POINT('',#2540);
#2540 = CARTESIAN_POINT('',(75.,-109.5,628.));
#2541 = SURFACE_CURVE('',#2542,(#2546,#2552),.PCURVE_S1.);
#2542 = LINE('',#2543,#2544);
#2543 = CARTESIAN_POINT('',(22.5,-109.5,628.));
#2544 = VECTOR('',#2545,1.);
#2545 = DIRECTION('',(-1.,-0.,0.));
#2546 = PCURVE('',#72,#2547);
#2547 = DEFINITIONAL_REPRESENTATION('',(#2548),#2551);
#2548 = B_SPLINE_CURVE_WITH_KNOTS('',1,(#2549,#2550),.UNSPECIFIED.,.F.,
  .F.,(2,2),(-52.5,-22.5),.PIECEWISE_BEZIER_KNOTS.);
#2549 = CARTESIAN_POINT('',(75.,-109.5));
#2550 = CARTESIAN_POINT('',(45.,-109.5));
#2551 = ( GEOMETRIC_REPRESENTATION_CONTEXT(2) 
PARAMETRIC_REPRESENTATION_CONTEXT() REPRESENTATION_CONTEXT('2D SPACE',''
  ) );
#2552 = PCURVE('',#906,#2553);
#2553 = DEFINITIONAL_REPRESENTATION('',(#2554),#2557);
#2554 = B_SPLINE_CURVE_WITH_KNOTS('',1,(#2555,#2556),.UNSPECIFIED.,.F.,
  .F.,(2,2),(-52.5,-22.5),.PIECEWISE_BEZIER_KNOTS.);
#2555 = CARTESIAN_POINT('',(3.,30.));
#2556 = CARTESIAN_POINT('',(3.,0.));
#2557 = ( GEOMETRIC_REPRESENTATION_CONTEXT(2) 
PARAMETRIC_REPRESENTATION_CONTEXT() REPRESENTATION_CONTEXT('2D SPACE',''
  ) );
#2558 = ORIENTED_EDGE('',*,*,#2559,.F.);
#2559 = EDGE_CURVE('',#2495,#2539,#2560,.T.);
#2560 = SURFACE_CURVE('',#2561,(#2565,#2571),.PCURVE_S1.);
#2561 = LINE('',#2562,#2563);
#2562 = CARTESIAN_POINT('',(75.,-56.75,628.));
#2563 = VECTOR('',#2564,1.);
#2564 = DIRECTION('',(-0.,1.,0.));
#2565 = PCURVE('',#72,#2566);
#2566 = DEFINITIONAL_REPRESENTATION('',(#2567),#2570);
#2567 = B_SPLINE_CURVE_WITH_KNOTS('',1,(#2568,#2569),.UNSPECIFIED.,.F.,
  .F.,(2,2),(-56.75,-52.75),.PIECEWISE_BEZIER_KNOTS.);
#2568 = CARTESIAN_POINT('',(75.,-113.5));
#2569 = CARTESIAN_POINT('',(75.,-109.5));
#2570 = ( GEOMETRIC_REPRESENTATION_CONTEXT(2) 
PARAMETRIC_REPRESENTATION_CONTEXT() REPRESENTATION_CONTEXT('2D SPACE',''
  ) );
#2571 = PCURVE('',#930,#2572);
#2572 = DEFINITIONAL_REPRESENTATION('',(#2573),#2576);
#2573 = B_SPLINE_CURVE_WITH_KNOTS('',1,(#2574,#2575),.UNSPECIFIED.,.F.,
  .F.,(2,2),(-56.75,-52.75),.PIECEWISE_BEZIER_KNOTS.);
#2574 = CARTESIAN_POINT('',(3.,0.));
#2575 = CARTESIAN_POINT('',(3.,-4.));
#2576 = ( GEOMETRIC_REPRESENTATION_CONTEXT(2) 
PARAMETRIC_REPRESENTATION_CONTEXT() REPRESENTATION_CONTEXT('2D SPACE',''
  ) );
#2577 = FACE_BOUND('',#2578,.T.);
#2578 = EDGE_LOOP('',(#2579));
#2579 = ORIENTED_EDGE('',*,*,#2580,.F.);
#2580 = EDGE_CURVE('',#2581,#2581,#2583,.T.);
#2581 = VERTEX_POINT('',#2582);
#2582 = CARTESIAN_POINT('',(152.15,-121.5,628.));
#2583 = SURFACE_CURVE('',#2584,(#2589,#2596),.PCURVE_S1.);
#2584 = CIRCLE('',#2585,2.15);
#2585 = AXIS2_PLACEMENT_3D('',#2586,#2587,#2588);
#2586 = CARTESIAN_POINT('',(150.,-121.5,628.));
#2587 = DIRECTION('',(0.,0.,1.));
#2588 = DIRECTION('',(1.,0.,-0.));
#2589 = PCURVE('',#72,#2590);
#2590 = DEFINITIONAL_REPRESENTATION('',(#2591),#2595);
#2591 = CIRCLE('',#2592,2.15);
#2592 = AXIS2_PLACEMENT_2D('',#2593,#2594);
#2593 = CARTESIAN_POINT('',(150.,-121.5));
#2594 = DIRECTION('',(1.,0.));
#2595 = ( GEOMETRIC_REPRESENTATION_CONTEXT(2) 
PARAMETRIC_REPRESENTATION_CONTEXT() REPRESENTATION_CONTEXT('2D SPACE',''
  ) );
#2596 = PCURVE('',#960,#2597);
#2597 = DEFINITIONAL_REPRESENTATION('',(#2598),#2602);
#2598 = LINE('',#2599,#2600);
#2599 = CARTESIAN_POINT('',(0.,3.));
#2600 = VECTOR('',#2601,1.);
#2601 = DIRECTION('',(1.,0.));
#2602 = ( GEOMETRIC_REPRESENTATION_CONTEXT(2) 
PARAMETRIC_REPRESENTATION_CONTEXT() REPRESENTATION_CONTEXT('2D SPACE',''
  ) );
#2603 = FACE_BOUND('',#2604,.T.);
#2604 = EDGE_LOOP('',(#2605,#2628,#2649,#2670));
#2605 = ORIENTED_EDGE('',*,*,#2606,.T.);
#2606 = EDGE_CURVE('',#2607,#2609,#2611,.T.);
#2607 = VERTEX_POINT('',#2608);
#2608 = CARTESIAN_POINT('',(165.,-113.5,628.));
#2609 = VERTEX_POINT('',#2610);
#2610 = CARTESIAN_POINT('',(135.,-113.5,628.));
#2611 = SURFACE_CURVE('',#2612,(#2616,#2622),.PCURVE_S1.);
#2612 = LINE('',#2613,#2614);
#2613 = CARTESIAN_POINT('',(67.5,-113.5,628.));
#2614 = VECTOR('',#2615,1.);
#2615 = DIRECTION('',(-1.,-0.,0.));
#2616 = PCURVE('',#72,#2617);
#2617 = DEFINITIONAL_REPRESENTATION('',(#2618),#2621);
#2618 = B_SPLINE_CURVE_WITH_KNOTS('',1,(#2619,#2620),.UNSPECIFIED.,.F.,
  .F.,(2,2),(-97.5,-67.5),.PIECEWISE_BEZIER_KNOTS.);
#2619 = CARTESIAN_POINT('',(165.,-113.5));
#2620 = CARTESIAN_POINT('',(135.,-113.5));
#2621 = ( GEOMETRIC_REPRESENTATION_CONTEXT(2) 
PARAMETRIC_REPRESENTATION_CONTEXT() REPRESENTATION_CONTEXT('2D SPACE',''
  ) );
#2622 = PCURVE('',#991,#2623);
#2623 = DEFINITIONAL_REPRESENTATION('',(#2624),#2627);
#2624 = B_SPLINE_CURVE_WITH_KNOTS('',1,(#2625,#2626),.UNSPECIFIED.,.F.,
  .F.,(2,2),(-97.5,-67.5),.PIECEWISE_BEZIER_KNOTS.);
#2625 = CARTESIAN_POINT('',(3.,30.));
#2626 = CARTESIAN_POINT('',(3.,0.));
#2627 = ( GEOMETRIC_REPRESENTATION_CONTEXT(2) 
PARAMETRIC_REPRESENTATION_CONTEXT() REPRESENTATION_CONTEXT('2D SPACE',''
  ) );
#2628 = ORIENTED_EDGE('',*,*,#2629,.T.);
#2629 = EDGE_CURVE('',#2609,#2630,#2632,.T.);
#2630 = VERTEX_POINT('',#2631);
#2631 = CARTESIAN_POINT('',(135.,-109.5,628.));
#2632 = SURFACE_CURVE('',#2633,(#2637,#2643),.PCURVE_S1.);
#2633 = LINE('',#2634,#2635);
#2634 = CARTESIAN_POINT('',(135.,-56.75,628.));
#2635 = VECTOR('',#2636,1.);
#2636 = DIRECTION('',(-0.,1.,0.));
#2637 = PCURVE('',#72,#2638);
#2638 = DEFINITIONAL_REPRESENTATION('',(#2639),#2642);
#2639 = B_SPLINE_CURVE_WITH_KNOTS('',1,(#2640,#2641),.UNSPECIFIED.,.F.,
  .F.,(2,2),(-56.75,-52.75),.PIECEWISE_BEZIER_KNOTS.);
#2640 = CARTESIAN_POINT('',(135.,-113.5));
#2641 = CARTESIAN_POINT('',(135.,-109.5));
#2642 = ( GEOMETRIC_REPRESENTATION_CONTEXT(2) 
PARAMETRIC_REPRESENTATION_CONTEXT() REPRESENTATION_CONTEXT('2D SPACE',''
  ) );
#2643 = PCURVE('',#1017,#2644);
#2644 = DEFINITIONAL_REPRESENTATION('',(#2645),#2648);
#2645 = B_SPLINE_CURVE_WITH_KNOTS('',1,(#2646,#2647),.UNSPECIFIED.,.F.,
  .F.,(2,2),(-56.75,-52.75),.PIECEWISE_BEZIER_KNOTS.);
#2646 = CARTESIAN_POINT('',(3.,0.));
#2647 = CARTESIAN_POINT('',(3.,-4.));
#2648 = ( GEOMETRIC_REPRESENTATION_CONTEXT(2) 
PARAMETRIC_REPRESENTATION_CONTEXT() REPRESENTATION_CONTEXT('2D SPACE',''
  ) );
#2649 = ORIENTED_EDGE('',*,*,#2650,.F.);
#2650 = EDGE_CURVE('',#2651,#2630,#2653,.T.);
#2651 = VERTEX_POINT('',#2652);
#2652 = CARTESIAN_POINT('',(165.,-109.5,628.));
#2653 = SURFACE_CURVE('',#2654,(#2658,#2664),.PCURVE_S1.);
#2654 = LINE('',#2655,#2656);
#2655 = CARTESIAN_POINT('',(67.5,-109.5,628.));
#2656 = VECTOR('',#2657,1.);
#2657 = DIRECTION('',(-1.,-0.,0.));
#2658 = PCURVE('',#72,#2659);
#2659 = DEFINITIONAL_REPRESENTATION('',(#2660),#2663);
#2660 = B_SPLINE_CURVE_WITH_KNOTS('',1,(#2661,#2662),.UNSPECIFIED.,.F.,
  .F.,(2,2),(-97.5,-67.5),.PIECEWISE_BEZIER_KNOTS.);
#2661 = CARTESIAN_POINT('',(165.,-109.5));
#2662 = CARTESIAN_POINT('',(135.,-109.5));
#2663 = ( GEOMETRIC_REPRESENTATION_CONTEXT(2) 
PARAMETRIC_REPRESENTATION_CONTEXT() REPRESENTATION_CONTEXT('2D SPACE',''
  ) );
#2664 = PCURVE('',#1043,#2665);
#2665 = DEFINITIONAL_REPRESENTATION('',(#2666),#2669);
#2666 = B_SPLINE_CURVE_WITH_KNOTS('',1,(#2667,#2668),.UNSPECIFIED.,.F.,
  .F.,(2,2),(-97.5,-67.5),.PIECEWISE_BEZIER_KNOTS.);
#2667 = CARTESIAN_POINT('',(3.,30.));
#2668 = CARTESIAN_POINT('',(3.,0.));
#2669 = ( GEOMETRIC_REPRESENTATION_CONTEXT(2) 
PARAMETRIC_REPRESENTATION_CONTEXT() REPRESENTATION_CONTEXT('2D SPACE',''
  ) );
#2670 = ORIENTED_EDGE('',*,*,#2671,.F.);
#2671 = EDGE_CURVE('',#2607,#2651,#2672,.T.);
#2672 = SURFACE_CURVE('',#2673,(#2677,#2683),.PCURVE_S1.);
#2673 = LINE('',#2674,#2675);
#2674 = CARTESIAN_POINT('',(165.,-56.75,628.));
#2675 = VECTOR('',#2676,1.);
#2676 = DIRECTION('',(-0.,1.,0.));
#2677 = PCURVE('',#72,#2678);
#2678 = DEFINITIONAL_REPRESENTATION('',(#2679),#2682);
#2679 = B_SPLINE_CURVE_WITH_KNOTS('',1,(#2680,#2681),.UNSPECIFIED.,.F.,
  .F.,(2,2),(-56.75,-52.75),.PIECEWISE_BEZIER_KNOTS.);
#2680 = CARTESIAN_POINT('',(165.,-113.5));
#2681 = CARTESIAN_POINT('',(165.,-109.5));
#2682 = ( GEOMETRIC_REPRESENTATION_CONTEXT(2) 
PARAMETRIC_REPRESENTATION_CONTEXT() REPRESENTATION_CONTEXT('2D SPACE',''
  ) );
#2683 = PCURVE('',#1067,#2684);
#2684 = DEFINITIONAL_REPRESENTATION('',(#2685),#2688);
#2685 = B_SPLINE_CURVE_WITH_KNOTS('',1,(#2686,#2687),.UNSPECIFIED.,.F.,
  .F.,(2,2),(-56.75,-52.75),.PIECEWISE_BEZIER_KNOTS.);
#2686 = CARTESIAN_POINT('',(3.,0.));
#2687 = CARTESIAN_POINT('',(3.,-4.));
#2688 = ( GEOMETRIC_REPRESENTATION_CONTEXT(2) 
PARAMETRIC_REPRESENTATION_CONTEXT() REPRESENTATION_CONTEXT('2D SPACE',''
  ) );
#2689 = FACE_BOUND('',#2690,.T.);
#2690 = EDGE_LOOP('',(#2691,#2714,#2735,#2756));
#2691 = ORIENTED_EDGE('',*,*,#2692,.T.);
#2692 = EDGE_CURVE('',#2693,#2695,#2697,.T.);
#2693 = VERTEX_POINT('',#2694);
#2694 = CARTESIAN_POINT('',(170.,-92.,628.));
#2695 = VERTEX_POINT('',#2696);
#2696 = CARTESIAN_POINT('',(50.,-92.,628.));
#2697 = SURFACE_CURVE('',#2698,(#2702,#2708),.PCURVE_S1.);
#2698 = LINE('',#2699,#2700);
#2699 = CARTESIAN_POINT('',(25.,-92.,628.));
#2700 = VECTOR('',#2701,1.);
#2701 = DIRECTION('',(-1.,-0.,0.));
#2702 = PCURVE('',#72,#2703);
#2703 = DEFINITIONAL_REPRESENTATION('',(#2704),#2707);
#2704 = B_SPLINE_CURVE_WITH_KNOTS('',1,(#2705,#2706),.UNSPECIFIED.,.F.,
  .F.,(2,2),(-145.,-25.),.PIECEWISE_BEZIER_KNOTS.);
#2705 = CARTESIAN_POINT('',(170.,-92.));
#2706 = CARTESIAN_POINT('',(50.,-92.));
#2707 = ( GEOMETRIC_REPRESENTATION_CONTEXT(2) 
PARAMETRIC_REPRESENTATION_CONTEXT() REPRESENTATION_CONTEXT('2D SPACE',''
  ) );
#2708 = PCURVE('',#1097,#2709);
#2709 = DEFINITIONAL_REPRESENTATION('',(#2710),#2713);
#2710 = B_SPLINE_CURVE_WITH_KNOTS('',1,(#2711,#2712),.UNSPECIFIED.,.F.,
  .F.,(2,2),(-145.,-25.),.PIECEWISE_BEZIER_KNOTS.);
#2711 = CARTESIAN_POINT('',(3.,120.));
#2712 = CARTESIAN_POINT('',(3.,0.));
#2713 = ( GEOMETRIC_REPRESENTATION_CONTEXT(2) 
PARAMETRIC_REPRESENTATION_CONTEXT() REPRESENTATION_CONTEXT('2D SPACE',''
  ) );
#2714 = ORIENTED_EDGE('',*,*,#2715,.T.);
#2715 = EDGE_CURVE('',#2695,#2716,#2718,.T.);
#2716 = VERTEX_POINT('',#2717);
#2717 = CARTESIAN_POINT('',(50.,-32.,628.));
#2718 = SURFACE_CURVE('',#2719,(#2723,#2729),.PCURVE_S1.);
#2719 = LINE('',#2720,#2721);
#2720 = CARTESIAN_POINT('',(50.,-46.,628.));
#2721 = VECTOR('',#2722,1.);
#2722 = DIRECTION('',(-0.,1.,0.));
#2723 = PCURVE('',#72,#2724);
#2724 = DEFINITIONAL_REPRESENTATION('',(#2725),#2728);
#2725 = B_SPLINE_CURVE_WITH_KNOTS('',1,(#2726,#2727),.UNSPECIFIED.,.F.,
  .F.,(2,2),(-46.,14.),.PIECEWISE_BEZIER_KNOTS.);
#2726 = CARTESIAN_POINT('',(50.,-92.));
#2727 = CARTESIAN_POINT('',(50.,-32.));
#2728 = ( GEOMETRIC_REPRESENTATION_CONTEXT(2) 
PARAMETRIC_REPRESENTATION_CONTEXT() REPRESENTATION_CONTEXT('2D SPACE',''
  ) );
#2729 = PCURVE('',#1123,#2730);
#2730 = DEFINITIONAL_REPRESENTATION('',(#2731),#2734);
#2731 = B_SPLINE_CURVE_WITH_KNOTS('',1,(#2732,#2733),.UNSPECIFIED.,.F.,
  .F.,(2,2),(-46.,14.),.PIECEWISE_BEZIER_KNOTS.);
#2732 = CARTESIAN_POINT('',(3.,0.));
#2733 = CARTESIAN_POINT('',(3.,-60.));
#2734 = ( GEOMETRIC_REPRESENTATION_CONTEXT(2) 
PARAMETRIC_REPRESENTATION_CONTEXT() REPRESENTATION_CONTEXT('2D SPACE',''
  ) );
#2735 = ORIENTED_EDGE('',*,*,#2736,.F.);
#2736 = EDGE_CURVE('',#2737,#2716,#2739,.T.);
#2737 = VERTEX_POINT('',#2738);
#2738 = CARTESIAN_POINT('',(170.,-32.,628.));
#2739 = SURFACE_CURVE('',#2740,(#2744,#2750),.PCURVE_S1.);
#2740 = LINE('',#2741,#2742);
#2741 = CARTESIAN_POINT('',(25.,-32.,628.));
#2742 = VECTOR('',#2743,1.);
#2743 = DIRECTION('',(-1.,-0.,0.));
#2744 = PCURVE('',#72,#2745);
#2745 = DEFINITIONAL_REPRESENTATION('',(#2746),#2749);
#2746 = B_SPLINE_CURVE_WITH_KNOTS('',1,(#2747,#2748),.UNSPECIFIED.,.F.,
  .F.,(2,2),(-145.,-25.),.PIECEWISE_BEZIER_KNOTS.);
#2747 = CARTESIAN_POINT('',(170.,-32.));
#2748 = CARTESIAN_POINT('',(50.,-32.));
#2749 = ( GEOMETRIC_REPRESENTATION_CONTEXT(2) 
PARAMETRIC_REPRESENTATION_CONTEXT() REPRESENTATION_CONTEXT('2D SPACE',''
  ) );
#2750 = PCURVE('',#1149,#2751);
#2751 = DEFINITIONAL_REPRESENTATION('',(#2752),#2755);
#2752 = B_SPLINE_CURVE_WITH_KNOTS('',1,(#2753,#2754),.UNSPECIFIED.,.F.,
  .F.,(2,2),(-145.,-25.),.PIECEWISE_BEZIER_KNOTS.);
#2753 = CARTESIAN_POINT('',(3.,120.));
#2754 = CARTESIAN_POINT('',(3.,0.));
#2755 = ( GEOMETRIC_REPRESENTATION_CONTEXT(2) 
PARAMETRIC_REPRESENTATION_CONTEXT() REPRESENTATION_CONTEXT('2D SPACE',''
  ) );
#2756 = ORIENTED_EDGE('',*,*,#2757,.F.);
#2757 = EDGE_CURVE('',#2693,#2737,#2758,.T.);
#2758 = SURFACE_CURVE('',#2759,(#2763,#2769),.PCURVE_S1.);
#2759 = LINE('',#2760,#2761);
#2760 = CARTESIAN_POINT('',(170.,-46.,628.));
#2761 = VECTOR('',#2762,1.);
#2762 = DIRECTION('',(-0.,1.,0.));
#2763 = PCURVE('',#72,#2764);
#2764 = DEFINITIONAL_REPRESENTATION('',(#2765),#2768);
#2765 = B_SPLINE_CURVE_WITH_KNOTS('',1,(#2766,#2767),.UNSPECIFIED.,.F.,
  .F.,(2,2),(-46.,14.),.PIECEWISE_BEZIER_KNOTS.);
#2766 = CARTESIAN_POINT('',(170.,-92.));
#2767 = CARTESIAN_POINT('',(170.,-32.));
#2768 = ( GEOMETRIC_REPRESENTATION_CONTEXT(2) 
PARAMETRIC_REPRESENTATION_CONTEXT() REPRESENTATION_CONTEXT('2D SPACE',''
  ) );
#2769 = PCURVE('',#1173,#2770);
#2770 = DEFINITIONAL_REPRESENTATION('',(#2771),#2774);
#2771 = B_SPLINE_CURVE_WITH_KNOTS('',1,(#2772,#2773),.UNSPECIFIED.,.F.,
  .F.,(2,2),(-46.,14.),.PIECEWISE_BEZIER_KNOTS.);
#2772 = CARTESIAN_POINT('',(3.,0.));
#2773 = CARTESIAN_POINT('',(3.,-60.));
#2774 = ( GEOMETRIC_REPRESENTATION_CONTEXT(2) 
PARAMETRIC_REPRESENTATION_CONTEXT() REPRESENTATION_CONTEXT('2D SPACE',''
  ) );
#2775 = FACE_BOUND('',#2776,.T.);
#2776 = EDGE_LOOP('',(#2777));
#2777 = ORIENTED_EDGE('',*,*,#2778,.F.);
#2778 = EDGE_CURVE('',#2779,#2779,#2781,.T.);
#2779 = VERTEX_POINT('',#2780);
#2780 = CARTESIAN_POINT('',(-128.35,-4.041334437186E-16,628.));
#2781 = SURFACE_CURVE('',#2782,(#2787,#2794),.PCURVE_S1.);
#2782 = CIRCLE('',#2783,1.65);
#2783 = AXIS2_PLACEMENT_3D('',#2784,#2785,#2786);
#2784 = CARTESIAN_POINT('',(-130.,0.,628.));
#2785 = DIRECTION('',(0.,0.,1.));
#2786 = DIRECTION('',(1.,0.,-0.));
#2787 = PCURVE('',#72,#2788);
#2788 = DEFINITIONAL_REPRESENTATION('',(#2789),#2793);
#2789 = CIRCLE('',#2790,1.65);
#2790 = AXIS2_PLACEMENT_2D('',#2791,#2792);
#2791 = CARTESIAN_POINT('',(-130.,0.));
#2792 = DIRECTION('',(1.,0.));
#2793 = ( GEOMETRIC_REPRESENTATION_CONTEXT(2) 
PARAMETRIC_REPRESENTATION_CONTEXT() REPRESENTATION_CONTEXT('2D SPACE',''
  ) );
#2794 = PCURVE('',#1203,#2795);
#2795 = DEFINITIONAL_REPRESENTATION('',(#2796),#2800);
#2796 = LINE('',#2797,#2798);
#2797 = CARTESIAN_POINT('',(0.,3.));
#2798 = VECTOR('',#2799,1.);
#2799 = DIRECTION('',(1.,0.));
#2800 = ( GEOMETRIC_REPRESENTATION_CONTEXT(2) 
PARAMETRIC_REPRESENTATION_CONTEXT() REPRESENTATION_CONTEXT('2D SPACE',''
  ) );
#2801 = FACE_BOUND('',#2802,.T.);
#2802 = EDGE_LOOP('',(#2803,#2826,#2847,#2868));
#2803 = ORIENTED_EDGE('',*,*,#2804,.T.);
#2804 = EDGE_CURVE('',#2805,#2807,#2809,.T.);
#2805 = VERTEX_POINT('',#2806);
#2806 = CARTESIAN_POINT('',(-50.,32.,628.));
#2807 = VERTEX_POINT('',#2808);
#2808 = CARTESIAN_POINT('',(-170.,32.,628.));
#2809 = SURFACE_CURVE('',#2810,(#2814,#2820),.PCURVE_S1.);
#2810 = LINE('',#2811,#2812);
#2811 = CARTESIAN_POINT('',(-85.,32.,628.));
#2812 = VECTOR('',#2813,1.);
#2813 = DIRECTION('',(-1.,-0.,0.));
#2814 = PCURVE('',#72,#2815);
#2815 = DEFINITIONAL_REPRESENTATION('',(#2816),#2819);
#2816 = B_SPLINE_CURVE_WITH_KNOTS('',1,(#2817,#2818),.UNSPECIFIED.,.F.,
  .F.,(2,2),(-35.,85.),.PIECEWISE_BEZIER_KNOTS.);
#2817 = CARTESIAN_POINT('',(-50.,32.));
#2818 = CARTESIAN_POINT('',(-170.,32.));
#2819 = ( GEOMETRIC_REPRESENTATION_CONTEXT(2) 
PARAMETRIC_REPRESENTATION_CONTEXT() REPRESENTATION_CONTEXT('2D SPACE',''
  ) );
#2820 = PCURVE('',#1234,#2821);
#2821 = DEFINITIONAL_REPRESENTATION('',(#2822),#2825);
#2822 = B_SPLINE_CURVE_WITH_KNOTS('',1,(#2823,#2824),.UNSPECIFIED.,.F.,
  .F.,(2,2),(-35.,85.),.PIECEWISE_BEZIER_KNOTS.);
#2823 = CARTESIAN_POINT('',(3.,120.));
#2824 = CARTESIAN_POINT('',(3.,0.));
#2825 = ( GEOMETRIC_REPRESENTATION_CONTEXT(2) 
PARAMETRIC_REPRESENTATION_CONTEXT() REPRESENTATION_CONTEXT('2D SPACE',''
  ) );
#2826 = ORIENTED_EDGE('',*,*,#2827,.T.);
#2827 = EDGE_CURVE('',#2807,#2828,#2830,.T.);
#2828 = VERTEX_POINT('',#2829);
#2829 = CARTESIAN_POINT('',(-170.,92.,628.));
#2830 = SURFACE_CURVE('',#2831,(#2835,#2841),.PCURVE_S1.);
#2831 = LINE('',#2832,#2833);
#2832 = CARTESIAN_POINT('',(-170.,16.,628.));
#2833 = VECTOR('',#2834,1.);
#2834 = DIRECTION('',(-0.,1.,0.));
#2835 = PCURVE('',#72,#2836);
#2836 = DEFINITIONAL_REPRESENTATION('',(#2837),#2840);
#2837 = B_SPLINE_CURVE_WITH_KNOTS('',1,(#2838,#2839),.UNSPECIFIED.,.F.,
  .F.,(2,2),(16.,76.),.PIECEWISE_BEZIER_KNOTS.);
#2838 = CARTESIAN_POINT('',(-170.,32.));
#2839 = CARTESIAN_POINT('',(-170.,92.));
#2840 = ( GEOMETRIC_REPRESENTATION_CONTEXT(2) 
PARAMETRIC_REPRESENTATION_CONTEXT() REPRESENTATION_CONTEXT('2D SPACE',''
  ) );
#2841 = PCURVE('',#1260,#2842);
#2842 = DEFINITIONAL_REPRESENTATION('',(#2843),#2846);
#2843 = B_SPLINE_CURVE_WITH_KNOTS('',1,(#2844,#2845),.UNSPECIFIED.,.F.,
  .F.,(2,2),(16.,76.),.PIECEWISE_BEZIER_KNOTS.);
#2844 = CARTESIAN_POINT('',(3.,0.));
#2845 = CARTESIAN_POINT('',(3.,-60.));
#2846 = ( GEOMETRIC_REPRESENTATION_CONTEXT(2) 
PARAMETRIC_REPRESENTATION_CONTEXT() REPRESENTATION_CONTEXT('2D SPACE',''
  ) );
#2847 = ORIENTED_EDGE('',*,*,#2848,.F.);
#2848 = EDGE_CURVE('',#2849,#2828,#2851,.T.);
#2849 = VERTEX_POINT('',#2850);
#2850 = CARTESIAN_POINT('',(-50.,92.,628.));
#2851 = SURFACE_CURVE('',#2852,(#2856,#2862),.PCURVE_S1.);
#2852 = LINE('',#2853,#2854);
#2853 = CARTESIAN_POINT('',(-85.,92.,628.));
#2854 = VECTOR('',#2855,1.);
#2855 = DIRECTION('',(-1.,-0.,0.));
#2856 = PCURVE('',#72,#2857);
#2857 = DEFINITIONAL_REPRESENTATION('',(#2858),#2861);
#2858 = B_SPLINE_CURVE_WITH_KNOTS('',1,(#2859,#2860),.UNSPECIFIED.,.F.,
  .F.,(2,2),(-35.,85.),.PIECEWISE_BEZIER_KNOTS.);
#2859 = CARTESIAN_POINT('',(-50.,92.));
#2860 = CARTESIAN_POINT('',(-170.,92.));
#2861 = ( GEOMETRIC_REPRESENTATION_CONTEXT(2) 
PARAMETRIC_REPRESENTATION_CONTEXT() REPRESENTATION_CONTEXT('2D SPACE',''
  ) );
#2862 = PCURVE('',#1286,#2863);
#2863 = DEFINITIONAL_REPRESENTATION('',(#2864),#2867);
#2864 = B_SPLINE_CURVE_WITH_KNOTS('',1,(#2865,#2866),.UNSPECIFIED.,.F.,
  .F.,(2,2),(-35.,85.),.PIECEWISE_BEZIER_KNOTS.);
#2865 = CARTESIAN_POINT('',(3.,120.));
#2866 = CARTESIAN_POINT('',(3.,0.));
#2867 = ( GEOMETRIC_REPRESENTATION_CONTEXT(2) 
PARAMETRIC_REPRESENTATION_CONTEXT() REPRESENTATION_CONTEXT('2D SPACE',''
  ) );
#2868 = ORIENTED_EDGE('',*,*,#2869,.F.);
#2869 = EDGE_CURVE('',#2805,#2849,#2870,.T.);
#2870 = SURFACE_CURVE('',#2871,(#2875,#2881),.PCURVE_S1.);
#2871 = LINE('',#2872,#2873);
#2872 = CARTESIAN_POINT('',(-50.,16.,628.));
#2873 = VECTOR('',#2874,1.);
#2874 = DIRECTION('',(-0.,1.,0.));
#2875 = PCURVE('',#72,#2876);
#2876 = DEFINITIONAL_REPRESENTATION('',(#2877),#2880);
#2877 = B_SPLINE_CURVE_WITH_KNOTS('',1,(#2878,#2879),.UNSPECIFIED.,.F.,
  .F.,(2,2),(16.,76.),.PIECEWISE_BEZIER_KNOTS.);
#2878 = CARTESIAN_POINT('',(-50.,32.));
#2879 = CARTESIAN_POINT('',(-50.,92.));
#2880 = ( GEOMETRIC_REPRESENTATION_CONTEXT(2) 
PARAMETRIC_REPRESENTATION_CONTEXT() REPRESENTATION_CONTEXT('2D SPACE',''
  ) );
#2881 = PCURVE('',#1310,#2882);
#2882 = DEFINITIONAL_REPRESENTATION('',(#2883),#2886);
#2883 = B_SPLINE_CURVE_WITH_KNOTS('',1,(#2884,#2885),.UNSPECIFIED.,.F.,
  .F.,(2,2),(16.,76.),.PIECEWISE_BEZIER_KNOTS.);
#2884 = CARTESIAN_POINT('',(3.,0.));
#2885 = CARTESIAN_POINT('',(3.,-60.));
#2886 = ( GEOMETRIC_REPRESENTATION_CONTEXT(2) 
PARAMETRIC_REPRESENTATION_CONTEXT() REPRESENTATION_CONTEXT('2D SPACE',''
  ) );
#2887 = FACE_BOUND('',#2888,.T.);
#2888 = EDGE_LOOP('',(#2889,#2912,#2933,#2954));
#2889 = ORIENTED_EDGE('',*,*,#2890,.T.);
#2890 = EDGE_CURVE('',#2891,#2893,#2895,.T.);
#2891 = VERTEX_POINT('',#2892);
#2892 = CARTESIAN_POINT('',(-135.,109.5,628.));
#2893 = VERTEX_POINT('',#2894);
#2894 = CARTESIAN_POINT('',(-165.,109.5,628.));
#2895 = SURFACE_CURVE('',#2896,(#2900,#2906),.PCURVE_S1.);
#2896 = LINE('',#2897,#2898);
#2897 = CARTESIAN_POINT('',(-82.5,109.5,628.));
#2898 = VECTOR('',#2899,1.);
#2899 = DIRECTION('',(-1.,-0.,0.));
#2900 = PCURVE('',#72,#2901);
#2901 = DEFINITIONAL_REPRESENTATION('',(#2902),#2905);
#2902 = B_SPLINE_CURVE_WITH_KNOTS('',1,(#2903,#2904),.UNSPECIFIED.,.F.,
  .F.,(2,2),(52.5,82.5),.PIECEWISE_BEZIER_KNOTS.);
#2903 = CARTESIAN_POINT('',(-135.,109.5));
#2904 = CARTESIAN_POINT('',(-165.,109.5));
#2905 = ( GEOMETRIC_REPRESENTATION_CONTEXT(2) 
PARAMETRIC_REPRESENTATION_CONTEXT() REPRESENTATION_CONTEXT('2D SPACE',''
  ) );
#2906 = PCURVE('',#1340,#2907);
#2907 = DEFINITIONAL_REPRESENTATION('',(#2908),#2911);
#2908 = B_SPLINE_CURVE_WITH_KNOTS('',1,(#2909,#2910),.UNSPECIFIED.,.F.,
  .F.,(2,2),(52.5,82.5),.PIECEWISE_BEZIER_KNOTS.);
#2909 = CARTESIAN_POINT('',(3.,30.));
#2910 = CARTESIAN_POINT('',(3.,0.));
#2911 = ( GEOMETRIC_REPRESENTATION_CONTEXT(2) 
PARAMETRIC_REPRESENTATION_CONTEXT() REPRESENTATION_CONTEXT('2D SPACE',''
  ) );
#2912 = ORIENTED_EDGE('',*,*,#2913,.T.);
#2913 = EDGE_CURVE('',#2893,#2914,#2916,.T.);
#2914 = VERTEX_POINT('',#2915);
#2915 = CARTESIAN_POINT('',(-165.,113.5,628.));
#2916 = SURFACE_CURVE('',#2917,(#2921,#2927),.PCURVE_S1.);
#2917 = LINE('',#2918,#2919);
#2918 = CARTESIAN_POINT('',(-165.,54.75,628.));
#2919 = VECTOR('',#2920,1.);
#2920 = DIRECTION('',(-0.,1.,0.));
#2921 = PCURVE('',#72,#2922);
#2922 = DEFINITIONAL_REPRESENTATION('',(#2923),#2926);
#2923 = B_SPLINE_CURVE_WITH_KNOTS('',1,(#2924,#2925),.UNSPECIFIED.,.F.,
  .F.,(2,2),(54.75,58.75),.PIECEWISE_BEZIER_KNOTS.);
#2924 = CARTESIAN_POINT('',(-165.,109.5));
#2925 = CARTESIAN_POINT('',(-165.,113.5));
#2926 = ( GEOMETRIC_REPRESENTATION_CONTEXT(2) 
PARAMETRIC_REPRESENTATION_CONTEXT() REPRESENTATION_CONTEXT('2D SPACE',''
  ) );
#2927 = PCURVE('',#1366,#2928);
#2928 = DEFINITIONAL_REPRESENTATION('',(#2929),#2932);
#2929 = B_SPLINE_CURVE_WITH_KNOTS('',1,(#2930,#2931),.UNSPECIFIED.,.F.,
  .F.,(2,2),(54.75,58.75),.PIECEWISE_BEZIER_KNOTS.);
#2930 = CARTESIAN_POINT('',(3.,0.));
#2931 = CARTESIAN_POINT('',(3.,-4.));
#2932 = ( GEOMETRIC_REPRESENTATION_CONTEXT(2) 
PARAMETRIC_REPRESENTATION_CONTEXT() REPRESENTATION_CONTEXT('2D SPACE',''
  ) );
#2933 = ORIENTED_EDGE('',*,*,#2934,.F.);
#2934 = EDGE_CURVE('',#2935,#2914,#2937,.T.);
#2935 = VERTEX_POINT('',#2936);
#2936 = CARTESIAN_POINT('',(-135.,113.5,628.));
#2937 = SURFACE_CURVE('',#2938,(#2942,#2948),.PCURVE_S1.);
#2938 = LINE('',#2939,#2940);
#2939 = CARTESIAN_POINT('',(-82.5,113.5,628.));
#2940 = VECTOR('',#2941,1.);
#2941 = DIRECTION('',(-1.,-0.,0.));
#2942 = PCURVE('',#72,#2943);
#2943 = DEFINITIONAL_REPRESENTATION('',(#2944),#2947);
#2944 = B_SPLINE_CURVE_WITH_KNOTS('',1,(#2945,#2946),.UNSPECIFIED.,.F.,
  .F.,(2,2),(52.5,82.5),.PIECEWISE_BEZIER_KNOTS.);
#2945 = CARTESIAN_POINT('',(-135.,113.5));
#2946 = CARTESIAN_POINT('',(-165.,113.5));
#2947 = ( GEOMETRIC_REPRESENTATION_CONTEXT(2) 
PARAMETRIC_REPRESENTATION_CONTEXT() REPRESENTATION_CONTEXT('2D SPACE',''
  ) );
#2948 = PCURVE('',#1392,#2949);
#2949 = DEFINITIONAL_REPRESENTATION('',(#2950),#2953);
#2950 = B_SPLINE_CURVE_WITH_KNOTS('',1,(#2951,#2952),.UNSPECIFIED.,.F.,
  .F.,(2,2),(52.5,82.5),.PIECEWISE_BEZIER_KNOTS.);
#2951 = CARTESIAN_POINT('',(3.,30.));
#2952 = CARTESIAN_POINT('',(3.,0.));
#2953 = ( GEOMETRIC_REPRESENTATION_CONTEXT(2) 
PARAMETRIC_REPRESENTATION_CONTEXT() REPRESENTATION_CONTEXT('2D SPACE',''
  ) );
#2954 = ORIENTED_EDGE('',*,*,#2955,.F.);
#2955 = EDGE_CURVE('',#2891,#2935,#2956,.T.);
#2956 = SURFACE_CURVE('',#2957,(#2961,#2967),.PCURVE_S1.);
#2957 = LINE('',#2958,#2959);
#2958 = CARTESIAN_POINT('',(-135.,54.75,628.));
#2959 = VECTOR('',#2960,1.);
#2960 = DIRECTION('',(-0.,1.,0.));
#2961 = PCURVE('',#72,#2962);
#2962 = DEFINITIONAL_REPRESENTATION('',(#2963),#2966);
#2963 = B_SPLINE_CURVE_WITH_KNOTS('',1,(#2964,#2965),.UNSPECIFIED.,.F.,
  .F.,(2,2),(54.75,58.75),.PIECEWISE_BEZIER_KNOTS.);
#2964 = CARTESIAN_POINT('',(-135.,109.5));
#2965 = CARTESIAN_POINT('',(-135.,113.5));
#2966 = ( GEOMETRIC_REPRESENTATION_CONTEXT(2) 
PARAMETRIC_REPRESENTATION_CONTEXT() REPRESENTATION_CONTEXT('2D SPACE',''
  ) );
#2967 = PCURVE('',#1416,#2968);
#2968 = DEFINITIONAL_REPRESENTATION('',(#2969),#2972);
#2969 = B_SPLINE_CURVE_WITH_KNOTS('',1,(#2970,#2971),.UNSPECIFIED.,.F.,
  .F.,(2,2),(54.75,58.75),.PIECEWISE_BEZIER_KNOTS.);
#2970 = CARTESIAN_POINT('',(3.,0.));
#2971 = CARTESIAN_POINT('',(3.,-4.));
#2972 = ( GEOMETRIC_REPRESENTATION_CONTEXT(2) 
PARAMETRIC_REPRESENTATION_CONTEXT() REPRESENTATION_CONTEXT('2D SPACE',''
  ) );
#2973 = FACE_BOUND('',#2974,.T.);
#2974 = EDGE_LOOP('',(#2975));
#2975 = ORIENTED_EDGE('',*,*,#2976,.F.);
#2976 = EDGE_CURVE('',#2977,#2977,#2979,.T.);
#2977 = VERTEX_POINT('',#2978);
#2978 = CARTESIAN_POINT('',(-147.85,121.5,628.));
#2979 = SURFACE_CURVE('',#2980,(#2985,#2992),.PCURVE_S1.);
#2980 = CIRCLE('',#2981,2.15);
#2981 = AXIS2_PLACEMENT_3D('',#2982,#2983,#2984);
#2982 = CARTESIAN_POINT('',(-150.,121.5,628.));
#2983 = DIRECTION('',(0.,0.,1.));
#2984 = DIRECTION('',(1.,0.,-0.));
#2985 = PCURVE('',#72,#2986);
#2986 = DEFINITIONAL_REPRESENTATION('',(#2987),#2991);
#2987 = CIRCLE('',#2988,2.15);
#2988 = AXIS2_PLACEMENT_2D('',#2989,#2990);
#2989 = CARTESIAN_POINT('',(-150.,121.5));
#2990 = DIRECTION('',(1.,0.));
#2991 = ( GEOMETRIC_REPRESENTATION_CONTEXT(2) 
PARAMETRIC_REPRESENTATION_CONTEXT() REPRESENTATION_CONTEXT('2D SPACE',''
  ) );
#2992 = PCURVE('',#1446,#2993);
#2993 = DEFINITIONAL_REPRESENTATION('',(#2994),#2998);
#2994 = LINE('',#2995,#2996);
#2995 = CARTESIAN_POINT('',(0.,3.));
#2996 = VECTOR('',#2997,1.);
#2997 = DIRECTION('',(1.,0.));
#2998 = ( GEOMETRIC_REPRESENTATION_CONTEXT(2) 
PARAMETRIC_REPRESENTATION_CONTEXT() REPRESENTATION_CONTEXT('2D SPACE',''
  ) );
#2999 = FACE_BOUND('',#3000,.T.);
#3000 = EDGE_LOOP('',(#3001,#3024,#3045,#3066));
#3001 = ORIENTED_EDGE('',*,*,#3002,.T.);
#3002 = EDGE_CURVE('',#3003,#3005,#3007,.T.);
#3003 = VERTEX_POINT('',#3004);
#3004 = CARTESIAN_POINT('',(-45.,109.5,628.));
#3005 = VERTEX_POINT('',#3006);
#3006 = CARTESIAN_POINT('',(-75.,109.5,628.));
#3007 = SURFACE_CURVE('',#3008,(#3012,#3018),.PCURVE_S1.);
#3008 = LINE('',#3009,#3010);
#3009 = CARTESIAN_POINT('',(-37.5,109.5,628.));
#3010 = VECTOR('',#3011,1.);
#3011 = DIRECTION('',(-1.,-0.,0.));
#3012 = PCURVE('',#72,#3013);
#3013 = DEFINITIONAL_REPRESENTATION('',(#3014),#3017);
#3014 = B_SPLINE_CURVE_WITH_KNOTS('',1,(#3015,#3016),.UNSPECIFIED.,.F.,
  .F.,(2,2),(7.5,37.5),.PIECEWISE_BEZIER_KNOTS.);
#3015 = CARTESIAN_POINT('',(-45.,109.5));
#3016 = CARTESIAN_POINT('',(-75.,109.5));
#3017 = ( GEOMETRIC_REPRESENTATION_CONTEXT(2) 
PARAMETRIC_REPRESENTATION_CONTEXT() REPRESENTATION_CONTEXT('2D SPACE',''
  ) );
#3018 = PCURVE('',#1477,#3019);
#3019 = DEFINITIONAL_REPRESENTATION('',(#3020),#3023);
#3020 = B_SPLINE_CURVE_WITH_KNOTS('',1,(#3021,#3022),.UNSPECIFIED.,.F.,
  .F.,(2,2),(7.5,37.5),.PIECEWISE_BEZIER_KNOTS.);
#3021 = CARTESIAN_POINT('',(3.,30.));
#3022 = CARTESIAN_POINT('',(3.,0.));
#3023 = ( GEOMETRIC_REPRESENTATION_CONTEXT(2) 
PARAMETRIC_REPRESENTATION_CONTEXT() REPRESENTATION_CONTEXT('2D SPACE',''
  ) );
#3024 = ORIENTED_EDGE('',*,*,#3025,.T.);
#3025 = EDGE_CURVE('',#3005,#3026,#3028,.T.);
#3026 = VERTEX_POINT('',#3027);
#3027 = CARTESIAN_POINT('',(-75.,113.5,628.));
#3028 = SURFACE_CURVE('',#3029,(#3033,#3039),.PCURVE_S1.);
#3029 = LINE('',#3030,#3031);
#3030 = CARTESIAN_POINT('',(-75.,54.75,628.));
#3031 = VECTOR('',#3032,1.);
#3032 = DIRECTION('',(-0.,1.,0.));
#3033 = PCURVE('',#72,#3034);
#3034 = DEFINITIONAL_REPRESENTATION('',(#3035),#3038);
#3035 = B_SPLINE_CURVE_WITH_KNOTS('',1,(#3036,#3037),.UNSPECIFIED.,.F.,
  .F.,(2,2),(54.75,58.75),.PIECEWISE_BEZIER_KNOTS.);
#3036 = CARTESIAN_POINT('',(-75.,109.5));
#3037 = CARTESIAN_POINT('',(-75.,113.5));
#3038 = ( GEOMETRIC_REPRESENTATION_CONTEXT(2) 
PARAMETRIC_REPRESENTATION_CONTEXT() REPRESENTATION_CONTEXT('2D SPACE',''
  ) );
#3039 = PCURVE('',#1503,#3040);
#3040 = DEFINITIONAL_REPRESENTATION('',(#3041),#3044);
#3041 = B_SPLINE_CURVE_WITH_KNOTS('',1,(#3042,#3043),.UNSPECIFIED.,.F.,
  .F.,(2,2),(54.75,58.75),.PIECEWISE_BEZIER_KNOTS.);
#3042 = CARTESIAN_POINT('',(3.,0.));
#3043 = CARTESIAN_POINT('',(3.,-4.));
#3044 = ( GEOMETRIC_REPRESENTATION_CONTEXT(2) 
PARAMETRIC_REPRESENTATION_CONTEXT() REPRESENTATION_CONTEXT('2D SPACE',''
  ) );
#3045 = ORIENTED_EDGE('',*,*,#3046,.F.);
#3046 = EDGE_CURVE('',#3047,#3026,#3049,.T.);
#3047 = VERTEX_POINT('',#3048);
#3048 = CARTESIAN_POINT('',(-45.,113.5,628.));
#3049 = SURFACE_CURVE('',#3050,(#3054,#3060),.PCURVE_S1.);
#3050 = LINE('',#3051,#3052);
#3051 = CARTESIAN_POINT('',(-37.5,113.5,628.));
#3052 = VECTOR('',#3053,1.);
#3053 = DIRECTION('',(-1.,-0.,0.));
#3054 = PCURVE('',#72,#3055);
#3055 = DEFINITIONAL_REPRESENTATION('',(#3056),#3059);
#3056 = B_SPLINE_CURVE_WITH_KNOTS('',1,(#3057,#3058),.UNSPECIFIED.,.F.,
  .F.,(2,2),(7.5,37.5),.PIECEWISE_BEZIER_KNOTS.);
#3057 = CARTESIAN_POINT('',(-45.,113.5));
#3058 = CARTESIAN_POINT('',(-75.,113.5));
#3059 = ( GEOMETRIC_REPRESENTATION_CONTEXT(2) 
PARAMETRIC_REPRESENTATION_CONTEXT() REPRESENTATION_CONTEXT('2D SPACE',''
  ) );
#3060 = PCURVE('',#1529,#3061);
#3061 = DEFINITIONAL_REPRESENTATION('',(#3062),#3065);
#3062 = B_SPLINE_CURVE_WITH_KNOTS('',1,(#3063,#3064),.UNSPECIFIED.,.F.,
  .F.,(2,2),(7.5,37.5),.PIECEWISE_BEZIER_KNOTS.);
#3063 = CARTESIAN_POINT('',(3.,30.));
#3064 = CARTESIAN_POINT('',(3.,0.));
#3065 = ( GEOMETRIC_REPRESENTATION_CONTEXT(2) 
PARAMETRIC_REPRESENTATION_CONTEXT() REPRESENTATION_CONTEXT('2D SPACE',''
  ) );
#3066 = ORIENTED_EDGE('',*,*,#3067,.F.);
#3067 = EDGE_CURVE('',#3003,#3047,#3068,.T.);
#3068 = SURFACE_CURVE('',#3069,(#3073,#3079),.PCURVE_S1.);
#3069 = LINE('',#3070,#3071);
#3070 = CARTESIAN_POINT('',(-45.,54.75,628.));
#3071 = VECTOR('',#3072,1.);
#3072 = DIRECTION('',(-0.,1.,0.));
#3073 = PCURVE('',#72,#3074);
#3074 = DEFINITIONAL_REPRESENTATION('',(#3075),#3078);
#3075 = B_SPLINE_CURVE_WITH_KNOTS('',1,(#3076,#3077),.UNSPECIFIED.,.F.,
  .F.,(2,2),(54.75,58.75),.PIECEWISE_BEZIER_KNOTS.);
#3076 = CARTESIAN_POINT('',(-45.,109.5));
#3077 = CARTESIAN_POINT('',(-45.,113.5));
#3078 = ( GEOMETRIC_REPRESENTATION_CONTEXT(2) 
PARAMETRIC_REPRESENTATION_CONTEXT() REPRESENTATION_CONTEXT('2D SPACE',''
  ) );
#3079 = PCURVE('',#1553,#3080);
#3080 = DEFINITIONAL_REPRESENTATION('',(#3081),#3084);
#3081 = B_SPLINE_CURVE_WITH_KNOTS('',1,(#3082,#3083),.UNSPECIFIED.,.F.,
  .F.,(2,2),(54.75,58.75),.PIECEWISE_BEZIER_KNOTS.);
#3082 = CARTESIAN_POINT('',(3.,0.));
#3083 = CARTESIAN_POINT('',(3.,-4.));
#3084 = ( GEOMETRIC_REPRESENTATION_CONTEXT(2) 
PARAMETRIC_REPRESENTATION_CONTEXT() REPRESENTATION_CONTEXT('2D SPACE',''
  ) );
#3085 = FACE_BOUND('',#3086,.T.);
#3086 = EDGE_LOOP('',(#3087));
#3087 = ORIENTED_EDGE('',*,*,#3088,.F.);
#3088 = EDGE_CURVE('',#3089,#3089,#3091,.T.);
#3089 = VERTEX_POINT('',#3090);
#3090 = CARTESIAN_POINT('',(8.5,-2.081899558551E-15,628.));
#3091 = SURFACE_CURVE('',#3092,(#3097,#3104),.PCURVE_S1.);
#3092 = CIRCLE('',#3093,8.5);
#3093 = AXIS2_PLACEMENT_3D('',#3094,#3095,#3096);
#3094 = CARTESIAN_POINT('',(0.,0.,628.));
#3095 = DIRECTION('',(0.,0.,1.));
#3096 = DIRECTION('',(1.,0.,-0.));
#3097 = PCURVE('',#72,#3098);
#3098 = DEFINITIONAL_REPRESENTATION('',(#3099),#3103);
#3099 = CIRCLE('',#3100,8.5);
#3100 = AXIS2_PLACEMENT_2D('',#3101,#3102);
#3101 = CARTESIAN_POINT('',(8.156964736144E-15,0.));
#3102 = DIRECTION('',(1.,0.));
#3103 = ( GEOMETRIC_REPRESENTATION_CONTEXT(2) 
PARAMETRIC_REPRESENTATION_CONTEXT() REPRESENTATION_CONTEXT('2D SPACE',''
  ) );
#3104 = PCURVE('',#1583,#3105);
#3105 = DEFINITIONAL_REPRESENTATION('',(#3106),#3110);
#3106 = LINE('',#3107,#3108);
#3107 = CARTESIAN_POINT('',(0.,3.));
#3108 = VECTOR('',#3109,1.);
#3109 = DIRECTION('',(1.,0.));
#3110 = ( GEOMETRIC_REPRESENTATION_CONTEXT(2) 
PARAMETRIC_REPRESENTATION_CONTEXT() REPRESENTATION_CONTEXT('2D SPACE',''
  ) );
#3111 = FACE_BOUND('',#3112,.T.);
#3112 = EDGE_LOOP('',(#3113));
#3113 = ORIENTED_EDGE('',*,*,#3114,.F.);
#3114 = EDGE_CURVE('',#3115,#3115,#3117,.T.);
#3115 = VERTEX_POINT('',#3116);
#3116 = CARTESIAN_POINT('',(131.65,-4.041334437186E-16,628.));
#3117 = SURFACE_CURVE('',#3118,(#3123,#3130),.PCURVE_S1.);
#3118 = CIRCLE('',#3119,1.65);
#3119 = AXIS2_PLACEMENT_3D('',#3120,#3121,#3122);
#3120 = CARTESIAN_POINT('',(130.,0.,628.));
#3121 = DIRECTION('',(0.,0.,1.));
#3122 = DIRECTION('',(1.,0.,-0.));
#3123 = PCURVE('',#72,#3124);
#3124 = DEFINITIONAL_REPRESENTATION('',(#3125),#3129);
#3125 = CIRCLE('',#3126,1.65);
#3126 = AXIS2_PLACEMENT_2D('',#3127,#3128);
#3127 = CARTESIAN_POINT('',(130.,0.));
#3128 = DIRECTION('',(1.,0.));
#3129 = ( GEOMETRIC_REPRESENTATION_CONTEXT(2) 
PARAMETRIC_REPRESENTATION_CONTEXT() REPRESENTATION_CONTEXT('2D SPACE',''
  ) );
#3130 = PCURVE('',#1614,#3131);
#3131 = DEFINITIONAL_REPRESENTATION('',(#3132),#3136);
#3132 = LINE('',#3133,#3134);
#3133 = CARTESIAN_POINT('',(0.,3.));
#3134 = VECTOR('',#3135,1.);
#3135 = DIRECTION('',(1.,0.));
#3136 = ( GEOMETRIC_REPRESENTATION_CONTEXT(2) 
PARAMETRIC_REPRESENTATION_CONTEXT() REPRESENTATION_CONTEXT('2D SPACE',''
  ) );
#3137 = FACE_BOUND('',#3138,.T.);
#3138 = EDGE_LOOP('',(#3139,#3162,#3183,#3204));
#3139 = ORIENTED_EDGE('',*,*,#3140,.T.);
#3140 = EDGE_CURVE('',#3141,#3143,#3145,.T.);
#3141 = VERTEX_POINT('',#3142);
#3142 = CARTESIAN_POINT('',(170.,32.,628.));
#3143 = VERTEX_POINT('',#3144);
#3144 = CARTESIAN_POINT('',(50.,32.,628.));
#3145 = SURFACE_CURVE('',#3146,(#3150,#3156),.PCURVE_S1.);
#3146 = LINE('',#3147,#3148);
#3147 = CARTESIAN_POINT('',(25.,32.,628.));
#3148 = VECTOR('',#3149,1.);
#3149 = DIRECTION('',(-1.,-0.,0.));
#3150 = PCURVE('',#72,#3151);
#3151 = DEFINITIONAL_REPRESENTATION('',(#3152),#3155);
#3152 = B_SPLINE_CURVE_WITH_KNOTS('',1,(#3153,#3154),.UNSPECIFIED.,.F.,
  .F.,(2,2),(-145.,-25.),.PIECEWISE_BEZIER_KNOTS.);
#3153 = CARTESIAN_POINT('',(170.,32.));
#3154 = CARTESIAN_POINT('',(50.,32.));
#3155 = ( GEOMETRIC_REPRESENTATION_CONTEXT(2) 
PARAMETRIC_REPRESENTATION_CONTEXT() REPRESENTATION_CONTEXT('2D SPACE',''
  ) );
#3156 = PCURVE('',#1645,#3157);
#3157 = DEFINITIONAL_REPRESENTATION('',(#3158),#3161);
#3158 = B_SPLINE_CURVE_WITH_KNOTS('',1,(#3159,#3160),.UNSPECIFIED.,.F.,
  .F.,(2,2),(-145.,-25.),.PIECEWISE_BEZIER_KNOTS.);
#3159 = CARTESIAN_POINT('',(3.,120.));
#3160 = CARTESIAN_POINT('',(3.,0.));
#3161 = ( GEOMETRIC_REPRESENTATION_CONTEXT(2) 
PARAMETRIC_REPRESENTATION_CONTEXT() REPRESENTATION_CONTEXT('2D SPACE',''
  ) );
#3162 = ORIENTED_EDGE('',*,*,#3163,.T.);
#3163 = EDGE_CURVE('',#3143,#3164,#3166,.T.);
#3164 = VERTEX_POINT('',#3165);
#3165 = CARTESIAN_POINT('',(50.,92.,628.));
#3166 = SURFACE_CURVE('',#3167,(#3171,#3177),.PCURVE_S1.);
#3167 = LINE('',#3168,#3169);
#3168 = CARTESIAN_POINT('',(50.,16.,628.));
#3169 = VECTOR('',#3170,1.);
#3170 = DIRECTION('',(-0.,1.,0.));
#3171 = PCURVE('',#72,#3172);
#3172 = DEFINITIONAL_REPRESENTATION('',(#3173),#3176);
#3173 = B_SPLINE_CURVE_WITH_KNOTS('',1,(#3174,#3175),.UNSPECIFIED.,.F.,
  .F.,(2,2),(16.,76.),.PIECEWISE_BEZIER_KNOTS.);
#3174 = CARTESIAN_POINT('',(50.,32.));
#3175 = CARTESIAN_POINT('',(50.,92.));
#3176 = ( GEOMETRIC_REPRESENTATION_CONTEXT(2) 
PARAMETRIC_REPRESENTATION_CONTEXT() REPRESENTATION_CONTEXT('2D SPACE',''
  ) );
#3177 = PCURVE('',#1671,#3178);
#3178 = DEFINITIONAL_REPRESENTATION('',(#3179),#3182);
#3179 = B_SPLINE_CURVE_WITH_KNOTS('',1,(#3180,#3181),.UNSPECIFIED.,.F.,
  .F.,(2,2),(16.,76.),.PIECEWISE_BEZIER_KNOTS.);
#3180 = CARTESIAN_POINT('',(3.,0.));
#3181 = CARTESIAN_POINT('',(3.,-60.));
#3182 = ( GEOMETRIC_REPRESENTATION_CONTEXT(2) 
PARAMETRIC_REPRESENTATION_CONTEXT() REPRESENTATION_CONTEXT('2D SPACE',''
  ) );
#3183 = ORIENTED_EDGE('',*,*,#3184,.F.);
#3184 = EDGE_CURVE('',#3185,#3164,#3187,.T.);
#3185 = VERTEX_POINT('',#3186);
#3186 = CARTESIAN_POINT('',(170.,92.,628.));
#3187 = SURFACE_CURVE('',#3188,(#3192,#3198),.PCURVE_S1.);
#3188 = LINE('',#3189,#3190);
#3189 = CARTESIAN_POINT('',(25.,92.,628.));
#3190 = VECTOR('',#3191,1.);
#3191 = DIRECTION('',(-1.,-0.,0.));
#3192 = PCURVE('',#72,#3193);
#3193 = DEFINITIONAL_REPRESENTATION('',(#3194),#3197);
#3194 = B_SPLINE_CURVE_WITH_KNOTS('',1,(#3195,#3196),.UNSPECIFIED.,.F.,
  .F.,(2,2),(-145.,-25.),.PIECEWISE_BEZIER_KNOTS.);
#3195 = CARTESIAN_POINT('',(170.,92.));
#3196 = CARTESIAN_POINT('',(50.,92.));
#3197 = ( GEOMETRIC_REPRESENTATION_CONTEXT(2) 
PARAMETRIC_REPRESENTATION_CONTEXT() REPRESENTATION_CONTEXT('2D SPACE',''
  ) );
#3198 = PCURVE('',#1697,#3199);
#3199 = DEFINITIONAL_REPRESENTATION('',(#3200),#3203);
#3200 = B_SPLINE_CURVE_WITH_KNOTS('',1,(#3201,#3202),.UNSPECIFIED.,.F.,
  .F.,(2,2),(-145.,-25.),.PIECEWISE_BEZIER_KNOTS.);
#3201 = CARTESIAN_POINT('',(3.,120.));
#3202 = CARTESIAN_POINT('',(3.,0.));
#3203 = ( GEOMETRIC_REPRESENTATION_CONTEXT(2) 
PARAMETRIC_REPRESENTATION_CONTEXT() REPRESENTATION_CONTEXT('2D SPACE',''
  ) );
#3204 = ORIENTED_EDGE('',*,*,#3205,.F.);
#3205 = EDGE_CURVE('',#3141,#3185,#3206,.T.);
#3206 = SURFACE_CURVE('',#3207,(#3211,#3217),.PCURVE_S1.);
#3207 = LINE('',#3208,#3209);
#3208 = CARTESIAN_POINT('',(170.,16.,628.));
#3209 = VECTOR('',#3210,1.);
#3210 = DIRECTION('',(-0.,1.,0.));
#3211 = PCURVE('',#72,#3212);
#3212 = DEFINITIONAL_REPRESENTATION('',(#3213),#3216);
#3213 = B_SPLINE_CURVE_WITH_KNOTS('',1,(#3214,#3215),.UNSPECIFIED.,.F.,
  .F.,(2,2),(16.,76.),.PIECEWISE_BEZIER_KNOTS.);
#3214 = CARTESIAN_POINT('',(170.,32.));
#3215 = CARTESIAN_POINT('',(170.,92.));
#3216 = ( GEOMETRIC_REPRESENTATION_CONTEXT(2) 
PARAMETRIC_REPRESENTATION_CONTEXT() REPRESENTATION_CONTEXT('2D SPACE',''
  ) );
#3217 = PCURVE('',#1721,#3218);
#3218 = DEFINITIONAL_REPRESENTATION('',(#3219),#3222);
#3219 = B_SPLINE_CURVE_WITH_KNOTS('',1,(#3220,#3221),.UNSPECIFIED.,.F.,
  .F.,(2,2),(16.,76.),.PIECEWISE_BEZIER_KNOTS.);
#3220 = CARTESIAN_POINT('',(3.,0.));
#3221 = CARTESIAN_POINT('',(3.,-60.));
#3222 = ( GEOMETRIC_REPRESENTATION_CONTEXT(2) 
PARAMETRIC_REPRESENTATION_CONTEXT() REPRESENTATION_CONTEXT('2D SPACE',''
  ) );
#3223 = FACE_BOUND('',#3224,.T.);
#3224 = EDGE_LOOP('',(#3225));
#3225 = ORIENTED_EDGE('',*,*,#3226,.F.);
#3226 = EDGE_CURVE('',#3227,#3227,#3229,.T.);
#3227 = VERTEX_POINT('',#3228);
#3228 = CARTESIAN_POINT('',(2.15,121.5,628.));
#3229 = SURFACE_CURVE('',#3230,(#3235,#3242),.PCURVE_S1.);
#3230 = CIRCLE('',#3231,2.15);
#3231 = AXIS2_PLACEMENT_3D('',#3232,#3233,#3234);
#3232 = CARTESIAN_POINT('',(0.,121.5,628.));
#3233 = DIRECTION('',(0.,0.,1.));
#3234 = DIRECTION('',(1.,0.,-0.));
#3235 = PCURVE('',#72,#3236);
#3236 = DEFINITIONAL_REPRESENTATION('',(#3237),#3241);
#3237 = CIRCLE('',#3238,2.15);
#3238 = AXIS2_PLACEMENT_2D('',#3239,#3240);
#3239 = CARTESIAN_POINT('',(8.156964736144E-15,121.5));
#3240 = DIRECTION('',(1.,0.));
#3241 = ( GEOMETRIC_REPRESENTATION_CONTEXT(2) 
PARAMETRIC_REPRESENTATION_CONTEXT() REPRESENTATION_CONTEXT('2D SPACE',''
  ) );
#3242 = PCURVE('',#1751,#3243);
#3243 = DEFINITIONAL_REPRESENTATION('',(#3244),#3248);
#3244 = LINE('',#3245,#3246);
#3245 = CARTESIAN_POINT('',(0.,3.));
#3246 = VECTOR('',#3247,1.);
#3247 = DIRECTION('',(1.,0.));
#3248 = ( GEOMETRIC_REPRESENTATION_CONTEXT(2) 
PARAMETRIC_REPRESENTATION_CONTEXT() REPRESENTATION_CONTEXT('2D SPACE',''
  ) );
#3249 = FACE_BOUND('',#3250,.T.);
#3250 = EDGE_LOOP('',(#3251));
#3251 = ORIENTED_EDGE('',*,*,#3252,.F.);
#3252 = EDGE_CURVE('',#3253,#3253,#3255,.T.);
#3253 = VERTEX_POINT('',#3254);
#3254 = CARTESIAN_POINT('',(1.65,130.,628.));
#3255 = SURFACE_CURVE('',#3256,(#3261,#3268),.PCURVE_S1.);
#3256 = CIRCLE('',#3257,1.65);
#3257 = AXIS2_PLACEMENT_3D('',#3258,#3259,#3260);
#3258 = CARTESIAN_POINT('',(0.,130.,628.));
#3259 = DIRECTION('',(0.,0.,1.));
#3260 = DIRECTION('',(1.,0.,-0.));
#3261 = PCURVE('',#72,#3262);
#3262 = DEFINITIONAL_REPRESENTATION('',(#3263),#3267);
#3263 = CIRCLE('',#3264,1.65);
#3264 = AXIS2_PLACEMENT_2D('',#3265,#3266);
#3265 = CARTESIAN_POINT('',(8.156964736144E-15,130.));
#3266 = DIRECTION('',(1.,0.));
#3267 = ( GEOMETRIC_REPRESENTATION_CONTEXT(2) 
PARAMETRIC_REPRESENTATION_CONTEXT() REPRESENTATION_CONTEXT('2D SPACE',''
  ) );
#3268 = PCURVE('',#1782,#3269);
#3269 = DEFINITIONAL_REPRESENTATION('',(#3270),#3274);
#3270 = LINE('',#3271,#3272);
#3271 = CARTESIAN_POINT('',(0.,3.));
#3272 = VECTOR('',#3273,1.);
#3273 = DIRECTION('',(1.,0.));
#3274 = ( GEOMETRIC_REPRESENTATION_CONTEXT(2) 
PARAMETRIC_REPRESENTATION_CONTEXT() REPRESENTATION_CONTEXT('2D SPACE',''
  ) );
#3275 = FACE_BOUND('',#3276,.T.);
#3276 = EDGE_LOOP('',(#3277,#3300,#3321,#3342));
#3277 = ORIENTED_EDGE('',*,*,#3278,.T.);
#3278 = EDGE_CURVE('',#3279,#3281,#3283,.T.);
#3279 = VERTEX_POINT('',#3280);
#3280 = CARTESIAN_POINT('',(75.,109.5,628.));
#3281 = VERTEX_POINT('',#3282);
#3282 = CARTESIAN_POINT('',(45.,109.5,628.));
#3283 = SURFACE_CURVE('',#3284,(#3288,#3294),.PCURVE_S1.);
#3284 = LINE('',#3285,#3286);
#3285 = CARTESIAN_POINT('',(22.5,109.5,628.));
#3286 = VECTOR('',#3287,1.);
#3287 = DIRECTION('',(-1.,-0.,0.));
#3288 = PCURVE('',#72,#3289);
#3289 = DEFINITIONAL_REPRESENTATION('',(#3290),#3293);
#3290 = B_SPLINE_CURVE_WITH_KNOTS('',1,(#3291,#3292),.UNSPECIFIED.,.F.,
  .F.,(2,2),(-52.5,-22.5),.PIECEWISE_BEZIER_KNOTS.);
#3291 = CARTESIAN_POINT('',(75.,109.5));
#3292 = CARTESIAN_POINT('',(45.,109.5));
#3293 = ( GEOMETRIC_REPRESENTATION_CONTEXT(2) 
PARAMETRIC_REPRESENTATION_CONTEXT() REPRESENTATION_CONTEXT('2D SPACE',''
  ) );
#3294 = PCURVE('',#1813,#3295);
#3295 = DEFINITIONAL_REPRESENTATION('',(#3296),#3299);
#3296 = B_SPLINE_CURVE_WITH_KNOTS('',1,(#3297,#3298),.UNSPECIFIED.,.F.,
  .F.,(2,2),(-52.5,-22.5),.PIECEWISE_BEZIER_KNOTS.);
#3297 = CARTESIAN_POINT('',(3.,30.));
#3298 = CARTESIAN_POINT('',(3.,0.));
#3299 = ( GEOMETRIC_REPRESENTATION_CONTEXT(2) 
PARAMETRIC_REPRESENTATION_CONTEXT() REPRESENTATION_CONTEXT('2D SPACE',''
  ) );
#3300 = ORIENTED_EDGE('',*,*,#3301,.T.);
#3301 = EDGE_CURVE('',#3281,#3302,#3304,.T.);
#3302 = VERTEX_POINT('',#3303);
#3303 = CARTESIAN_POINT('',(45.,113.5,628.));
#3304 = SURFACE_CURVE('',#3305,(#3309,#3315),.PCURVE_S1.);
#3305 = LINE('',#3306,#3307);
#3306 = CARTESIAN_POINT('',(45.,54.75,628.));
#3307 = VECTOR('',#3308,1.);
#3308 = DIRECTION('',(-0.,1.,0.));
#3309 = PCURVE('',#72,#3310);
#3310 = DEFINITIONAL_REPRESENTATION('',(#3311),#3314);
#3311 = B_SPLINE_CURVE_WITH_KNOTS('',1,(#3312,#3313),.UNSPECIFIED.,.F.,
  .F.,(2,2),(54.75,58.75),.PIECEWISE_BEZIER_KNOTS.);
#3312 = CARTESIAN_POINT('',(45.,109.5));
#3313 = CARTESIAN_POINT('',(45.,113.5));
#3314 = ( GEOMETRIC_REPRESENTATION_CONTEXT(2) 
PARAMETRIC_REPRESENTATION_CONTEXT() REPRESENTATION_CONTEXT('2D SPACE',''
  ) );
#3315 = PCURVE('',#1839,#3316);
#3316 = DEFINITIONAL_REPRESENTATION('',(#3317),#3320);
#3317 = B_SPLINE_CURVE_WITH_KNOTS('',1,(#3318,#3319),.UNSPECIFIED.,.F.,
  .F.,(2,2),(54.75,58.75),.PIECEWISE_BEZIER_KNOTS.);
#3318 = CARTESIAN_POINT('',(3.,0.));
#3319 = CARTESIAN_POINT('',(3.,-4.));
#3320 = ( GEOMETRIC_REPRESENTATION_CONTEXT(2) 
PARAMETRIC_REPRESENTATION_CONTEXT() REPRESENTATION_CONTEXT('2D SPACE',''
  ) );
#3321 = ORIENTED_EDGE('',*,*,#3322,.F.);
#3322 = EDGE_CURVE('',#3323,#3302,#3325,.T.);
#3323 = VERTEX_POINT('',#3324);
#3324 = CARTESIAN_POINT('',(75.,113.5,628.));
#3325 = SURFACE_CURVE('',#3326,(#3330,#3336),.PCURVE_S1.);
#3326 = LINE('',#3327,#3328);
#3327 = CARTESIAN_POINT('',(22.5,113.5,628.));
#3328 = VECTOR('',#3329,1.);
#3329 = DIRECTION('',(-1.,-0.,0.));
#3330 = PCURVE('',#72,#3331);
#3331 = DEFINITIONAL_REPRESENTATION('',(#3332),#3335);
#3332 = B_SPLINE_CURVE_WITH_KNOTS('',1,(#3333,#3334),.UNSPECIFIED.,.F.,
  .F.,(2,2),(-52.5,-22.5),.PIECEWISE_BEZIER_KNOTS.);
#3333 = CARTESIAN_POINT('',(75.,113.5));
#3334 = CARTESIAN_POINT('',(45.,113.5));
#3335 = ( GEOMETRIC_REPRESENTATION_CONTEXT(2) 
PARAMETRIC_REPRESENTATION_CONTEXT() REPRESENTATION_CONTEXT('2D SPACE',''
  ) );
#3336 = PCURVE('',#1865,#3337);
#3337 = DEFINITIONAL_REPRESENTATION('',(#3338),#3341);
#3338 = B_SPLINE_CURVE_WITH_KNOTS('',1,(#3339,#3340),.UNSPECIFIED.,.F.,
  .F.,(2,2),(-52.5,-22.5),.PIECEWISE_BEZIER_KNOTS.);
#3339 = CARTESIAN_POINT('',(3.,30.));
#3340 = CARTESIAN_POINT('',(3.,0.));
#3341 = ( GEOMETRIC_REPRESENTATION_CONTEXT(2) 
PARAMETRIC_REPRESENTATION_CONTEXT() REPRESENTATION_CONTEXT('2D SPACE',''
  ) );
#3342 = ORIENTED_EDGE('',*,*,#3343,.F.);
#3343 = EDGE_CURVE('',#3279,#3323,#3344,.T.);
#3344 = SURFACE_CURVE('',#3345,(#3349,#3355),.PCURVE_S1.);
#3345 = LINE('',#3346,#3347);
#3346 = CARTESIAN_POINT('',(75.,54.75,628.));
#3347 = VECTOR('',#3348,1.);
#3348 = DIRECTION('',(-0.,1.,0.));
#3349 = PCURVE('',#72,#3350);
#3350 = DEFINITIONAL_REPRESENTATION('',(#3351),#3354);
#3351 = B_SPLINE_CURVE_WITH_KNOTS('',1,(#3352,#3353),.UNSPECIFIED.,.F.,
  .F.,(2,2),(54.75,58.75),.PIECEWISE_BEZIER_KNOTS.);
#3352 = CARTESIAN_POINT('',(75.,109.5));
#3353 = CARTESIAN_POINT('',(75.,113.5));
#3354 = ( GEOMETRIC_REPRESENTATION_CONTEXT(2) 
PARAMETRIC_REPRESENTATION_CONTEXT() REPRESENTATION_CONTEXT('2D SPACE',''
  ) );
#3355 = PCURVE('',#1889,#3356);
#3356 = DEFINITIONAL_REPRESENTATION('',(#3357),#3360);
#3357 = B_SPLINE_CURVE_WITH_KNOTS('',1,(#3358,#3359),.UNSPECIFIED.,.F.,
  .F.,(2,2),(54.75,58.75),.PIECEWISE_BEZIER_KNOTS.);
#3358 = CARTESIAN_POINT('',(3.,0.));
#3359 = CARTESIAN_POINT('',(3.,-4.));
#3360 = ( GEOMETRIC_REPRESENTATION_CONTEXT(2) 
PARAMETRIC_REPRESENTATION_CONTEXT() REPRESENTATION_CONTEXT('2D SPACE',''
  ) );
#3361 = FACE_BOUND('',#3362,.T.);
#3362 = EDGE_LOOP('',(#3363,#3386,#3407,#3428));
#3363 = ORIENTED_EDGE('',*,*,#3364,.T.);
#3364 = EDGE_CURVE('',#3365,#3367,#3369,.T.);
#3365 = VERTEX_POINT('',#3366);
#3366 = CARTESIAN_POINT('',(165.,109.5,628.));
#3367 = VERTEX_POINT('',#3368);
#3368 = CARTESIAN_POINT('',(135.,109.5,628.));
#3369 = SURFACE_CURVE('',#3370,(#3374,#3380),.PCURVE_S1.);
#3370 = LINE('',#3371,#3372);
#3371 = CARTESIAN_POINT('',(67.5,109.5,628.));
#3372 = VECTOR('',#3373,1.);
#3373 = DIRECTION('',(-1.,-0.,0.));
#3374 = PCURVE('',#72,#3375);
#3375 = DEFINITIONAL_REPRESENTATION('',(#3376),#3379);
#3376 = B_SPLINE_CURVE_WITH_KNOTS('',1,(#3377,#3378),.UNSPECIFIED.,.F.,
  .F.,(2,2),(-97.5,-67.5),.PIECEWISE_BEZIER_KNOTS.);
#3377 = CARTESIAN_POINT('',(165.,109.5));
#3378 = CARTESIAN_POINT('',(135.,109.5));
#3379 = ( GEOMETRIC_REPRESENTATION_CONTEXT(2) 
PARAMETRIC_REPRESENTATION_CONTEXT() REPRESENTATION_CONTEXT('2D SPACE',''
  ) );
#3380 = PCURVE('',#1919,#3381);
#3381 = DEFINITIONAL_REPRESENTATION('',(#3382),#3385);
#3382 = B_SPLINE_CURVE_WITH_KNOTS('',1,(#3383,#3384),.UNSPECIFIED.,.F.,
  .F.,(2,2),(-97.5,-67.5),.PIECEWISE_BEZIER_KNOTS.);
#3383 = CARTESIAN_POINT('',(3.,30.));
#3384 = CARTESIAN_POINT('',(3.,0.));
#3385 = ( GEOMETRIC_REPRESENTATION_CONTEXT(2) 
PARAMETRIC_REPRESENTATION_CONTEXT() REPRESENTATION_CONTEXT('2D SPACE',''
  ) );
#3386 = ORIENTED_EDGE('',*,*,#3387,.T.);
#3387 = EDGE_CURVE('',#3367,#3388,#3390,.T.);
#3388 = VERTEX_POINT('',#3389);
#3389 = CARTESIAN_POINT('',(135.,113.5,628.));
#3390 = SURFACE_CURVE('',#3391,(#3395,#3401),.PCURVE_S1.);
#3391 = LINE('',#3392,#3393);
#3392 = CARTESIAN_POINT('',(135.,54.75,628.));
#3393 = VECTOR('',#3394,1.);
#3394 = DIRECTION('',(-0.,1.,0.));
#3395 = PCURVE('',#72,#3396);
#3396 = DEFINITIONAL_REPRESENTATION('',(#3397),#3400);
#3397 = B_SPLINE_CURVE_WITH_KNOTS('',1,(#3398,#3399),.UNSPECIFIED.,.F.,
  .F.,(2,2),(54.75,58.75),.PIECEWISE_BEZIER_KNOTS.);
#3398 = CARTESIAN_POINT('',(135.,109.5));
#3399 = CARTESIAN_POINT('',(135.,113.5));
#3400 = ( GEOMETRIC_REPRESENTATION_CONTEXT(2) 
PARAMETRIC_REPRESENTATION_CONTEXT() REPRESENTATION_CONTEXT('2D SPACE',''
  ) );
#3401 = PCURVE('',#1945,#3402);
#3402 = DEFINITIONAL_REPRESENTATION('',(#3403),#3406);
#3403 = B_SPLINE_CURVE_WITH_KNOTS('',1,(#3404,#3405),.UNSPECIFIED.,.F.,
  .F.,(2,2),(54.75,58.75),.PIECEWISE_BEZIER_KNOTS.);
#3404 = CARTESIAN_POINT('',(3.,0.));
#3405 = CARTESIAN_POINT('',(3.,-4.));
#3406 = ( GEOMETRIC_REPRESENTATION_CONTEXT(2) 
PARAMETRIC_REPRESENTATION_CONTEXT() REPRESENTATION_CONTEXT('2D SPACE',''
  ) );
#3407 = ORIENTED_EDGE('',*,*,#3408,.F.);
#3408 = EDGE_CURVE('',#3409,#3388,#3411,.T.);
#3409 = VERTEX_POINT('',#3410);
#3410 = CARTESIAN_POINT('',(165.,113.5,628.));
#3411 = SURFACE_CURVE('',#3412,(#3416,#3422),.PCURVE_S1.);
#3412 = LINE('',#3413,#3414);
#3413 = CARTESIAN_POINT('',(67.5,113.5,628.));
#3414 = VECTOR('',#3415,1.);
#3415 = DIRECTION('',(-1.,-0.,0.));
#3416 = PCURVE('',#72,#3417);
#3417 = DEFINITIONAL_REPRESENTATION('',(#3418),#3421);
#3418 = B_SPLINE_CURVE_WITH_KNOTS('',1,(#3419,#3420),.UNSPECIFIED.,.F.,
  .F.,(2,2),(-97.5,-67.5),.PIECEWISE_BEZIER_KNOTS.);
#3419 = CARTESIAN_POINT('',(165.,113.5));
#3420 = CARTESIAN_POINT('',(135.,113.5));
#3421 = ( GEOMETRIC_REPRESENTATION_CONTEXT(2) 
PARAMETRIC_REPRESENTATION_CONTEXT() REPRESENTATION_CONTEXT('2D SPACE',''
  ) );
#3422 = PCURVE('',#1971,#3423);
#3423 = DEFINITIONAL_REPRESENTATION('',(#3424),#3427);
#3424 = B_SPLINE_CURVE_WITH_KNOTS('',1,(#3425,#3426),.UNSPECIFIED.,.F.,
  .F.,(2,2),(-97.5,-67.5),.PIECEWISE_BEZIER_KNOTS.);
#3425 = CARTESIAN_POINT('',(3.,30.));
#3426 = CARTESIAN_POINT('',(3.,0.));
#3427 = ( GEOMETRIC_REPRESENTATION_CONTEXT(2) 
PARAMETRIC_REPRESENTATION_CONTEXT() REPRESENTATION_CONTEXT('2D SPACE',''
  ) );
#3428 = ORIENTED_EDGE('',*,*,#3429,.F.);
#3429 = EDGE_CURVE('',#3365,#3409,#3430,.T.);
#3430 = SURFACE_CURVE('',#3431,(#3435,#3441),.PCURVE_S1.);
#3431 = LINE('',#3432,#3433);
#3432 = CARTESIAN_POINT('',(165.,54.75,628.));
#3433 = VECTOR('',#3434,1.);
#3434 = DIRECTION('',(-0.,1.,0.));
#3435 = PCURVE('',#72,#3436);
#3436 = DEFINITIONAL_REPRESENTATION('',(#3437),#3440);
#3437 = B_SPLINE_CURVE_WITH_KNOTS('',1,(#3438,#3439),.UNSPECIFIED.,.F.,
  .F.,(2,2),(54.75,58.75),.PIECEWISE_BEZIER_KNOTS.);
#3438 = CARTESIAN_POINT('',(165.,109.5));
#3439 = CARTESIAN_POINT('',(165.,113.5));
#3440 = ( GEOMETRIC_REPRESENTATION_CONTEXT(2) 
PARAMETRIC_REPRESENTATION_CONTEXT() REPRESENTATION_CONTEXT('2D SPACE',''
  ) );
#3441 = PCURVE('',#1995,#3442);
#3442 = DEFINITIONAL_REPRESENTATION('',(#3443),#3446);
#3443 = B_SPLINE_CURVE_WITH_KNOTS('',1,(#3444,#3445),.UNSPECIFIED.,.F.,
  .F.,(2,2),(54.75,58.75),.PIECEWISE_BEZIER_KNOTS.);
#3444 = CARTESIAN_POINT('',(3.,0.));
#3445 = CARTESIAN_POINT('',(3.,-4.));
#3446 = ( GEOMETRIC_REPRESENTATION_CONTEXT(2) 
PARAMETRIC_REPRESENTATION_CONTEXT() REPRESENTATION_CONTEXT('2D SPACE',''
  ) );
#3447 = FACE_BOUND('',#3448,.T.);
#3448 = EDGE_LOOP('',(#3449));
#3449 = ORIENTED_EDGE('',*,*,#3450,.F.);
#3450 = EDGE_CURVE('',#3451,#3451,#3453,.T.);
#3451 = VERTEX_POINT('',#3452);
#3452 = CARTESIAN_POINT('',(152.15,121.5,628.));
#3453 = SURFACE_CURVE('',#3454,(#3459,#3466),.PCURVE_S1.);
#3454 = CIRCLE('',#3455,2.15);
#3455 = AXIS2_PLACEMENT_3D('',#3456,#3457,#3458);
#3456 = CARTESIAN_POINT('',(150.,121.5,628.));
#3457 = DIRECTION('',(0.,0.,1.));
#3458 = DIRECTION('',(1.,0.,-0.));
#3459 = PCURVE('',#72,#3460);
#3460 = DEFINITIONAL_REPRESENTATION('',(#3461),#3465);
#3461 = CIRCLE('',#3462,2.15);
#3462 = AXIS2_PLACEMENT_2D('',#3463,#3464);
#3463 = CARTESIAN_POINT('',(150.,121.5));
#3464 = DIRECTION('',(1.,0.));
#3465 = ( GEOMETRIC_REPRESENTATION_CONTEXT(2) 
PARAMETRIC_REPRESENTATION_CONTEXT() REPRESENTATION_CONTEXT('2D SPACE',''
  ) );
#3466 = PCURVE('',#2025,#3467);
#3467 = DEFINITIONAL_REPRESENTATION('',(#3468),#3472);
#3468 = LINE('',#3469,#3470);
#3469 = CARTESIAN_POINT('',(0.,3.));
#3470 = VECTOR('',#3471,1.);
#3471 = DIRECTION('',(1.,0.));
#3472 = ( GEOMETRIC_REPRESENTATION_CONTEXT(2) 
PARAMETRIC_REPRESENTATION_CONTEXT() REPRESENTATION_CONTEXT('2D SPACE',''
  ) );
#3473 = ADVANCED_FACE('',(#3474),#159,.F.);
#3474 = FACE_BOUND('',#3475,.F.);
#3475 = EDGE_LOOP('',(#3476,#3497,#3498,#3499));
#3476 = ORIENTED_EDGE('',*,*,#3477,.T.);
#3477 = EDGE_CURVE('',#375,#2112,#3478,.T.);
#3478 = SURFACE_CURVE('',#3479,(#3483,#3490),.PCURVE_S1.);
#3479 = LINE('',#3480,#3481);
#3480 = CARTESIAN_POINT('',(-215.,-105.,626.));
#3481 = VECTOR('',#3482,1.);
#3482 = DIRECTION('',(0.,0.,1.));
#3483 = PCURVE('',#159,#3484);
#3484 = DEFINITIONAL_REPRESENTATION('',(#3485),#3489);
#3485 = LINE('',#3486,#3487);
#3486 = CARTESIAN_POINT('',(0.,0.));
#3487 = VECTOR('',#3488,1.);
#3488 = DIRECTION('',(0.,-1.));
#3489 = ( GEOMETRIC_REPRESENTATION_CONTEXT(2) 
PARAMETRIC_REPRESENTATION_CONTEXT() REPRESENTATION_CONTEXT('2D SPACE',''
  ) );
#3490 = PCURVE('',#390,#3491);
#3491 = DEFINITIONAL_REPRESENTATION('',(#3492),#3496);
#3492 = LINE('',#3493,#3494);
#3493 = CARTESIAN_POINT('',(210.,0.));
#3494 = VECTOR('',#3495,1.);
#3495 = DIRECTION('',(0.,-1.));
#3496 = ( GEOMETRIC_REPRESENTATION_CONTEXT(2) 
PARAMETRIC_REPRESENTATION_CONTEXT() REPRESENTATION_CONTEXT('2D SPACE',''
  ) );
#3497 = ORIENTED_EDGE('',*,*,#2134,.T.);
#3498 = ORIENTED_EDGE('',*,*,#141,.F.);
#3499 = ORIENTED_EDGE('',*,*,#402,.F.);
#3500 = ADVANCED_FACE('',(#3501),#257,.F.);
#3501 = FACE_BOUND('',#3502,.F.);
#3502 = EDGE_LOOP('',(#3503,#3504,#3505,#3526));
#3503 = ORIENTED_EDGE('',*,*,#241,.T.);
#3504 = ORIENTED_EDGE('',*,*,#2042,.T.);
#3505 = ORIENTED_EDGE('',*,*,#3506,.F.);
#3506 = EDGE_CURVE('',#296,#2043,#3507,.T.);
#3507 = SURFACE_CURVE('',#3508,(#3512,#3519),.PCURVE_S1.);
#3508 = LINE('',#3509,#3510);
#3509 = CARTESIAN_POINT('',(180.,140.,626.));
#3510 = VECTOR('',#3511,1.);
#3511 = DIRECTION('',(0.,0.,1.));
#3512 = PCURVE('',#257,#3513);
#3513 = DEFINITIONAL_REPRESENTATION('',(#3514),#3518);
#3514 = LINE('',#3515,#3516);
#3515 = CARTESIAN_POINT('',(49.497474683058,0.));
#3516 = VECTOR('',#3517,1.);
#3517 = DIRECTION('',(0.,-1.));
#3518 = ( GEOMETRIC_REPRESENTATION_CONTEXT(2) 
PARAMETRIC_REPRESENTATION_CONTEXT() REPRESENTATION_CONTEXT('2D SPACE',''
  ) );
#3519 = PCURVE('',#334,#3520);
#3520 = DEFINITIONAL_REPRESENTATION('',(#3521),#3525);
#3521 = LINE('',#3522,#3523);
#3522 = CARTESIAN_POINT('',(0.,-0.));
#3523 = VECTOR('',#3524,1.);
#3524 = DIRECTION('',(0.,-1.));
#3525 = ( GEOMETRIC_REPRESENTATION_CONTEXT(2) 
PARAMETRIC_REPRESENTATION_CONTEXT() REPRESENTATION_CONTEXT('2D SPACE',''
  ) );
#3526 = ORIENTED_EDGE('',*,*,#295,.F.);
#3527 = ADVANCED_FACE('',(#3528),#390,.F.);
#3528 = FACE_BOUND('',#3529,.F.);
#3529 = EDGE_LOOP('',(#3530,#3551,#3552,#3553));
#3530 = ORIENTED_EDGE('',*,*,#3531,.T.);
#3531 = EDGE_CURVE('',#347,#2089,#3532,.T.);
#3532 = SURFACE_CURVE('',#3533,(#3537,#3544),.PCURVE_S1.);
#3533 = LINE('',#3534,#3535);
#3534 = CARTESIAN_POINT('',(-215.,105.,626.));
#3535 = VECTOR('',#3536,1.);
#3536 = DIRECTION('',(0.,0.,1.));
#3537 = PCURVE('',#390,#3538);
#3538 = DEFINITIONAL_REPRESENTATION('',(#3539),#3543);
#3539 = LINE('',#3540,#3541);
#3540 = CARTESIAN_POINT('',(0.,0.));
#3541 = VECTOR('',#3542,1.);
#3542 = DIRECTION('',(0.,-1.));
#3543 = ( GEOMETRIC_REPRESENTATION_CONTEXT(2) 
PARAMETRIC_REPRESENTATION_CONTEXT() REPRESENTATION_CONTEXT('2D SPACE',''
  ) );
#3544 = PCURVE('',#362,#3545);
#3545 = DEFINITIONAL_REPRESENTATION('',(#3546),#3550);
#3546 = LINE('',#3547,#3548);
#3547 = CARTESIAN_POINT('',(49.497474683058,0.));
#3548 = VECTOR('',#3549,1.);
#3549 = DIRECTION('',(0.,-1.));
#3550 = ( GEOMETRIC_REPRESENTATION_CONTEXT(2) 
PARAMETRIC_REPRESENTATION_CONTEXT() REPRESENTATION_CONTEXT('2D SPACE',''
  ) );
#3551 = ORIENTED_EDGE('',*,*,#2111,.T.);
#3552 = ORIENTED_EDGE('',*,*,#3477,.F.);
#3553 = ORIENTED_EDGE('',*,*,#374,.F.);
#3554 = ADVANCED_FACE('',(#3555),#334,.F.);
#3555 = FACE_BOUND('',#3556,.F.);
#3556 = EDGE_LOOP('',(#3557,#3558,#3559,#3580));
#3557 = ORIENTED_EDGE('',*,*,#3506,.T.);
#3558 = ORIENTED_EDGE('',*,*,#2065,.T.);
#3559 = ORIENTED_EDGE('',*,*,#3560,.F.);
#3560 = EDGE_CURVE('',#319,#2066,#3561,.T.);
#3561 = SURFACE_CURVE('',#3562,(#3566,#3573),.PCURVE_S1.);
#3562 = LINE('',#3563,#3564);
#3563 = CARTESIAN_POINT('',(-180.,140.,626.));
#3564 = VECTOR('',#3565,1.);
#3565 = DIRECTION('',(0.,0.,1.));
#3566 = PCURVE('',#334,#3567);
#3567 = DEFINITIONAL_REPRESENTATION('',(#3568),#3572);
#3568 = LINE('',#3569,#3570);
#3569 = CARTESIAN_POINT('',(360.,0.));
#3570 = VECTOR('',#3571,1.);
#3571 = DIRECTION('',(0.,-1.));
#3572 = ( GEOMETRIC_REPRESENTATION_CONTEXT(2) 
PARAMETRIC_REPRESENTATION_CONTEXT() REPRESENTATION_CONTEXT('2D SPACE',''
  ) );
#3573 = PCURVE('',#362,#3574);
#3574 = DEFINITIONAL_REPRESENTATION('',(#3575),#3579);
#3575 = LINE('',#3576,#3577);
#3576 = CARTESIAN_POINT('',(0.,0.));
#3577 = VECTOR('',#3578,1.);
#3578 = DIRECTION('',(0.,-1.));
#3579 = ( GEOMETRIC_REPRESENTATION_CONTEXT(2) 
PARAMETRIC_REPRESENTATION_CONTEXT() REPRESENTATION_CONTEXT('2D SPACE',''
  ) );
#3580 = ORIENTED_EDGE('',*,*,#318,.F.);
#3581 = ADVANCED_FACE('',(#3582),#362,.F.);
#3582 = FACE_BOUND('',#3583,.F.);
#3583 = EDGE_LOOP('',(#3584,#3585,#3586,#3587));
#3584 = ORIENTED_EDGE('',*,*,#3560,.T.);
#3585 = ORIENTED_EDGE('',*,*,#2088,.T.);
#3586 = ORIENTED_EDGE('',*,*,#3531,.F.);
#3587 = ORIENTED_EDGE('',*,*,#346,.F.);
#3588 = ADVANCED_FACE('',(#3589),#443,.F.);
#3589 = FACE_BOUND('',#3590,.F.);
#3590 = EDGE_LOOP('',(#3591,#3592,#3613,#3614));
#3591 = ORIENTED_EDGE('',*,*,#2158,.F.);
#3592 = ORIENTED_EDGE('',*,*,#3593,.F.);
#3593 = EDGE_CURVE('',#427,#2159,#3594,.T.);
#3594 = SEAM_CURVE('',#3595,(#3599,#3606),.PCURVE_S1.);
#3595 = LINE('',#3596,#3597);
#3596 = CARTESIAN_POINT('',(-147.85,-121.5,625.));
#3597 = VECTOR('',#3598,1.);
#3598 = DIRECTION('',(0.,0.,1.));
#3599 = PCURVE('',#443,#3600);
#3600 = DEFINITIONAL_REPRESENTATION('',(#3601),#3605);
#3601 = LINE('',#3602,#3603);
#3602 = CARTESIAN_POINT('',(6.28318530718,-0.));
#3603 = VECTOR('',#3604,1.);
#3604 = DIRECTION('',(0.,1.));
#3605 = ( GEOMETRIC_REPRESENTATION_CONTEXT(2) 
PARAMETRIC_REPRESENTATION_CONTEXT() REPRESENTATION_CONTEXT('2D SPACE',''
  ) );
#3606 = PCURVE('',#443,#3607);
#3607 = DEFINITIONAL_REPRESENTATION('',(#3608),#3612);
#3608 = LINE('',#3609,#3610);
#3609 = CARTESIAN_POINT('',(0.,-0.));
#3610 = VECTOR('',#3611,1.);
#3611 = DIRECTION('',(0.,1.));
#3612 = ( GEOMETRIC_REPRESENTATION_CONTEXT(2) 
PARAMETRIC_REPRESENTATION_CONTEXT() REPRESENTATION_CONTEXT('2D SPACE',''
  ) );
#3613 = ORIENTED_EDGE('',*,*,#426,.T.);
#3614 = ORIENTED_EDGE('',*,*,#3593,.T.);
#3615 = ADVANCED_FACE('',(#3616),#474,.T.);
#3616 = FACE_BOUND('',#3617,.T.);
#3617 = EDGE_LOOP('',(#3618,#3639,#3640,#3661));
#3618 = ORIENTED_EDGE('',*,*,#3619,.F.);
#3619 = EDGE_CURVE('',#458,#2185,#3620,.T.);
#3620 = SURFACE_CURVE('',#3621,(#3625,#3632),.PCURVE_S1.);
#3621 = LINE('',#3622,#3623);
#3622 = CARTESIAN_POINT('',(-135.,-113.5,625.));
#3623 = VECTOR('',#3624,1.);
#3624 = DIRECTION('',(0.,0.,1.));
#3625 = PCURVE('',#474,#3626);
#3626 = DEFINITIONAL_REPRESENTATION('',(#3627),#3631);
#3627 = LINE('',#3628,#3629);
#3628 = CARTESIAN_POINT('',(0.,30.));
#3629 = VECTOR('',#3630,1.);
#3630 = DIRECTION('',(1.,0.));
#3631 = ( GEOMETRIC_REPRESENTATION_CONTEXT(2) 
PARAMETRIC_REPRESENTATION_CONTEXT() REPRESENTATION_CONTEXT('2D SPACE',''
  ) );
#3632 = PCURVE('',#550,#3633);
#3633 = DEFINITIONAL_REPRESENTATION('',(#3634),#3638);
#3634 = LINE('',#3635,#3636);
#3635 = CARTESIAN_POINT('',(0.,0.));
#3636 = VECTOR('',#3637,1.);
#3637 = DIRECTION('',(1.,0.));
#3638 = ( GEOMETRIC_REPRESENTATION_CONTEXT(2) 
PARAMETRIC_REPRESENTATION_CONTEXT() REPRESENTATION_CONTEXT('2D SPACE',''
  ) );
#3639 = ORIENTED_EDGE('',*,*,#457,.T.);
#3640 = ORIENTED_EDGE('',*,*,#3641,.T.);
#3641 = EDGE_CURVE('',#460,#2187,#3642,.T.);
#3642 = SURFACE_CURVE('',#3643,(#3647,#3654),.PCURVE_S1.);
#3643 = LINE('',#3644,#3645);
#3644 = CARTESIAN_POINT('',(-165.,-113.5,625.));
#3645 = VECTOR('',#3646,1.);
#3646 = DIRECTION('',(0.,0.,1.));
#3647 = PCURVE('',#474,#3648);
#3648 = DEFINITIONAL_REPRESENTATION('',(#3649),#3653);
#3649 = LINE('',#3650,#3651);
#3650 = CARTESIAN_POINT('',(0.,0.));
#3651 = VECTOR('',#3652,1.);
#3652 = DIRECTION('',(1.,0.));
#3653 = ( GEOMETRIC_REPRESENTATION_CONTEXT(2) 
PARAMETRIC_REPRESENTATION_CONTEXT() REPRESENTATION_CONTEXT('2D SPACE',''
  ) );
#3654 = PCURVE('',#500,#3655);
#3655 = DEFINITIONAL_REPRESENTATION('',(#3656),#3660);
#3656 = LINE('',#3657,#3658);
#3657 = CARTESIAN_POINT('',(0.,0.));
#3658 = VECTOR('',#3659,1.);
#3659 = DIRECTION('',(1.,0.));
#3660 = ( GEOMETRIC_REPRESENTATION_CONTEXT(2) 
PARAMETRIC_REPRESENTATION_CONTEXT() REPRESENTATION_CONTEXT('2D SPACE',''
  ) );
#3661 = ORIENTED_EDGE('',*,*,#2184,.F.);
#3662 = ADVANCED_FACE('',(#3663),#550,.F.);
#3663 = FACE_BOUND('',#3664,.F.);
#3664 = EDGE_LOOP('',(#3665,#3666,#3667,#3688));
#3665 = ORIENTED_EDGE('',*,*,#3619,.F.);
#3666 = ORIENTED_EDGE('',*,*,#537,.T.);
#3667 = ORIENTED_EDGE('',*,*,#3668,.T.);
#3668 = EDGE_CURVE('',#512,#2229,#3669,.T.);
#3669 = SURFACE_CURVE('',#3670,(#3674,#3681),.PCURVE_S1.);
#3670 = LINE('',#3671,#3672);
#3671 = CARTESIAN_POINT('',(-135.,-109.5,625.));
#3672 = VECTOR('',#3673,1.);
#3673 = DIRECTION('',(0.,0.,1.));
#3674 = PCURVE('',#550,#3675);
#3675 = DEFINITIONAL_REPRESENTATION('',(#3676),#3680);
#3676 = LINE('',#3677,#3678);
#3677 = CARTESIAN_POINT('',(0.,-4.));
#3678 = VECTOR('',#3679,1.);
#3679 = DIRECTION('',(1.,0.));
#3680 = ( GEOMETRIC_REPRESENTATION_CONTEXT(2) 
PARAMETRIC_REPRESENTATION_CONTEXT() REPRESENTATION_CONTEXT('2D SPACE',''
  ) );
#3681 = PCURVE('',#526,#3682);
#3682 = DEFINITIONAL_REPRESENTATION('',(#3683),#3687);
#3683 = LINE('',#3684,#3685);
#3684 = CARTESIAN_POINT('',(0.,30.));
#3685 = VECTOR('',#3686,1.);
#3686 = DIRECTION('',(1.,0.));
#3687 = ( GEOMETRIC_REPRESENTATION_CONTEXT(2) 
PARAMETRIC_REPRESENTATION_CONTEXT() REPRESENTATION_CONTEXT('2D SPACE',''
  ) );
#3688 = ORIENTED_EDGE('',*,*,#2249,.F.);
#3689 = ADVANCED_FACE('',(#3690),#500,.T.);
#3690 = FACE_BOUND('',#3691,.T.);
#3691 = EDGE_LOOP('',(#3692,#3693,#3694,#3715));
#3692 = ORIENTED_EDGE('',*,*,#3641,.F.);
#3693 = ORIENTED_EDGE('',*,*,#485,.T.);
#3694 = ORIENTED_EDGE('',*,*,#3695,.T.);
#3695 = EDGE_CURVE('',#486,#2208,#3696,.T.);
#3696 = SURFACE_CURVE('',#3697,(#3701,#3708),.PCURVE_S1.);
#3697 = LINE('',#3698,#3699);
#3698 = CARTESIAN_POINT('',(-165.,-109.5,625.));
#3699 = VECTOR('',#3700,1.);
#3700 = DIRECTION('',(0.,0.,1.));
#3701 = PCURVE('',#500,#3702);
#3702 = DEFINITIONAL_REPRESENTATION('',(#3703),#3707);
#3703 = LINE('',#3704,#3705);
#3704 = CARTESIAN_POINT('',(0.,-4.));
#3705 = VECTOR('',#3706,1.);
#3706 = DIRECTION('',(1.,0.));
#3707 = ( GEOMETRIC_REPRESENTATION_CONTEXT(2) 
PARAMETRIC_REPRESENTATION_CONTEXT() REPRESENTATION_CONTEXT('2D SPACE',''
  ) );
#3708 = PCURVE('',#526,#3709);
#3709 = DEFINITIONAL_REPRESENTATION('',(#3710),#3714);
#3710 = LINE('',#3711,#3712);
#3711 = CARTESIAN_POINT('',(0.,0.));
#3712 = VECTOR('',#3713,1.);
#3713 = DIRECTION('',(1.,0.));
#3714 = ( GEOMETRIC_REPRESENTATION_CONTEXT(2) 
PARAMETRIC_REPRESENTATION_CONTEXT() REPRESENTATION_CONTEXT('2D SPACE',''
  ) );
#3715 = ORIENTED_EDGE('',*,*,#2207,.F.);
#3716 = ADVANCED_FACE('',(#3717),#526,.F.);
#3717 = FACE_BOUND('',#3718,.F.);
#3718 = EDGE_LOOP('',(#3719,#3720,#3721,#3722));
#3719 = ORIENTED_EDGE('',*,*,#3668,.F.);
#3720 = ORIENTED_EDGE('',*,*,#511,.T.);
#3721 = ORIENTED_EDGE('',*,*,#3695,.T.);
#3722 = ORIENTED_EDGE('',*,*,#2228,.F.);
#3723 = ADVANCED_FACE('',(#3724),#580,.T.);
#3724 = FACE_BOUND('',#3725,.T.);
#3725 = EDGE_LOOP('',(#3726,#3747,#3748,#3769));
#3726 = ORIENTED_EDGE('',*,*,#3727,.F.);
#3727 = EDGE_CURVE('',#564,#2271,#3728,.T.);
#3728 = SURFACE_CURVE('',#3729,(#3733,#3740),.PCURVE_S1.);
#3729 = LINE('',#3730,#3731);
#3730 = CARTESIAN_POINT('',(-45.,-113.5,625.));
#3731 = VECTOR('',#3732,1.);
#3732 = DIRECTION('',(0.,0.,1.));
#3733 = PCURVE('',#580,#3734);
#3734 = DEFINITIONAL_REPRESENTATION('',(#3735),#3739);
#3735 = LINE('',#3736,#3737);
#3736 = CARTESIAN_POINT('',(0.,30.));
#3737 = VECTOR('',#3738,1.);
#3738 = DIRECTION('',(1.,0.));
#3739 = ( GEOMETRIC_REPRESENTATION_CONTEXT(2) 
PARAMETRIC_REPRESENTATION_CONTEXT() REPRESENTATION_CONTEXT('2D SPACE',''
  ) );
#3740 = PCURVE('',#656,#3741);
#3741 = DEFINITIONAL_REPRESENTATION('',(#3742),#3746);
#3742 = LINE('',#3743,#3744);
#3743 = CARTESIAN_POINT('',(0.,0.));
#3744 = VECTOR('',#3745,1.);
#3745 = DIRECTION('',(1.,0.));
#3746 = ( GEOMETRIC_REPRESENTATION_CONTEXT(2) 
PARAMETRIC_REPRESENTATION_CONTEXT() REPRESENTATION_CONTEXT('2D SPACE',''
  ) );
#3747 = ORIENTED_EDGE('',*,*,#563,.T.);
#3748 = ORIENTED_EDGE('',*,*,#3749,.T.);
#3749 = EDGE_CURVE('',#566,#2273,#3750,.T.);
#3750 = SURFACE_CURVE('',#3751,(#3755,#3762),.PCURVE_S1.);
#3751 = LINE('',#3752,#3753);
#3752 = CARTESIAN_POINT('',(-75.,-113.5,625.));
#3753 = VECTOR('',#3754,1.);
#3754 = DIRECTION('',(0.,0.,1.));
#3755 = PCURVE('',#580,#3756);
#3756 = DEFINITIONAL_REPRESENTATION('',(#3757),#3761);
#3757 = LINE('',#3758,#3759);
#3758 = CARTESIAN_POINT('',(0.,0.));
#3759 = VECTOR('',#3760,1.);
#3760 = DIRECTION('',(1.,0.));
#3761 = ( GEOMETRIC_REPRESENTATION_CONTEXT(2) 
PARAMETRIC_REPRESENTATION_CONTEXT() REPRESENTATION_CONTEXT('2D SPACE',''
  ) );
#3762 = PCURVE('',#606,#3763);
#3763 = DEFINITIONAL_REPRESENTATION('',(#3764),#3768);
#3764 = LINE('',#3765,#3766);
#3765 = CARTESIAN_POINT('',(0.,0.));
#3766 = VECTOR('',#3767,1.);
#3767 = DIRECTION('',(1.,0.));
#3768 = ( GEOMETRIC_REPRESENTATION_CONTEXT(2) 
PARAMETRIC_REPRESENTATION_CONTEXT() REPRESENTATION_CONTEXT('2D SPACE',''
  ) );
#3769 = ORIENTED_EDGE('',*,*,#2270,.F.);
#3770 = ADVANCED_FACE('',(#3771),#656,.F.);
#3771 = FACE_BOUND('',#3772,.F.);
#3772 = EDGE_LOOP('',(#3773,#3774,#3775,#3796));
#3773 = ORIENTED_EDGE('',*,*,#3727,.F.);
#3774 = ORIENTED_EDGE('',*,*,#643,.T.);
#3775 = ORIENTED_EDGE('',*,*,#3776,.T.);
#3776 = EDGE_CURVE('',#618,#2315,#3777,.T.);
#3777 = SURFACE_CURVE('',#3778,(#3782,#3789),.PCURVE_S1.);
#3778 = LINE('',#3779,#3780);
#3779 = CARTESIAN_POINT('',(-45.,-109.5,625.));
#3780 = VECTOR('',#3781,1.);
#3781 = DIRECTION('',(0.,0.,1.));
#3782 = PCURVE('',#656,#3783);
#3783 = DEFINITIONAL_REPRESENTATION('',(#3784),#3788);
#3784 = LINE('',#3785,#3786);
#3785 = CARTESIAN_POINT('',(0.,-4.));
#3786 = VECTOR('',#3787,1.);
#3787 = DIRECTION('',(1.,0.));
#3788 = ( GEOMETRIC_REPRESENTATION_CONTEXT(2) 
PARAMETRIC_REPRESENTATION_CONTEXT() REPRESENTATION_CONTEXT('2D SPACE',''
  ) );
#3789 = PCURVE('',#632,#3790);
#3790 = DEFINITIONAL_REPRESENTATION('',(#3791),#3795);
#3791 = LINE('',#3792,#3793);
#3792 = CARTESIAN_POINT('',(0.,30.));
#3793 = VECTOR('',#3794,1.);
#3794 = DIRECTION('',(1.,0.));
#3795 = ( GEOMETRIC_REPRESENTATION_CONTEXT(2) 
PARAMETRIC_REPRESENTATION_CONTEXT() REPRESENTATION_CONTEXT('2D SPACE',''
  ) );
#3796 = ORIENTED_EDGE('',*,*,#2335,.F.);
#3797 = ADVANCED_FACE('',(#3798),#606,.T.);
#3798 = FACE_BOUND('',#3799,.T.);
#3799 = EDGE_LOOP('',(#3800,#3801,#3802,#3823));
#3800 = ORIENTED_EDGE('',*,*,#3749,.F.);
#3801 = ORIENTED_EDGE('',*,*,#591,.T.);
#3802 = ORIENTED_EDGE('',*,*,#3803,.T.);
#3803 = EDGE_CURVE('',#592,#2294,#3804,.T.);
#3804 = SURFACE_CURVE('',#3805,(#3809,#3816),.PCURVE_S1.);
#3805 = LINE('',#3806,#3807);
#3806 = CARTESIAN_POINT('',(-75.,-109.5,625.));
#3807 = VECTOR('',#3808,1.);
#3808 = DIRECTION('',(0.,0.,1.));
#3809 = PCURVE('',#606,#3810);
#3810 = DEFINITIONAL_REPRESENTATION('',(#3811),#3815);
#3811 = LINE('',#3812,#3813);
#3812 = CARTESIAN_POINT('',(0.,-4.));
#3813 = VECTOR('',#3814,1.);
#3814 = DIRECTION('',(1.,0.));
#3815 = ( GEOMETRIC_REPRESENTATION_CONTEXT(2) 
PARAMETRIC_REPRESENTATION_CONTEXT() REPRESENTATION_CONTEXT('2D SPACE',''
  ) );
#3816 = PCURVE('',#632,#3817);
#3817 = DEFINITIONAL_REPRESENTATION('',(#3818),#3822);
#3818 = LINE('',#3819,#3820);
#3819 = CARTESIAN_POINT('',(0.,0.));
#3820 = VECTOR('',#3821,1.);
#3821 = DIRECTION('',(1.,0.));
#3822 = ( GEOMETRIC_REPRESENTATION_CONTEXT(2) 
PARAMETRIC_REPRESENTATION_CONTEXT() REPRESENTATION_CONTEXT('2D SPACE',''
  ) );
#3823 = ORIENTED_EDGE('',*,*,#2293,.F.);
#3824 = ADVANCED_FACE('',(#3825),#632,.F.);
#3825 = FACE_BOUND('',#3826,.F.);
#3826 = EDGE_LOOP('',(#3827,#3828,#3829,#3830));
#3827 = ORIENTED_EDGE('',*,*,#3776,.F.);
#3828 = ORIENTED_EDGE('',*,*,#617,.T.);
#3829 = ORIENTED_EDGE('',*,*,#3803,.T.);
#3830 = ORIENTED_EDGE('',*,*,#2314,.F.);
#3831 = ADVANCED_FACE('',(#3832),#686,.T.);
#3832 = FACE_BOUND('',#3833,.T.);
#3833 = EDGE_LOOP('',(#3834,#3855,#3856,#3877));
#3834 = ORIENTED_EDGE('',*,*,#3835,.F.);
#3835 = EDGE_CURVE('',#670,#2357,#3836,.T.);
#3836 = SURFACE_CURVE('',#3837,(#3841,#3848),.PCURVE_S1.);
#3837 = LINE('',#3838,#3839);
#3838 = CARTESIAN_POINT('',(-50.,-92.,625.));
#3839 = VECTOR('',#3840,1.);
#3840 = DIRECTION('',(0.,0.,1.));
#3841 = PCURVE('',#686,#3842);
#3842 = DEFINITIONAL_REPRESENTATION('',(#3843),#3847);
#3843 = LINE('',#3844,#3845);
#3844 = CARTESIAN_POINT('',(0.,120.));
#3845 = VECTOR('',#3846,1.);
#3846 = DIRECTION('',(1.,0.));
#3847 = ( GEOMETRIC_REPRESENTATION_CONTEXT(2) 
PARAMETRIC_REPRESENTATION_CONTEXT() REPRESENTATION_CONTEXT('2D SPACE',''
  ) );
#3848 = PCURVE('',#762,#3849);
#3849 = DEFINITIONAL_REPRESENTATION('',(#3850),#3854);
#3850 = LINE('',#3851,#3852);
#3851 = CARTESIAN_POINT('',(0.,0.));
#3852 = VECTOR('',#3853,1.);
#3853 = DIRECTION('',(1.,0.));
#3854 = ( GEOMETRIC_REPRESENTATION_CONTEXT(2) 
PARAMETRIC_REPRESENTATION_CONTEXT() REPRESENTATION_CONTEXT('2D SPACE',''
  ) );
#3855 = ORIENTED_EDGE('',*,*,#669,.T.);
#3856 = ORIENTED_EDGE('',*,*,#3857,.T.);
#3857 = EDGE_CURVE('',#672,#2359,#3858,.T.);
#3858 = SURFACE_CURVE('',#3859,(#3863,#3870),.PCURVE_S1.);
#3859 = LINE('',#3860,#3861);
#3860 = CARTESIAN_POINT('',(-170.,-92.,625.));
#3861 = VECTOR('',#3862,1.);
#3862 = DIRECTION('',(0.,0.,1.));
#3863 = PCURVE('',#686,#3864);
#3864 = DEFINITIONAL_REPRESENTATION('',(#3865),#3869);
#3865 = LINE('',#3866,#3867);
#3866 = CARTESIAN_POINT('',(0.,0.));
#3867 = VECTOR('',#3868,1.);
#3868 = DIRECTION('',(1.,0.));
#3869 = ( GEOMETRIC_REPRESENTATION_CONTEXT(2) 
PARAMETRIC_REPRESENTATION_CONTEXT() REPRESENTATION_CONTEXT('2D SPACE',''
  ) );
#3870 = PCURVE('',#712,#3871);
#3871 = DEFINITIONAL_REPRESENTATION('',(#3872),#3876);
#3872 = LINE('',#3873,#3874);
#3873 = CARTESIAN_POINT('',(0.,0.));
#3874 = VECTOR('',#3875,1.);
#3875 = DIRECTION('',(1.,0.));
#3876 = ( GEOMETRIC_REPRESENTATION_CONTEXT(2) 
PARAMETRIC_REPRESENTATION_CONTEXT() REPRESENTATION_CONTEXT('2D SPACE',''
  ) );
#3877 = ORIENTED_EDGE('',*,*,#2356,.F.);
#3878 = ADVANCED_FACE('',(#3879),#762,.F.);
#3879 = FACE_BOUND('',#3880,.F.);
#3880 = EDGE_LOOP('',(#3881,#3882,#3883,#3904));
#3881 = ORIENTED_EDGE('',*,*,#3835,.F.);
#3882 = ORIENTED_EDGE('',*,*,#749,.T.);
#3883 = ORIENTED_EDGE('',*,*,#3884,.T.);
#3884 = EDGE_CURVE('',#724,#2401,#3885,.T.);
#3885 = SURFACE_CURVE('',#3886,(#3890,#3897),.PCURVE_S1.);
#3886 = LINE('',#3887,#3888);
#3887 = CARTESIAN_POINT('',(-50.,-32.,625.));
#3888 = VECTOR('',#3889,1.);
#3889 = DIRECTION('',(0.,0.,1.));
#3890 = PCURVE('',#762,#3891);
#3891 = DEFINITIONAL_REPRESENTATION('',(#3892),#3896);
#3892 = LINE('',#3893,#3894);
#3893 = CARTESIAN_POINT('',(0.,-60.));
#3894 = VECTOR('',#3895,1.);
#3895 = DIRECTION('',(1.,0.));
#3896 = ( GEOMETRIC_REPRESENTATION_CONTEXT(2) 
PARAMETRIC_REPRESENTATION_CONTEXT() REPRESENTATION_CONTEXT('2D SPACE',''
  ) );
#3897 = PCURVE('',#738,#3898);
#3898 = DEFINITIONAL_REPRESENTATION('',(#3899),#3903);
#3899 = LINE('',#3900,#3901);
#3900 = CARTESIAN_POINT('',(0.,120.));
#3901 = VECTOR('',#3902,1.);
#3902 = DIRECTION('',(1.,0.));
#3903 = ( GEOMETRIC_REPRESENTATION_CONTEXT(2) 
PARAMETRIC_REPRESENTATION_CONTEXT() REPRESENTATION_CONTEXT('2D SPACE',''
  ) );
#3904 = ORIENTED_EDGE('',*,*,#2421,.F.);
#3905 = ADVANCED_FACE('',(#3906),#712,.T.);
#3906 = FACE_BOUND('',#3907,.T.);
#3907 = EDGE_LOOP('',(#3908,#3909,#3910,#3931));
#3908 = ORIENTED_EDGE('',*,*,#3857,.F.);
#3909 = ORIENTED_EDGE('',*,*,#697,.T.);
#3910 = ORIENTED_EDGE('',*,*,#3911,.T.);
#3911 = EDGE_CURVE('',#698,#2380,#3912,.T.);
#3912 = SURFACE_CURVE('',#3913,(#3917,#3924),.PCURVE_S1.);
#3913 = LINE('',#3914,#3915);
#3914 = CARTESIAN_POINT('',(-170.,-32.,625.));
#3915 = VECTOR('',#3916,1.);
#3916 = DIRECTION('',(0.,0.,1.));
#3917 = PCURVE('',#712,#3918);
#3918 = DEFINITIONAL_REPRESENTATION('',(#3919),#3923);
#3919 = LINE('',#3920,#3921);
#3920 = CARTESIAN_POINT('',(0.,-60.));
#3921 = VECTOR('',#3922,1.);
#3922 = DIRECTION('',(1.,0.));
#3923 = ( GEOMETRIC_REPRESENTATION_CONTEXT(2) 
PARAMETRIC_REPRESENTATION_CONTEXT() REPRESENTATION_CONTEXT('2D SPACE',''
  ) );
#3924 = PCURVE('',#738,#3925);
#3925 = DEFINITIONAL_REPRESENTATION('',(#3926),#3930);
#3926 = LINE('',#3927,#3928);
#3927 = CARTESIAN_POINT('',(0.,0.));
#3928 = VECTOR('',#3929,1.);
#3929 = DIRECTION('',(1.,0.));
#3930 = ( GEOMETRIC_REPRESENTATION_CONTEXT(2) 
PARAMETRIC_REPRESENTATION_CONTEXT() REPRESENTATION_CONTEXT('2D SPACE',''
  ) );
#3931 = ORIENTED_EDGE('',*,*,#2379,.F.);
#3932 = ADVANCED_FACE('',(#3933),#738,.F.);
#3933 = FACE_BOUND('',#3934,.F.);
#3934 = EDGE_LOOP('',(#3935,#3936,#3937,#3938));
#3935 = ORIENTED_EDGE('',*,*,#3884,.F.);
#3936 = ORIENTED_EDGE('',*,*,#723,.T.);
#3937 = ORIENTED_EDGE('',*,*,#3911,.T.);
#3938 = ORIENTED_EDGE('',*,*,#2400,.F.);
#3939 = ADVANCED_FACE('',(#3940),#792,.F.);
#3940 = FACE_BOUND('',#3941,.F.);
#3941 = EDGE_LOOP('',(#3942,#3943,#3964,#3965));
#3942 = ORIENTED_EDGE('',*,*,#2442,.F.);
#3943 = ORIENTED_EDGE('',*,*,#3944,.F.);
#3944 = EDGE_CURVE('',#776,#2443,#3945,.T.);
#3945 = SEAM_CURVE('',#3946,(#3950,#3957),.PCURVE_S1.);
#3946 = LINE('',#3947,#3948);
#3947 = CARTESIAN_POINT('',(1.65,-130.,625.));
#3948 = VECTOR('',#3949,1.);
#3949 = DIRECTION('',(0.,0.,1.));
#3950 = PCURVE('',#792,#3951);
#3951 = DEFINITIONAL_REPRESENTATION('',(#3952),#3956);
#3952 = LINE('',#3953,#3954);
#3953 = CARTESIAN_POINT('',(6.28318530718,-0.));
#3954 = VECTOR('',#3955,1.);
#3955 = DIRECTION('',(0.,1.));
#3956 = ( GEOMETRIC_REPRESENTATION_CONTEXT(2) 
PARAMETRIC_REPRESENTATION_CONTEXT() REPRESENTATION_CONTEXT('2D SPACE',''
  ) );
#3957 = PCURVE('',#792,#3958);
#3958 = DEFINITIONAL_REPRESENTATION('',(#3959),#3963);
#3959 = LINE('',#3960,#3961);
#3960 = CARTESIAN_POINT('',(0.,-0.));
#3961 = VECTOR('',#3962,1.);
#3962 = DIRECTION('',(0.,1.));
#3963 = ( GEOMETRIC_REPRESENTATION_CONTEXT(2) 
PARAMETRIC_REPRESENTATION_CONTEXT() REPRESENTATION_CONTEXT('2D SPACE',''
  ) );
#3964 = ORIENTED_EDGE('',*,*,#775,.T.);
#3965 = ORIENTED_EDGE('',*,*,#3944,.T.);
#3966 = ADVANCED_FACE('',(#3967),#823,.F.);
#3967 = FACE_BOUND('',#3968,.F.);
#3968 = EDGE_LOOP('',(#3969,#3970,#3991,#3992));
#3969 = ORIENTED_EDGE('',*,*,#2468,.F.);
#3970 = ORIENTED_EDGE('',*,*,#3971,.F.);
#3971 = EDGE_CURVE('',#807,#2469,#3972,.T.);
#3972 = SEAM_CURVE('',#3973,(#3977,#3984),.PCURVE_S1.);
#3973 = LINE('',#3974,#3975);
#3974 = CARTESIAN_POINT('',(2.15,-121.5,625.));
#3975 = VECTOR('',#3976,1.);
#3976 = DIRECTION('',(0.,0.,1.));
#3977 = PCURVE('',#823,#3978);
#3978 = DEFINITIONAL_REPRESENTATION('',(#3979),#3983);
#3979 = LINE('',#3980,#3981);
#3980 = CARTESIAN_POINT('',(6.28318530718,-0.));
#3981 = VECTOR('',#3982,1.);
#3982 = DIRECTION('',(0.,1.));
#3983 = ( GEOMETRIC_REPRESENTATION_CONTEXT(2) 
PARAMETRIC_REPRESENTATION_CONTEXT() REPRESENTATION_CONTEXT('2D SPACE',''
  ) );
#3984 = PCURVE('',#823,#3985);
#3985 = DEFINITIONAL_REPRESENTATION('',(#3986),#3990);
#3986 = LINE('',#3987,#3988);
#3987 = CARTESIAN_POINT('',(0.,-0.));
#3988 = VECTOR('',#3989,1.);
#3989 = DIRECTION('',(0.,1.));
#3990 = ( GEOMETRIC_REPRESENTATION_CONTEXT(2) 
PARAMETRIC_REPRESENTATION_CONTEXT() REPRESENTATION_CONTEXT('2D SPACE',''
  ) );
#3991 = ORIENTED_EDGE('',*,*,#806,.T.);
#3992 = ORIENTED_EDGE('',*,*,#3971,.T.);
#3993 = ADVANCED_FACE('',(#3994),#854,.T.);
#3994 = FACE_BOUND('',#3995,.T.);
#3995 = EDGE_LOOP('',(#3996,#4017,#4018,#4039));
#3996 = ORIENTED_EDGE('',*,*,#3997,.F.);
#3997 = EDGE_CURVE('',#838,#2495,#3998,.T.);
#3998 = SURFACE_CURVE('',#3999,(#4003,#4010),.PCURVE_S1.);
#3999 = LINE('',#4000,#4001);
#4000 = CARTESIAN_POINT('',(75.,-113.5,625.));
#4001 = VECTOR('',#4002,1.);
#4002 = DIRECTION('',(0.,0.,1.));
#4003 = PCURVE('',#854,#4004);
#4004 = DEFINITIONAL_REPRESENTATION('',(#4005),#4009);
#4005 = LINE('',#4006,#4007);
#4006 = CARTESIAN_POINT('',(0.,30.));
#4007 = VECTOR('',#4008,1.);
#4008 = DIRECTION('',(1.,0.));
#4009 = ( GEOMETRIC_REPRESENTATION_CONTEXT(2) 
PARAMETRIC_REPRESENTATION_CONTEXT() REPRESENTATION_CONTEXT('2D SPACE',''
  ) );
#4010 = PCURVE('',#930,#4011);
#4011 = DEFINITIONAL_REPRESENTATION('',(#4012),#4016);
#4012 = LINE('',#4013,#4014);
#4013 = CARTESIAN_POINT('',(0.,0.));
#4014 = VECTOR('',#4015,1.);
#4015 = DIRECTION('',(1.,0.));
#4016 = ( GEOMETRIC_REPRESENTATION_CONTEXT(2) 
PARAMETRIC_REPRESENTATION_CONTEXT() REPRESENTATION_CONTEXT('2D SPACE',''
  ) );
#4017 = ORIENTED_EDGE('',*,*,#837,.T.);
#4018 = ORIENTED_EDGE('',*,*,#4019,.T.);
#4019 = EDGE_CURVE('',#840,#2497,#4020,.T.);
#4020 = SURFACE_CURVE('',#4021,(#4025,#4032),.PCURVE_S1.);
#4021 = LINE('',#4022,#4023);
#4022 = CARTESIAN_POINT('',(45.,-113.5,625.));
#4023 = VECTOR('',#4024,1.);
#4024 = DIRECTION('',(0.,0.,1.));
#4025 = PCURVE('',#854,#4026);
#4026 = DEFINITIONAL_REPRESENTATION('',(#4027),#4031);
#4027 = LINE('',#4028,#4029);
#4028 = CARTESIAN_POINT('',(0.,0.));
#4029 = VECTOR('',#4030,1.);
#4030 = DIRECTION('',(1.,0.));
#4031 = ( GEOMETRIC_REPRESENTATION_CONTEXT(2) 
PARAMETRIC_REPRESENTATION_CONTEXT() REPRESENTATION_CONTEXT('2D SPACE',''
  ) );
#4032 = PCURVE('',#880,#4033);
#4033 = DEFINITIONAL_REPRESENTATION('',(#4034),#4038);
#4034 = LINE('',#4035,#4036);
#4035 = CARTESIAN_POINT('',(0.,0.));
#4036 = VECTOR('',#4037,1.);
#4037 = DIRECTION('',(1.,0.));
#4038 = ( GEOMETRIC_REPRESENTATION_CONTEXT(2) 
PARAMETRIC_REPRESENTATION_CONTEXT() REPRESENTATION_CONTEXT('2D SPACE',''
  ) );
#4039 = ORIENTED_EDGE('',*,*,#2494,.F.);
#4040 = ADVANCED_FACE('',(#4041),#930,.F.);
#4041 = FACE_BOUND('',#4042,.F.);
#4042 = EDGE_LOOP('',(#4043,#4044,#4045,#4066));
#4043 = ORIENTED_EDGE('',*,*,#3997,.F.);
#4044 = ORIENTED_EDGE('',*,*,#917,.T.);
#4045 = ORIENTED_EDGE('',*,*,#4046,.T.);
#4046 = EDGE_CURVE('',#892,#2539,#4047,.T.);
#4047 = SURFACE_CURVE('',#4048,(#4052,#4059),.PCURVE_S1.);
#4048 = LINE('',#4049,#4050);
#4049 = CARTESIAN_POINT('',(75.,-109.5,625.));
#4050 = VECTOR('',#4051,1.);
#4051 = DIRECTION('',(0.,0.,1.));
#4052 = PCURVE('',#930,#4053);
#4053 = DEFINITIONAL_REPRESENTATION('',(#4054),#4058);
#4054 = LINE('',#4055,#4056);
#4055 = CARTESIAN_POINT('',(0.,-4.));
#4056 = VECTOR('',#4057,1.);
#4057 = DIRECTION('',(1.,0.));
#4058 = ( GEOMETRIC_REPRESENTATION_CONTEXT(2) 
PARAMETRIC_REPRESENTATION_CONTEXT() REPRESENTATION_CONTEXT('2D SPACE',''
  ) );
#4059 = PCURVE('',#906,#4060);
#4060 = DEFINITIONAL_REPRESENTATION('',(#4061),#4065);
#4061 = LINE('',#4062,#4063);
#4062 = CARTESIAN_POINT('',(0.,30.));
#4063 = VECTOR('',#4064,1.);
#4064 = DIRECTION('',(1.,0.));
#4065 = ( GEOMETRIC_REPRESENTATION_CONTEXT(2) 
PARAMETRIC_REPRESENTATION_CONTEXT() REPRESENTATION_CONTEXT('2D SPACE',''
  ) );
#4066 = ORIENTED_EDGE('',*,*,#2559,.F.);
#4067 = ADVANCED_FACE('',(#4068),#880,.T.);
#4068 = FACE_BOUND('',#4069,.T.);
#4069 = EDGE_LOOP('',(#4070,#4071,#4072,#4093));
#4070 = ORIENTED_EDGE('',*,*,#4019,.F.);
#4071 = ORIENTED_EDGE('',*,*,#865,.T.);
#4072 = ORIENTED_EDGE('',*,*,#4073,.T.);
#4073 = EDGE_CURVE('',#866,#2518,#4074,.T.);
#4074 = SURFACE_CURVE('',#4075,(#4079,#4086),.PCURVE_S1.);
#4075 = LINE('',#4076,#4077);
#4076 = CARTESIAN_POINT('',(45.,-109.5,625.));
#4077 = VECTOR('',#4078,1.);
#4078 = DIRECTION('',(0.,0.,1.));
#4079 = PCURVE('',#880,#4080);
#4080 = DEFINITIONAL_REPRESENTATION('',(#4081),#4085);
#4081 = LINE('',#4082,#4083);
#4082 = CARTESIAN_POINT('',(0.,-4.));
#4083 = VECTOR('',#4084,1.);
#4084 = DIRECTION('',(1.,0.));
#4085 = ( GEOMETRIC_REPRESENTATION_CONTEXT(2) 
PARAMETRIC_REPRESENTATION_CONTEXT() REPRESENTATION_CONTEXT('2D SPACE',''
  ) );
#4086 = PCURVE('',#906,#4087);
#4087 = DEFINITIONAL_REPRESENTATION('',(#4088),#4092);
#4088 = LINE('',#4089,#4090);
#4089 = CARTESIAN_POINT('',(0.,0.));
#4090 = VECTOR('',#4091,1.);
#4091 = DIRECTION('',(1.,0.));
#4092 = ( GEOMETRIC_REPRESENTATION_CONTEXT(2) 
PARAMETRIC_REPRESENTATION_CONTEXT() REPRESENTATION_CONTEXT('2D SPACE',''
  ) );
#4093 = ORIENTED_EDGE('',*,*,#2517,.F.);
#4094 = ADVANCED_FACE('',(#4095),#906,.F.);
#4095 = FACE_BOUND('',#4096,.F.);
#4096 = EDGE_LOOP('',(#4097,#4098,#4099,#4100));
#4097 = ORIENTED_EDGE('',*,*,#4046,.F.);
#4098 = ORIENTED_EDGE('',*,*,#891,.T.);
#4099 = ORIENTED_EDGE('',*,*,#4073,.T.);
#4100 = ORIENTED_EDGE('',*,*,#2538,.F.);
#4101 = ADVANCED_FACE('',(#4102),#960,.F.);
#4102 = FACE_BOUND('',#4103,.F.);
#4103 = EDGE_LOOP('',(#4104,#4105,#4126,#4127));
#4104 = ORIENTED_EDGE('',*,*,#2580,.F.);
#4105 = ORIENTED_EDGE('',*,*,#4106,.F.);
#4106 = EDGE_CURVE('',#944,#2581,#4107,.T.);
#4107 = SEAM_CURVE('',#4108,(#4112,#4119),.PCURVE_S1.);
#4108 = LINE('',#4109,#4110);
#4109 = CARTESIAN_POINT('',(152.15,-121.5,625.));
#4110 = VECTOR('',#4111,1.);
#4111 = DIRECTION('',(0.,0.,1.));
#4112 = PCURVE('',#960,#4113);
#4113 = DEFINITIONAL_REPRESENTATION('',(#4114),#4118);
#4114 = LINE('',#4115,#4116);
#4115 = CARTESIAN_POINT('',(6.28318530718,-0.));
#4116 = VECTOR('',#4117,1.);
#4117 = DIRECTION('',(0.,1.));
#4118 = ( GEOMETRIC_REPRESENTATION_CONTEXT(2) 
PARAMETRIC_REPRESENTATION_CONTEXT() REPRESENTATION_CONTEXT('2D SPACE',''
  ) );
#4119 = PCURVE('',#960,#4120);
#4120 = DEFINITIONAL_REPRESENTATION('',(#4121),#4125);
#4121 = LINE('',#4122,#4123);
#4122 = CARTESIAN_POINT('',(0.,-0.));
#4123 = VECTOR('',#4124,1.);
#4124 = DIRECTION('',(0.,1.));
#4125 = ( GEOMETRIC_REPRESENTATION_CONTEXT(2) 
PARAMETRIC_REPRESENTATION_CONTEXT() REPRESENTATION_CONTEXT('2D SPACE',''
  ) );
#4126 = ORIENTED_EDGE('',*,*,#943,.T.);
#4127 = ORIENTED_EDGE('',*,*,#4106,.T.);
#4128 = ADVANCED_FACE('',(#4129),#991,.T.);
#4129 = FACE_BOUND('',#4130,.T.);
#4130 = EDGE_LOOP('',(#4131,#4152,#4153,#4174));
#4131 = ORIENTED_EDGE('',*,*,#4132,.F.);
#4132 = EDGE_CURVE('',#975,#2607,#4133,.T.);
#4133 = SURFACE_CURVE('',#4134,(#4138,#4145),.PCURVE_S1.);
#4134 = LINE('',#4135,#4136);
#4135 = CARTESIAN_POINT('',(165.,-113.5,625.));
#4136 = VECTOR('',#4137,1.);
#4137 = DIRECTION('',(0.,0.,1.));
#4138 = PCURVE('',#991,#4139);
#4139 = DEFINITIONAL_REPRESENTATION('',(#4140),#4144);
#4140 = LINE('',#4141,#4142);
#4141 = CARTESIAN_POINT('',(0.,30.));
#4142 = VECTOR('',#4143,1.);
#4143 = DIRECTION('',(1.,0.));
#4144 = ( GEOMETRIC_REPRESENTATION_CONTEXT(2) 
PARAMETRIC_REPRESENTATION_CONTEXT() REPRESENTATION_CONTEXT('2D SPACE',''
  ) );
#4145 = PCURVE('',#1067,#4146);
#4146 = DEFINITIONAL_REPRESENTATION('',(#4147),#4151);
#4147 = LINE('',#4148,#4149);
#4148 = CARTESIAN_POINT('',(0.,0.));
#4149 = VECTOR('',#4150,1.);
#4150 = DIRECTION('',(1.,0.));
#4151 = ( GEOMETRIC_REPRESENTATION_CONTEXT(2) 
PARAMETRIC_REPRESENTATION_CONTEXT() REPRESENTATION_CONTEXT('2D SPACE',''
  ) );
#4152 = ORIENTED_EDGE('',*,*,#974,.T.);
#4153 = ORIENTED_EDGE('',*,*,#4154,.T.);
#4154 = EDGE_CURVE('',#977,#2609,#4155,.T.);
#4155 = SURFACE_CURVE('',#4156,(#4160,#4167),.PCURVE_S1.);
#4156 = LINE('',#4157,#4158);
#4157 = CARTESIAN_POINT('',(135.,-113.5,625.));
#4158 = VECTOR('',#4159,1.);
#4159 = DIRECTION('',(0.,0.,1.));
#4160 = PCURVE('',#991,#4161);
#4161 = DEFINITIONAL_REPRESENTATION('',(#4162),#4166);
#4162 = LINE('',#4163,#4164);
#4163 = CARTESIAN_POINT('',(0.,0.));
#4164 = VECTOR('',#4165,1.);
#4165 = DIRECTION('',(1.,0.));
#4166 = ( GEOMETRIC_REPRESENTATION_CONTEXT(2) 
PARAMETRIC_REPRESENTATION_CONTEXT() REPRESENTATION_CONTEXT('2D SPACE',''
  ) );
#4167 = PCURVE('',#1017,#4168);
#4168 = DEFINITIONAL_REPRESENTATION('',(#4169),#4173);
#4169 = LINE('',#4170,#4171);
#4170 = CARTESIAN_POINT('',(0.,0.));
#4171 = VECTOR('',#4172,1.);
#4172 = DIRECTION('',(1.,0.));
#4173 = ( GEOMETRIC_REPRESENTATION_CONTEXT(2) 
PARAMETRIC_REPRESENTATION_CONTEXT() REPRESENTATION_CONTEXT('2D SPACE',''
  ) );
#4174 = ORIENTED_EDGE('',*,*,#2606,.F.);
#4175 = ADVANCED_FACE('',(#4176),#1067,.F.);
#4176 = FACE_BOUND('',#4177,.F.);
#4177 = EDGE_LOOP('',(#4178,#4179,#4180,#4201));
#4178 = ORIENTED_EDGE('',*,*,#4132,.F.);
#4179 = ORIENTED_EDGE('',*,*,#1054,.T.);
#4180 = ORIENTED_EDGE('',*,*,#4181,.T.);
#4181 = EDGE_CURVE('',#1029,#2651,#4182,.T.);
#4182 = SURFACE_CURVE('',#4183,(#4187,#4194),.PCURVE_S1.);
#4183 = LINE('',#4184,#4185);
#4184 = CARTESIAN_POINT('',(165.,-109.5,625.));
#4185 = VECTOR('',#4186,1.);
#4186 = DIRECTION('',(0.,0.,1.));
#4187 = PCURVE('',#1067,#4188);
#4188 = DEFINITIONAL_REPRESENTATION('',(#4189),#4193);
#4189 = LINE('',#4190,#4191);
#4190 = CARTESIAN_POINT('',(0.,-4.));
#4191 = VECTOR('',#4192,1.);
#4192 = DIRECTION('',(1.,0.));
#4193 = ( GEOMETRIC_REPRESENTATION_CONTEXT(2) 
PARAMETRIC_REPRESENTATION_CONTEXT() REPRESENTATION_CONTEXT('2D SPACE',''
  ) );
#4194 = PCURVE('',#1043,#4195);
#4195 = DEFINITIONAL_REPRESENTATION('',(#4196),#4200);
#4196 = LINE('',#4197,#4198);
#4197 = CARTESIAN_POINT('',(0.,30.));
#4198 = VECTOR('',#4199,1.);
#4199 = DIRECTION('',(1.,0.));
#4200 = ( GEOMETRIC_REPRESENTATION_CONTEXT(2) 
PARAMETRIC_REPRESENTATION_CONTEXT() REPRESENTATION_CONTEXT('2D SPACE',''
  ) );
#4201 = ORIENTED_EDGE('',*,*,#2671,.F.);
#4202 = ADVANCED_FACE('',(#4203),#1017,.T.);
#4203 = FACE_BOUND('',#4204,.T.);
#4204 = EDGE_LOOP('',(#4205,#4206,#4207,#4228));
#4205 = ORIENTED_EDGE('',*,*,#4154,.F.);
#4206 = ORIENTED_EDGE('',*,*,#1002,.T.);
#4207 = ORIENTED_EDGE('',*,*,#4208,.T.);
#4208 = EDGE_CURVE('',#1003,#2630,#4209,.T.);
#4209 = SURFACE_CURVE('',#4210,(#4214,#4221),.PCURVE_S1.);
#4210 = LINE('',#4211,#4212);
#4211 = CARTESIAN_POINT('',(135.,-109.5,625.));
#4212 = VECTOR('',#4213,1.);
#4213 = DIRECTION('',(0.,0.,1.));
#4214 = PCURVE('',#1017,#4215);
#4215 = DEFINITIONAL_REPRESENTATION('',(#4216),#4220);
#4216 = LINE('',#4217,#4218);
#4217 = CARTESIAN_POINT('',(0.,-4.));
#4218 = VECTOR('',#4219,1.);
#4219 = DIRECTION('',(1.,0.));
#4220 = ( GEOMETRIC_REPRESENTATION_CONTEXT(2) 
PARAMETRIC_REPRESENTATION_CONTEXT() REPRESENTATION_CONTEXT('2D SPACE',''
  ) );
#4221 = PCURVE('',#1043,#4222);
#4222 = DEFINITIONAL_REPRESENTATION('',(#4223),#4227);
#4223 = LINE('',#4224,#4225);
#4224 = CARTESIAN_POINT('',(0.,0.));
#4225 = VECTOR('',#4226,1.);
#4226 = DIRECTION('',(1.,0.));
#4227 = ( GEOMETRIC_REPRESENTATION_CONTEXT(2) 
PARAMETRIC_REPRESENTATION_CONTEXT() REPRESENTATION_CONTEXT('2D SPACE',''
  ) );
#4228 = ORIENTED_EDGE('',*,*,#2629,.F.);
#4229 = ADVANCED_FACE('',(#4230),#1043,.F.);
#4230 = FACE_BOUND('',#4231,.F.);
#4231 = EDGE_LOOP('',(#4232,#4233,#4234,#4235));
#4232 = ORIENTED_EDGE('',*,*,#4181,.F.);
#4233 = ORIENTED_EDGE('',*,*,#1028,.T.);
#4234 = ORIENTED_EDGE('',*,*,#4208,.T.);
#4235 = ORIENTED_EDGE('',*,*,#2650,.F.);
#4236 = ADVANCED_FACE('',(#4237),#1097,.T.);
#4237 = FACE_BOUND('',#4238,.T.);
#4238 = EDGE_LOOP('',(#4239,#4260,#4261,#4282));
#4239 = ORIENTED_EDGE('',*,*,#4240,.F.);
#4240 = EDGE_CURVE('',#1081,#2693,#4241,.T.);
#4241 = SURFACE_CURVE('',#4242,(#4246,#4253),.PCURVE_S1.);
#4242 = LINE('',#4243,#4244);
#4243 = CARTESIAN_POINT('',(170.,-92.,625.));
#4244 = VECTOR('',#4245,1.);
#4245 = DIRECTION('',(0.,0.,1.));
#4246 = PCURVE('',#1097,#4247);
#4247 = DEFINITIONAL_REPRESENTATION('',(#4248),#4252);
#4248 = LINE('',#4249,#4250);
#4249 = CARTESIAN_POINT('',(0.,120.));
#4250 = VECTOR('',#4251,1.);
#4251 = DIRECTION('',(1.,0.));
#4252 = ( GEOMETRIC_REPRESENTATION_CONTEXT(2) 
PARAMETRIC_REPRESENTATION_CONTEXT() REPRESENTATION_CONTEXT('2D SPACE',''
  ) );
#4253 = PCURVE('',#1173,#4254);
#4254 = DEFINITIONAL_REPRESENTATION('',(#4255),#4259);
#4255 = LINE('',#4256,#4257);
#4256 = CARTESIAN_POINT('',(0.,0.));
#4257 = VECTOR('',#4258,1.);
#4258 = DIRECTION('',(1.,0.));
#4259 = ( GEOMETRIC_REPRESENTATION_CONTEXT(2) 
PARAMETRIC_REPRESENTATION_CONTEXT() REPRESENTATION_CONTEXT('2D SPACE',''
  ) );
#4260 = ORIENTED_EDGE('',*,*,#1080,.T.);
#4261 = ORIENTED_EDGE('',*,*,#4262,.T.);
#4262 = EDGE_CURVE('',#1083,#2695,#4263,.T.);
#4263 = SURFACE_CURVE('',#4264,(#4268,#4275),.PCURVE_S1.);
#4264 = LINE('',#4265,#4266);
#4265 = CARTESIAN_POINT('',(50.,-92.,625.));
#4266 = VECTOR('',#4267,1.);
#4267 = DIRECTION('',(0.,0.,1.));
#4268 = PCURVE('',#1097,#4269);
#4269 = DEFINITIONAL_REPRESENTATION('',(#4270),#4274);
#4270 = LINE('',#4271,#4272);
#4271 = CARTESIAN_POINT('',(0.,0.));
#4272 = VECTOR('',#4273,1.);
#4273 = DIRECTION('',(1.,0.));
#4274 = ( GEOMETRIC_REPRESENTATION_CONTEXT(2) 
PARAMETRIC_REPRESENTATION_CONTEXT() REPRESENTATION_CONTEXT('2D SPACE',''
  ) );
#4275 = PCURVE('',#1123,#4276);
#4276 = DEFINITIONAL_REPRESENTATION('',(#4277),#4281);
#4277 = LINE('',#4278,#4279);
#4278 = CARTESIAN_POINT('',(0.,0.));
#4279 = VECTOR('',#4280,1.);
#4280 = DIRECTION('',(1.,0.));
#4281 = ( GEOMETRIC_REPRESENTATION_CONTEXT(2) 
PARAMETRIC_REPRESENTATION_CONTEXT() REPRESENTATION_CONTEXT('2D SPACE',''
  ) );
#4282 = ORIENTED_EDGE('',*,*,#2692,.F.);
#4283 = ADVANCED_FACE('',(#4284),#1173,.F.);
#4284 = FACE_BOUND('',#4285,.F.);
#4285 = EDGE_LOOP('',(#4286,#4287,#4288,#4309));
#4286 = ORIENTED_EDGE('',*,*,#4240,.F.);
#4287 = ORIENTED_EDGE('',*,*,#1160,.T.);
#4288 = ORIENTED_EDGE('',*,*,#4289,.T.);
#4289 = EDGE_CURVE('',#1135,#2737,#4290,.T.);
#4290 = SURFACE_CURVE('',#4291,(#4295,#4302),.PCURVE_S1.);
#4291 = LINE('',#4292,#4293);
#4292 = CARTESIAN_POINT('',(170.,-32.,625.));
#4293 = VECTOR('',#4294,1.);
#4294 = DIRECTION('',(0.,0.,1.));
#4295 = PCURVE('',#1173,#4296);
#4296 = DEFINITIONAL_REPRESENTATION('',(#4297),#4301);
#4297 = LINE('',#4298,#4299);
#4298 = CARTESIAN_POINT('',(0.,-60.));
#4299 = VECTOR('',#4300,1.);
#4300 = DIRECTION('',(1.,0.));
#4301 = ( GEOMETRIC_REPRESENTATION_CONTEXT(2) 
PARAMETRIC_REPRESENTATION_CONTEXT() REPRESENTATION_CONTEXT('2D SPACE',''
  ) );
#4302 = PCURVE('',#1149,#4303);
#4303 = DEFINITIONAL_REPRESENTATION('',(#4304),#4308);
#4304 = LINE('',#4305,#4306);
#4305 = CARTESIAN_POINT('',(0.,120.));
#4306 = VECTOR('',#4307,1.);
#4307 = DIRECTION('',(1.,0.));
#4308 = ( GEOMETRIC_REPRESENTATION_CONTEXT(2) 
PARAMETRIC_REPRESENTATION_CONTEXT() REPRESENTATION_CONTEXT('2D SPACE',''
  ) );
#4309 = ORIENTED_EDGE('',*,*,#2757,.F.);
#4310 = ADVANCED_FACE('',(#4311),#1123,.T.);
#4311 = FACE_BOUND('',#4312,.T.);
#4312 = EDGE_LOOP('',(#4313,#4314,#4315,#4336));
#4313 = ORIENTED_EDGE('',*,*,#4262,.F.);
#4314 = ORIENTED_EDGE('',*,*,#1108,.T.);
#4315 = ORIENTED_EDGE('',*,*,#4316,.T.);
#4316 = EDGE_CURVE('',#1109,#2716,#4317,.T.);
#4317 = SURFACE_CURVE('',#4318,(#4322,#4329),.PCURVE_S1.);
#4318 = LINE('',#4319,#4320);
#4319 = CARTESIAN_POINT('',(50.,-32.,625.));
#4320 = VECTOR('',#4321,1.);
#4321 = DIRECTION('',(0.,0.,1.));
#4322 = PCURVE('',#1123,#4323);
#4323 = DEFINITIONAL_REPRESENTATION('',(#4324),#4328);
#4324 = LINE('',#4325,#4326);
#4325 = CARTESIAN_POINT('',(0.,-60.));
#4326 = VECTOR('',#4327,1.);
#4327 = DIRECTION('',(1.,0.));
#4328 = ( GEOMETRIC_REPRESENTATION_CONTEXT(2) 
PARAMETRIC_REPRESENTATION_CONTEXT() REPRESENTATION_CONTEXT('2D SPACE',''
  ) );
#4329 = PCURVE('',#1149,#4330);
#4330 = DEFINITIONAL_REPRESENTATION('',(#4331),#4335);
#4331 = LINE('',#4332,#4333);
#4332 = CARTESIAN_POINT('',(0.,0.));
#4333 = VECTOR('',#4334,1.);
#4334 = DIRECTION('',(1.,0.));
#4335 = ( GEOMETRIC_REPRESENTATION_CONTEXT(2) 
PARAMETRIC_REPRESENTATION_CONTEXT() REPRESENTATION_CONTEXT('2D SPACE',''
  ) );
#4336 = ORIENTED_EDGE('',*,*,#2715,.F.);
#4337 = ADVANCED_FACE('',(#4338),#1149,.F.);
#4338 = FACE_BOUND('',#4339,.F.);
#4339 = EDGE_LOOP('',(#4340,#4341,#4342,#4343));
#4340 = ORIENTED_EDGE('',*,*,#4289,.F.);
#4341 = ORIENTED_EDGE('',*,*,#1134,.T.);
#4342 = ORIENTED_EDGE('',*,*,#4316,.T.);
#4343 = ORIENTED_EDGE('',*,*,#2736,.F.);
#4344 = ADVANCED_FACE('',(#4345),#1203,.F.);
#4345 = FACE_BOUND('',#4346,.F.);
#4346 = EDGE_LOOP('',(#4347,#4348,#4369,#4370));
#4347 = ORIENTED_EDGE('',*,*,#2778,.F.);
#4348 = ORIENTED_EDGE('',*,*,#4349,.F.);
#4349 = EDGE_CURVE('',#1187,#2779,#4350,.T.);
#4350 = SEAM_CURVE('',#4351,(#4355,#4362),.PCURVE_S1.);
#4351 = LINE('',#4352,#4353);
#4352 = CARTESIAN_POINT('',(-128.35,-4.041334437186E-16,625.));
#4353 = VECTOR('',#4354,1.);
#4354 = DIRECTION('',(0.,0.,1.));
#4355 = PCURVE('',#1203,#4356);
#4356 = DEFINITIONAL_REPRESENTATION('',(#4357),#4361);
#4357 = LINE('',#4358,#4359);
#4358 = CARTESIAN_POINT('',(6.28318530718,-0.));
#4359 = VECTOR('',#4360,1.);
#4360 = DIRECTION('',(0.,1.));
#4361 = ( GEOMETRIC_REPRESENTATION_CONTEXT(2) 
PARAMETRIC_REPRESENTATION_CONTEXT() REPRESENTATION_CONTEXT('2D SPACE',''
  ) );
#4362 = PCURVE('',#1203,#4363);
#4363 = DEFINITIONAL_REPRESENTATION('',(#4364),#4368);
#4364 = LINE('',#4365,#4366);
#4365 = CARTESIAN_POINT('',(0.,-0.));
#4366 = VECTOR('',#4367,1.);
#4367 = DIRECTION('',(0.,1.));
#4368 = ( GEOMETRIC_REPRESENTATION_CONTEXT(2) 
PARAMETRIC_REPRESENTATION_CONTEXT() REPRESENTATION_CONTEXT('2D SPACE',''
  ) );
#4369 = ORIENTED_EDGE('',*,*,#1186,.T.);
#4370 = ORIENTED_EDGE('',*,*,#4349,.T.);
#4371 = ADVANCED_FACE('',(#4372),#1234,.T.);
#4372 = FACE_BOUND('',#4373,.T.);
#4373 = EDGE_LOOP('',(#4374,#4395,#4396,#4417));
#4374 = ORIENTED_EDGE('',*,*,#4375,.F.);
#4375 = EDGE_CURVE('',#1218,#2805,#4376,.T.);
#4376 = SURFACE_CURVE('',#4377,(#4381,#4388),.PCURVE_S1.);
#4377 = LINE('',#4378,#4379);
#4378 = CARTESIAN_POINT('',(-50.,32.,625.));
#4379 = VECTOR('',#4380,1.);
#4380 = DIRECTION('',(0.,0.,1.));
#4381 = PCURVE('',#1234,#4382);
#4382 = DEFINITIONAL_REPRESENTATION('',(#4383),#4387);
#4383 = LINE('',#4384,#4385);
#4384 = CARTESIAN_POINT('',(0.,120.));
#4385 = VECTOR('',#4386,1.);
#4386 = DIRECTION('',(1.,0.));
#4387 = ( GEOMETRIC_REPRESENTATION_CONTEXT(2) 
PARAMETRIC_REPRESENTATION_CONTEXT() REPRESENTATION_CONTEXT('2D SPACE',''
  ) );
#4388 = PCURVE('',#1310,#4389);
#4389 = DEFINITIONAL_REPRESENTATION('',(#4390),#4394);
#4390 = LINE('',#4391,#4392);
#4391 = CARTESIAN_POINT('',(0.,0.));
#4392 = VECTOR('',#4393,1.);
#4393 = DIRECTION('',(1.,0.));
#4394 = ( GEOMETRIC_REPRESENTATION_CONTEXT(2) 
PARAMETRIC_REPRESENTATION_CONTEXT() REPRESENTATION_CONTEXT('2D SPACE',''
  ) );
#4395 = ORIENTED_EDGE('',*,*,#1217,.T.);
#4396 = ORIENTED_EDGE('',*,*,#4397,.T.);
#4397 = EDGE_CURVE('',#1220,#2807,#4398,.T.);
#4398 = SURFACE_CURVE('',#4399,(#4403,#4410),.PCURVE_S1.);
#4399 = LINE('',#4400,#4401);
#4400 = CARTESIAN_POINT('',(-170.,32.,625.));
#4401 = VECTOR('',#4402,1.);
#4402 = DIRECTION('',(0.,0.,1.));
#4403 = PCURVE('',#1234,#4404);
#4404 = DEFINITIONAL_REPRESENTATION('',(#4405),#4409);
#4405 = LINE('',#4406,#4407);
#4406 = CARTESIAN_POINT('',(0.,0.));
#4407 = VECTOR('',#4408,1.);
#4408 = DIRECTION('',(1.,0.));
#4409 = ( GEOMETRIC_REPRESENTATION_CONTEXT(2) 
PARAMETRIC_REPRESENTATION_CONTEXT() REPRESENTATION_CONTEXT('2D SPACE',''
  ) );
#4410 = PCURVE('',#1260,#4411);
#4411 = DEFINITIONAL_REPRESENTATION('',(#4412),#4416);
#4412 = LINE('',#4413,#4414);
#4413 = CARTESIAN_POINT('',(0.,0.));
#4414 = VECTOR('',#4415,1.);
#4415 = DIRECTION('',(1.,0.));
#4416 = ( GEOMETRIC_REPRESENTATION_CONTEXT(2) 
PARAMETRIC_REPRESENTATION_CONTEXT() REPRESENTATION_CONTEXT('2D SPACE',''
  ) );
#4417 = ORIENTED_EDGE('',*,*,#2804,.F.);
#4418 = ADVANCED_FACE('',(#4419),#1310,.F.);
#4419 = FACE_BOUND('',#4420,.F.);
#4420 = EDGE_LOOP('',(#4421,#4422,#4423,#4444));
#4421 = ORIENTED_EDGE('',*,*,#4375,.F.);
#4422 = ORIENTED_EDGE('',*,*,#1297,.T.);
#4423 = ORIENTED_EDGE('',*,*,#4424,.T.);
#4424 = EDGE_CURVE('',#1272,#2849,#4425,.T.);
#4425 = SURFACE_CURVE('',#4426,(#4430,#4437),.PCURVE_S1.);
#4426 = LINE('',#4427,#4428);
#4427 = CARTESIAN_POINT('',(-50.,92.,625.));
#4428 = VECTOR('',#4429,1.);
#4429 = DIRECTION('',(0.,0.,1.));
#4430 = PCURVE('',#1310,#4431);
#4431 = DEFINITIONAL_REPRESENTATION('',(#4432),#4436);
#4432 = LINE('',#4433,#4434);
#4433 = CARTESIAN_POINT('',(0.,-60.));
#4434 = VECTOR('',#4435,1.);
#4435 = DIRECTION('',(1.,0.));
#4436 = ( GEOMETRIC_REPRESENTATION_CONTEXT(2) 
PARAMETRIC_REPRESENTATION_CONTEXT() REPRESENTATION_CONTEXT('2D SPACE',''
  ) );
#4437 = PCURVE('',#1286,#4438);
#4438 = DEFINITIONAL_REPRESENTATION('',(#4439),#4443);
#4439 = LINE('',#4440,#4441);
#4440 = CARTESIAN_POINT('',(0.,120.));
#4441 = VECTOR('',#4442,1.);
#4442 = DIRECTION('',(1.,0.));
#4443 = ( GEOMETRIC_REPRESENTATION_CONTEXT(2) 
PARAMETRIC_REPRESENTATION_CONTEXT() REPRESENTATION_CONTEXT('2D SPACE',''
  ) );
#4444 = ORIENTED_EDGE('',*,*,#2869,.F.);
#4445 = ADVANCED_FACE('',(#4446),#1260,.T.);
#4446 = FACE_BOUND('',#4447,.T.);
#4447 = EDGE_LOOP('',(#4448,#4449,#4450,#4471));
#4448 = ORIENTED_EDGE('',*,*,#4397,.F.);
#4449 = ORIENTED_EDGE('',*,*,#1245,.T.);
#4450 = ORIENTED_EDGE('',*,*,#4451,.T.);
#4451 = EDGE_CURVE('',#1246,#2828,#4452,.T.);
#4452 = SURFACE_CURVE('',#4453,(#4457,#4464),.PCURVE_S1.);
#4453 = LINE('',#4454,#4455);
#4454 = CARTESIAN_POINT('',(-170.,92.,625.));
#4455 = VECTOR('',#4456,1.);
#4456 = DIRECTION('',(0.,0.,1.));
#4457 = PCURVE('',#1260,#4458);
#4458 = DEFINITIONAL_REPRESENTATION('',(#4459),#4463);
#4459 = LINE('',#4460,#4461);
#4460 = CARTESIAN_POINT('',(0.,-60.));
#4461 = VECTOR('',#4462,1.);
#4462 = DIRECTION('',(1.,0.));
#4463 = ( GEOMETRIC_REPRESENTATION_CONTEXT(2) 
PARAMETRIC_REPRESENTATION_CONTEXT() REPRESENTATION_CONTEXT('2D SPACE',''
  ) );
#4464 = PCURVE('',#1286,#4465);
#4465 = DEFINITIONAL_REPRESENTATION('',(#4466),#4470);
#4466 = LINE('',#4467,#4468);
#4467 = CARTESIAN_POINT('',(0.,0.));
#4468 = VECTOR('',#4469,1.);
#4469 = DIRECTION('',(1.,0.));
#4470 = ( GEOMETRIC_REPRESENTATION_CONTEXT(2) 
PARAMETRIC_REPRESENTATION_CONTEXT() REPRESENTATION_CONTEXT('2D SPACE',''
  ) );
#4471 = ORIENTED_EDGE('',*,*,#2827,.F.);
#4472 = ADVANCED_FACE('',(#4473),#1286,.F.);
#4473 = FACE_BOUND('',#4474,.F.);
#4474 = EDGE_LOOP('',(#4475,#4476,#4477,#4478));
#4475 = ORIENTED_EDGE('',*,*,#4424,.F.);
#4476 = ORIENTED_EDGE('',*,*,#1271,.T.);
#4477 = ORIENTED_EDGE('',*,*,#4451,.T.);
#4478 = ORIENTED_EDGE('',*,*,#2848,.F.);
#4479 = ADVANCED_FACE('',(#4480),#1340,.T.);
#4480 = FACE_BOUND('',#4481,.T.);
#4481 = EDGE_LOOP('',(#4482,#4503,#4504,#4525));
#4482 = ORIENTED_EDGE('',*,*,#4483,.F.);
#4483 = EDGE_CURVE('',#1324,#2891,#4484,.T.);
#4484 = SURFACE_CURVE('',#4485,(#4489,#4496),.PCURVE_S1.);
#4485 = LINE('',#4486,#4487);
#4486 = CARTESIAN_POINT('',(-135.,109.5,625.));
#4487 = VECTOR('',#4488,1.);
#4488 = DIRECTION('',(0.,0.,1.));
#4489 = PCURVE('',#1340,#4490);
#4490 = DEFINITIONAL_REPRESENTATION('',(#4491),#4495);
#4491 = LINE('',#4492,#4493);
#4492 = CARTESIAN_POINT('',(0.,30.));
#4493 = VECTOR('',#4494,1.);
#4494 = DIRECTION('',(1.,0.));
#4495 = ( GEOMETRIC_REPRESENTATION_CONTEXT(2) 
PARAMETRIC_REPRESENTATION_CONTEXT() REPRESENTATION_CONTEXT('2D SPACE',''
  ) );
#4496 = PCURVE('',#1416,#4497);
#4497 = DEFINITIONAL_REPRESENTATION('',(#4498),#4502);
#4498 = LINE('',#4499,#4500);
#4499 = CARTESIAN_POINT('',(0.,0.));
#4500 = VECTOR('',#4501,1.);
#4501 = DIRECTION('',(1.,0.));
#4502 = ( GEOMETRIC_REPRESENTATION_CONTEXT(2) 
PARAMETRIC_REPRESENTATION_CONTEXT() REPRESENTATION_CONTEXT('2D SPACE',''
  ) );
#4503 = ORIENTED_EDGE('',*,*,#1323,.T.);
#4504 = ORIENTED_EDGE('',*,*,#4505,.T.);
#4505 = EDGE_CURVE('',#1326,#2893,#4506,.T.);
#4506 = SURFACE_CURVE('',#4507,(#4511,#4518),.PCURVE_S1.);
#4507 = LINE('',#4508,#4509);
#4508 = CARTESIAN_POINT('',(-165.,109.5,625.));
#4509 = VECTOR('',#4510,1.);
#4510 = DIRECTION('',(0.,0.,1.));
#4511 = PCURVE('',#1340,#4512);
#4512 = DEFINITIONAL_REPRESENTATION('',(#4513),#4517);
#4513 = LINE('',#4514,#4515);
#4514 = CARTESIAN_POINT('',(0.,0.));
#4515 = VECTOR('',#4516,1.);
#4516 = DIRECTION('',(1.,0.));
#4517 = ( GEOMETRIC_REPRESENTATION_CONTEXT(2) 
PARAMETRIC_REPRESENTATION_CONTEXT() REPRESENTATION_CONTEXT('2D SPACE',''
  ) );
#4518 = PCURVE('',#1366,#4519);
#4519 = DEFINITIONAL_REPRESENTATION('',(#4520),#4524);
#4520 = LINE('',#4521,#4522);
#4521 = CARTESIAN_POINT('',(0.,0.));
#4522 = VECTOR('',#4523,1.);
#4523 = DIRECTION('',(1.,0.));
#4524 = ( GEOMETRIC_REPRESENTATION_CONTEXT(2) 
PARAMETRIC_REPRESENTATION_CONTEXT() REPRESENTATION_CONTEXT('2D SPACE',''
  ) );
#4525 = ORIENTED_EDGE('',*,*,#2890,.F.);
#4526 = ADVANCED_FACE('',(#4527),#1416,.F.);
#4527 = FACE_BOUND('',#4528,.F.);
#4528 = EDGE_LOOP('',(#4529,#4530,#4531,#4552));
#4529 = ORIENTED_EDGE('',*,*,#4483,.F.);
#4530 = ORIENTED_EDGE('',*,*,#1403,.T.);
#4531 = ORIENTED_EDGE('',*,*,#4532,.T.);
#4532 = EDGE_CURVE('',#1378,#2935,#4533,.T.);
#4533 = SURFACE_CURVE('',#4534,(#4538,#4545),.PCURVE_S1.);
#4534 = LINE('',#4535,#4536);
#4535 = CARTESIAN_POINT('',(-135.,113.5,625.));
#4536 = VECTOR('',#4537,1.);
#4537 = DIRECTION('',(0.,0.,1.));
#4538 = PCURVE('',#1416,#4539);
#4539 = DEFINITIONAL_REPRESENTATION('',(#4540),#4544);
#4540 = LINE('',#4541,#4542);
#4541 = CARTESIAN_POINT('',(0.,-4.));
#4542 = VECTOR('',#4543,1.);
#4543 = DIRECTION('',(1.,0.));
#4544 = ( GEOMETRIC_REPRESENTATION_CONTEXT(2) 
PARAMETRIC_REPRESENTATION_CONTEXT() REPRESENTATION_CONTEXT('2D SPACE',''
  ) );
#4545 = PCURVE('',#1392,#4546);
#4546 = DEFINITIONAL_REPRESENTATION('',(#4547),#4551);
#4547 = LINE('',#4548,#4549);
#4548 = CARTESIAN_POINT('',(0.,30.));
#4549 = VECTOR('',#4550,1.);
#4550 = DIRECTION('',(1.,0.));
#4551 = ( GEOMETRIC_REPRESENTATION_CONTEXT(2) 
PARAMETRIC_REPRESENTATION_CONTEXT() REPRESENTATION_CONTEXT('2D SPACE',''
  ) );
#4552 = ORIENTED_EDGE('',*,*,#2955,.F.);
#4553 = ADVANCED_FACE('',(#4554),#1366,.T.);
#4554 = FACE_BOUND('',#4555,.T.);
#4555 = EDGE_LOOP('',(#4556,#4557,#4558,#4579));
#4556 = ORIENTED_EDGE('',*,*,#4505,.F.);
#4557 = ORIENTED_EDGE('',*,*,#1351,.T.);
#4558 = ORIENTED_EDGE('',*,*,#4559,.T.);
#4559 = EDGE_CURVE('',#1352,#2914,#4560,.T.);
#4560 = SURFACE_CURVE('',#4561,(#4565,#4572),.PCURVE_S1.);
#4561 = LINE('',#4562,#4563);
#4562 = CARTESIAN_POINT('',(-165.,113.5,625.));
#4563 = VECTOR('',#4564,1.);
#4564 = DIRECTION('',(0.,0.,1.));
#4565 = PCURVE('',#1366,#4566);
#4566 = DEFINITIONAL_REPRESENTATION('',(#4567),#4571);
#4567 = LINE('',#4568,#4569);
#4568 = CARTESIAN_POINT('',(0.,-4.));
#4569 = VECTOR('',#4570,1.);
#4570 = DIRECTION('',(1.,0.));
#4571 = ( GEOMETRIC_REPRESENTATION_CONTEXT(2) 
PARAMETRIC_REPRESENTATION_CONTEXT() REPRESENTATION_CONTEXT('2D SPACE',''
  ) );
#4572 = PCURVE('',#1392,#4573);
#4573 = DEFINITIONAL_REPRESENTATION('',(#4574),#4578);
#4574 = LINE('',#4575,#4576);
#4575 = CARTESIAN_POINT('',(0.,0.));
#4576 = VECTOR('',#4577,1.);
#4577 = DIRECTION('',(1.,0.));
#4578 = ( GEOMETRIC_REPRESENTATION_CONTEXT(2) 
PARAMETRIC_REPRESENTATION_CONTEXT() REPRESENTATION_CONTEXT('2D SPACE',''
  ) );
#4579 = ORIENTED_EDGE('',*,*,#2913,.F.);
#4580 = ADVANCED_FACE('',(#4581),#1392,.F.);
#4581 = FACE_BOUND('',#4582,.F.);
#4582 = EDGE_LOOP('',(#4583,#4584,#4585,#4586));
#4583 = ORIENTED_EDGE('',*,*,#4532,.F.);
#4584 = ORIENTED_EDGE('',*,*,#1377,.T.);
#4585 = ORIENTED_EDGE('',*,*,#4559,.T.);
#4586 = ORIENTED_EDGE('',*,*,#2934,.F.);
#4587 = ADVANCED_FACE('',(#4588),#1446,.F.);
#4588 = FACE_BOUND('',#4589,.F.);
#4589 = EDGE_LOOP('',(#4590,#4591,#4612,#4613));
#4590 = ORIENTED_EDGE('',*,*,#2976,.F.);
#4591 = ORIENTED_EDGE('',*,*,#4592,.F.);
#4592 = EDGE_CURVE('',#1430,#2977,#4593,.T.);
#4593 = SEAM_CURVE('',#4594,(#4598,#4605),.PCURVE_S1.);
#4594 = LINE('',#4595,#4596);
#4595 = CARTESIAN_POINT('',(-147.85,121.5,625.));
#4596 = VECTOR('',#4597,1.);
#4597 = DIRECTION('',(0.,0.,1.));
#4598 = PCURVE('',#1446,#4599);
#4599 = DEFINITIONAL_REPRESENTATION('',(#4600),#4604);
#4600 = LINE('',#4601,#4602);
#4601 = CARTESIAN_POINT('',(6.28318530718,-0.));
#4602 = VECTOR('',#4603,1.);
#4603 = DIRECTION('',(0.,1.));
#4604 = ( GEOMETRIC_REPRESENTATION_CONTEXT(2) 
PARAMETRIC_REPRESENTATION_CONTEXT() REPRESENTATION_CONTEXT('2D SPACE',''
  ) );
#4605 = PCURVE('',#1446,#4606);
#4606 = DEFINITIONAL_REPRESENTATION('',(#4607),#4611);
#4607 = LINE('',#4608,#4609);
#4608 = CARTESIAN_POINT('',(0.,-0.));
#4609 = VECTOR('',#4610,1.);
#4610 = DIRECTION('',(0.,1.));
#4611 = ( GEOMETRIC_REPRESENTATION_CONTEXT(2) 
PARAMETRIC_REPRESENTATION_CONTEXT() REPRESENTATION_CONTEXT('2D SPACE',''
  ) );
#4612 = ORIENTED_EDGE('',*,*,#1429,.T.);
#4613 = ORIENTED_EDGE('',*,*,#4592,.T.);
#4614 = ADVANCED_FACE('',(#4615),#1477,.T.);
#4615 = FACE_BOUND('',#4616,.T.);
#4616 = EDGE_LOOP('',(#4617,#4638,#4639,#4660));
#4617 = ORIENTED_EDGE('',*,*,#4618,.F.);
#4618 = EDGE_CURVE('',#1461,#3003,#4619,.T.);
#4619 = SURFACE_CURVE('',#4620,(#4624,#4631),.PCURVE_S1.);
#4620 = LINE('',#4621,#4622);
#4621 = CARTESIAN_POINT('',(-45.,109.5,625.));
#4622 = VECTOR('',#4623,1.);
#4623 = DIRECTION('',(0.,0.,1.));
#4624 = PCURVE('',#1477,#4625);
#4625 = DEFINITIONAL_REPRESENTATION('',(#4626),#4630);
#4626 = LINE('',#4627,#4628);
#4627 = CARTESIAN_POINT('',(0.,30.));
#4628 = VECTOR('',#4629,1.);
#4629 = DIRECTION('',(1.,0.));
#4630 = ( GEOMETRIC_REPRESENTATION_CONTEXT(2) 
PARAMETRIC_REPRESENTATION_CONTEXT() REPRESENTATION_CONTEXT('2D SPACE',''
  ) );
#4631 = PCURVE('',#1553,#4632);
#4632 = DEFINITIONAL_REPRESENTATION('',(#4633),#4637);
#4633 = LINE('',#4634,#4635);
#4634 = CARTESIAN_POINT('',(0.,0.));
#4635 = VECTOR('',#4636,1.);
#4636 = DIRECTION('',(1.,0.));
#4637 = ( GEOMETRIC_REPRESENTATION_CONTEXT(2) 
PARAMETRIC_REPRESENTATION_CONTEXT() REPRESENTATION_CONTEXT('2D SPACE',''
  ) );
#4638 = ORIENTED_EDGE('',*,*,#1460,.T.);
#4639 = ORIENTED_EDGE('',*,*,#4640,.T.);
#4640 = EDGE_CURVE('',#1463,#3005,#4641,.T.);
#4641 = SURFACE_CURVE('',#4642,(#4646,#4653),.PCURVE_S1.);
#4642 = LINE('',#4643,#4644);
#4643 = CARTESIAN_POINT('',(-75.,109.5,625.));
#4644 = VECTOR('',#4645,1.);
#4645 = DIRECTION('',(0.,0.,1.));
#4646 = PCURVE('',#1477,#4647);
#4647 = DEFINITIONAL_REPRESENTATION('',(#4648),#4652);
#4648 = LINE('',#4649,#4650);
#4649 = CARTESIAN_POINT('',(0.,0.));
#4650 = VECTOR('',#4651,1.);
#4651 = DIRECTION('',(1.,0.));
#4652 = ( GEOMETRIC_REPRESENTATION_CONTEXT(2) 
PARAMETRIC_REPRESENTATION_CONTEXT() REPRESENTATION_CONTEXT('2D SPACE',''
  ) );
#4653 = PCURVE('',#1503,#4654);
#4654 = DEFINITIONAL_REPRESENTATION('',(#4655),#4659);
#4655 = LINE('',#4656,#4657);
#4656 = CARTESIAN_POINT('',(0.,0.));
#4657 = VECTOR('',#4658,1.);
#4658 = DIRECTION('',(1.,0.));
#4659 = ( GEOMETRIC_REPRESENTATION_CONTEXT(2) 
PARAMETRIC_REPRESENTATION_CONTEXT() REPRESENTATION_CONTEXT('2D SPACE',''
  ) );
#4660 = ORIENTED_EDGE('',*,*,#3002,.F.);
#4661 = ADVANCED_FACE('',(#4662),#1553,.F.);
#4662 = FACE_BOUND('',#4663,.F.);
#4663 = EDGE_LOOP('',(#4664,#4665,#4666,#4687));
#4664 = ORIENTED_EDGE('',*,*,#4618,.F.);
#4665 = ORIENTED_EDGE('',*,*,#1540,.T.);
#4666 = ORIENTED_EDGE('',*,*,#4667,.T.);
#4667 = EDGE_CURVE('',#1515,#3047,#4668,.T.);
#4668 = SURFACE_CURVE('',#4669,(#4673,#4680),.PCURVE_S1.);
#4669 = LINE('',#4670,#4671);
#4670 = CARTESIAN_POINT('',(-45.,113.5,625.));
#4671 = VECTOR('',#4672,1.);
#4672 = DIRECTION('',(0.,0.,1.));
#4673 = PCURVE('',#1553,#4674);
#4674 = DEFINITIONAL_REPRESENTATION('',(#4675),#4679);
#4675 = LINE('',#4676,#4677);
#4676 = CARTESIAN_POINT('',(0.,-4.));
#4677 = VECTOR('',#4678,1.);
#4678 = DIRECTION('',(1.,0.));
#4679 = ( GEOMETRIC_REPRESENTATION_CONTEXT(2) 
PARAMETRIC_REPRESENTATION_CONTEXT() REPRESENTATION_CONTEXT('2D SPACE',''
  ) );
#4680 = PCURVE('',#1529,#4681);
#4681 = DEFINITIONAL_REPRESENTATION('',(#4682),#4686);
#4682 = LINE('',#4683,#4684);
#4683 = CARTESIAN_POINT('',(0.,30.));
#4684 = VECTOR('',#4685,1.);
#4685 = DIRECTION('',(1.,0.));
#4686 = ( GEOMETRIC_REPRESENTATION_CONTEXT(2) 
PARAMETRIC_REPRESENTATION_CONTEXT() REPRESENTATION_CONTEXT('2D SPACE',''
  ) );
#4687 = ORIENTED_EDGE('',*,*,#3067,.F.);
#4688 = ADVANCED_FACE('',(#4689),#1503,.T.);
#4689 = FACE_BOUND('',#4690,.T.);
#4690 = EDGE_LOOP('',(#4691,#4692,#4693,#4714));
#4691 = ORIENTED_EDGE('',*,*,#4640,.F.);
#4692 = ORIENTED_EDGE('',*,*,#1488,.T.);
#4693 = ORIENTED_EDGE('',*,*,#4694,.T.);
#4694 = EDGE_CURVE('',#1489,#3026,#4695,.T.);
#4695 = SURFACE_CURVE('',#4696,(#4700,#4707),.PCURVE_S1.);
#4696 = LINE('',#4697,#4698);
#4697 = CARTESIAN_POINT('',(-75.,113.5,625.));
#4698 = VECTOR('',#4699,1.);
#4699 = DIRECTION('',(0.,0.,1.));
#4700 = PCURVE('',#1503,#4701);
#4701 = DEFINITIONAL_REPRESENTATION('',(#4702),#4706);
#4702 = LINE('',#4703,#4704);
#4703 = CARTESIAN_POINT('',(0.,-4.));
#4704 = VECTOR('',#4705,1.);
#4705 = DIRECTION('',(1.,0.));
#4706 = ( GEOMETRIC_REPRESENTATION_CONTEXT(2) 
PARAMETRIC_REPRESENTATION_CONTEXT() REPRESENTATION_CONTEXT('2D SPACE',''
  ) );
#4707 = PCURVE('',#1529,#4708);
#4708 = DEFINITIONAL_REPRESENTATION('',(#4709),#4713);
#4709 = LINE('',#4710,#4711);
#4710 = CARTESIAN_POINT('',(0.,0.));
#4711 = VECTOR('',#4712,1.);
#4712 = DIRECTION('',(1.,0.));
#4713 = ( GEOMETRIC_REPRESENTATION_CONTEXT(2) 
PARAMETRIC_REPRESENTATION_CONTEXT() REPRESENTATION_CONTEXT('2D SPACE',''
  ) );
#4714 = ORIENTED_EDGE('',*,*,#3025,.F.);
#4715 = ADVANCED_FACE('',(#4716),#1529,.F.);
#4716 = FACE_BOUND('',#4717,.F.);
#4717 = EDGE_LOOP('',(#4718,#4719,#4720,#4721));
#4718 = ORIENTED_EDGE('',*,*,#4667,.F.);
#4719 = ORIENTED_EDGE('',*,*,#1514,.T.);
#4720 = ORIENTED_EDGE('',*,*,#4694,.T.);
#4721 = ORIENTED_EDGE('',*,*,#3046,.F.);
#4722 = ADVANCED_FACE('',(#4723),#1583,.F.);
#4723 = FACE_BOUND('',#4724,.F.);
#4724 = EDGE_LOOP('',(#4725,#4726,#4747,#4748));
#4725 = ORIENTED_EDGE('',*,*,#3088,.F.);
#4726 = ORIENTED_EDGE('',*,*,#4727,.F.);
#4727 = EDGE_CURVE('',#1567,#3089,#4728,.T.);
#4728 = SEAM_CURVE('',#4729,(#4733,#4740),.PCURVE_S1.);
#4729 = LINE('',#4730,#4731);
#4730 = CARTESIAN_POINT('',(8.5,-2.081899558551E-15,625.));
#4731 = VECTOR('',#4732,1.);
#4732 = DIRECTION('',(0.,0.,1.));
#4733 = PCURVE('',#1583,#4734);
#4734 = DEFINITIONAL_REPRESENTATION('',(#4735),#4739);
#4735 = LINE('',#4736,#4737);
#4736 = CARTESIAN_POINT('',(6.28318530718,-0.));
#4737 = VECTOR('',#4738,1.);
#4738 = DIRECTION('',(0.,1.));
#4739 = ( GEOMETRIC_REPRESENTATION_CONTEXT(2) 
PARAMETRIC_REPRESENTATION_CONTEXT() REPRESENTATION_CONTEXT('2D SPACE',''
  ) );
#4740 = PCURVE('',#1583,#4741);
#4741 = DEFINITIONAL_REPRESENTATION('',(#4742),#4746);
#4742 = LINE('',#4743,#4744);
#4743 = CARTESIAN_POINT('',(0.,-0.));
#4744 = VECTOR('',#4745,1.);
#4745 = DIRECTION('',(0.,1.));
#4746 = ( GEOMETRIC_REPRESENTATION_CONTEXT(2) 
PARAMETRIC_REPRESENTATION_CONTEXT() REPRESENTATION_CONTEXT('2D SPACE',''
  ) );
#4747 = ORIENTED_EDGE('',*,*,#1566,.T.);
#4748 = ORIENTED_EDGE('',*,*,#4727,.T.);
#4749 = ADVANCED_FACE('',(#4750),#1614,.F.);
#4750 = FACE_BOUND('',#4751,.F.);
#4751 = EDGE_LOOP('',(#4752,#4753,#4774,#4775));
#4752 = ORIENTED_EDGE('',*,*,#3114,.F.);
#4753 = ORIENTED_EDGE('',*,*,#4754,.F.);
#4754 = EDGE_CURVE('',#1598,#3115,#4755,.T.);
#4755 = SEAM_CURVE('',#4756,(#4760,#4767),.PCURVE_S1.);
#4756 = LINE('',#4757,#4758);
#4757 = CARTESIAN_POINT('',(131.65,-4.041334437186E-16,625.));
#4758 = VECTOR('',#4759,1.);
#4759 = DIRECTION('',(0.,0.,1.));
#4760 = PCURVE('',#1614,#4761);
#4761 = DEFINITIONAL_REPRESENTATION('',(#4762),#4766);
#4762 = LINE('',#4763,#4764);
#4763 = CARTESIAN_POINT('',(6.28318530718,-0.));
#4764 = VECTOR('',#4765,1.);
#4765 = DIRECTION('',(0.,1.));
#4766 = ( GEOMETRIC_REPRESENTATION_CONTEXT(2) 
PARAMETRIC_REPRESENTATION_CONTEXT() REPRESENTATION_CONTEXT('2D SPACE',''
  ) );
#4767 = PCURVE('',#1614,#4768);
#4768 = DEFINITIONAL_REPRESENTATION('',(#4769),#4773);
#4769 = LINE('',#4770,#4771);
#4770 = CARTESIAN_POINT('',(0.,-0.));
#4771 = VECTOR('',#4772,1.);
#4772 = DIRECTION('',(0.,1.));
#4773 = ( GEOMETRIC_REPRESENTATION_CONTEXT(2) 
PARAMETRIC_REPRESENTATION_CONTEXT() REPRESENTATION_CONTEXT('2D SPACE',''
  ) );
#4774 = ORIENTED_EDGE('',*,*,#1597,.T.);
#4775 = ORIENTED_EDGE('',*,*,#4754,.T.);
#4776 = ADVANCED_FACE('',(#4777),#1645,.T.);
#4777 = FACE_BOUND('',#4778,.T.);
#4778 = EDGE_LOOP('',(#4779,#4800,#4801,#4822));
#4779 = ORIENTED_EDGE('',*,*,#4780,.F.);
#4780 = EDGE_CURVE('',#1629,#3141,#4781,.T.);
#4781 = SURFACE_CURVE('',#4782,(#4786,#4793),.PCURVE_S1.);
#4782 = LINE('',#4783,#4784);
#4783 = CARTESIAN_POINT('',(170.,32.,625.));
#4784 = VECTOR('',#4785,1.);
#4785 = DIRECTION('',(0.,0.,1.));
#4786 = PCURVE('',#1645,#4787);
#4787 = DEFINITIONAL_REPRESENTATION('',(#4788),#4792);
#4788 = LINE('',#4789,#4790);
#4789 = CARTESIAN_POINT('',(0.,120.));
#4790 = VECTOR('',#4791,1.);
#4791 = DIRECTION('',(1.,0.));
#4792 = ( GEOMETRIC_REPRESENTATION_CONTEXT(2) 
PARAMETRIC_REPRESENTATION_CONTEXT() REPRESENTATION_CONTEXT('2D SPACE',''
  ) );
#4793 = PCURVE('',#1721,#4794);
#4794 = DEFINITIONAL_REPRESENTATION('',(#4795),#4799);
#4795 = LINE('',#4796,#4797);
#4796 = CARTESIAN_POINT('',(0.,0.));
#4797 = VECTOR('',#4798,1.);
#4798 = DIRECTION('',(1.,0.));
#4799 = ( GEOMETRIC_REPRESENTATION_CONTEXT(2) 
PARAMETRIC_REPRESENTATION_CONTEXT() REPRESENTATION_CONTEXT('2D SPACE',''
  ) );
#4800 = ORIENTED_EDGE('',*,*,#1628,.T.);
#4801 = ORIENTED_EDGE('',*,*,#4802,.T.);
#4802 = EDGE_CURVE('',#1631,#3143,#4803,.T.);
#4803 = SURFACE_CURVE('',#4804,(#4808,#4815),.PCURVE_S1.);
#4804 = LINE('',#4805,#4806);
#4805 = CARTESIAN_POINT('',(50.,32.,625.));
#4806 = VECTOR('',#4807,1.);
#4807 = DIRECTION('',(0.,0.,1.));
#4808 = PCURVE('',#1645,#4809);
#4809 = DEFINITIONAL_REPRESENTATION('',(#4810),#4814);
#4810 = LINE('',#4811,#4812);
#4811 = CARTESIAN_POINT('',(0.,0.));
#4812 = VECTOR('',#4813,1.);
#4813 = DIRECTION('',(1.,0.));
#4814 = ( GEOMETRIC_REPRESENTATION_CONTEXT(2) 
PARAMETRIC_REPRESENTATION_CONTEXT() REPRESENTATION_CONTEXT('2D SPACE',''
  ) );
#4815 = PCURVE('',#1671,#4816);
#4816 = DEFINITIONAL_REPRESENTATION('',(#4817),#4821);
#4817 = LINE('',#4818,#4819);
#4818 = CARTESIAN_POINT('',(0.,0.));
#4819 = VECTOR('',#4820,1.);
#4820 = DIRECTION('',(1.,0.));
#4821 = ( GEOMETRIC_REPRESENTATION_CONTEXT(2) 
PARAMETRIC_REPRESENTATION_CONTEXT() REPRESENTATION_CONTEXT('2D SPACE',''
  ) );
#4822 = ORIENTED_EDGE('',*,*,#3140,.F.);
#4823 = ADVANCED_FACE('',(#4824),#1721,.F.);
#4824 = FACE_BOUND('',#4825,.F.);
#4825 = EDGE_LOOP('',(#4826,#4827,#4828,#4849));
#4826 = ORIENTED_EDGE('',*,*,#4780,.F.);
#4827 = ORIENTED_EDGE('',*,*,#1708,.T.);
#4828 = ORIENTED_EDGE('',*,*,#4829,.T.);
#4829 = EDGE_CURVE('',#1683,#3185,#4830,.T.);
#4830 = SURFACE_CURVE('',#4831,(#4835,#4842),.PCURVE_S1.);
#4831 = LINE('',#4832,#4833);
#4832 = CARTESIAN_POINT('',(170.,92.,625.));
#4833 = VECTOR('',#4834,1.);
#4834 = DIRECTION('',(0.,0.,1.));
#4835 = PCURVE('',#1721,#4836);
#4836 = DEFINITIONAL_REPRESENTATION('',(#4837),#4841);
#4837 = LINE('',#4838,#4839);
#4838 = CARTESIAN_POINT('',(0.,-60.));
#4839 = VECTOR('',#4840,1.);
#4840 = DIRECTION('',(1.,0.));
#4841 = ( GEOMETRIC_REPRESENTATION_CONTEXT(2) 
PARAMETRIC_REPRESENTATION_CONTEXT() REPRESENTATION_CONTEXT('2D SPACE',''
  ) );
#4842 = PCURVE('',#1697,#4843);
#4843 = DEFINITIONAL_REPRESENTATION('',(#4844),#4848);
#4844 = LINE('',#4845,#4846);
#4845 = CARTESIAN_POINT('',(0.,120.));
#4846 = VECTOR('',#4847,1.);
#4847 = DIRECTION('',(1.,0.));
#4848 = ( GEOMETRIC_REPRESENTATION_CONTEXT(2) 
PARAMETRIC_REPRESENTATION_CONTEXT() REPRESENTATION_CONTEXT('2D SPACE',''
  ) );
#4849 = ORIENTED_EDGE('',*,*,#3205,.F.);
#4850 = ADVANCED_FACE('',(#4851),#1697,.F.);
#4851 = FACE_BOUND('',#4852,.F.);
#4852 = EDGE_LOOP('',(#4853,#4854,#4855,#4876));
#4853 = ORIENTED_EDGE('',*,*,#4829,.F.);
#4854 = ORIENTED_EDGE('',*,*,#1682,.T.);
#4855 = ORIENTED_EDGE('',*,*,#4856,.T.);
#4856 = EDGE_CURVE('',#1657,#3164,#4857,.T.);
#4857 = SURFACE_CURVE('',#4858,(#4862,#4869),.PCURVE_S1.);
#4858 = LINE('',#4859,#4860);
#4859 = CARTESIAN_POINT('',(50.,92.,625.));
#4860 = VECTOR('',#4861,1.);
#4861 = DIRECTION('',(0.,0.,1.));
#4862 = PCURVE('',#1697,#4863);
#4863 = DEFINITIONAL_REPRESENTATION('',(#4864),#4868);
#4864 = LINE('',#4865,#4866);
#4865 = CARTESIAN_POINT('',(0.,0.));
#4866 = VECTOR('',#4867,1.);
#4867 = DIRECTION('',(1.,0.));
#4868 = ( GEOMETRIC_REPRESENTATION_CONTEXT(2) 
PARAMETRIC_REPRESENTATION_CONTEXT() REPRESENTATION_CONTEXT('2D SPACE',''
  ) );
#4869 = PCURVE('',#1671,#4870);
#4870 = DEFINITIONAL_REPRESENTATION('',(#4871),#4875);
#4871 = LINE('',#4872,#4873);
#4872 = CARTESIAN_POINT('',(0.,-60.));
#4873 = VECTOR('',#4874,1.);
#4874 = DIRECTION('',(1.,0.));
#4875 = ( GEOMETRIC_REPRESENTATION_CONTEXT(2) 
PARAMETRIC_REPRESENTATION_CONTEXT() REPRESENTATION_CONTEXT('2D SPACE',''
  ) );
#4876 = ORIENTED_EDGE('',*,*,#3184,.F.);
#4877 = ADVANCED_FACE('',(#4878),#1671,.T.);
#4878 = FACE_BOUND('',#4879,.T.);
#4879 = EDGE_LOOP('',(#4880,#4881,#4882,#4883));
#4880 = ORIENTED_EDGE('',*,*,#4802,.F.);
#4881 = ORIENTED_EDGE('',*,*,#1656,.T.);
#4882 = ORIENTED_EDGE('',*,*,#4856,.T.);
#4883 = ORIENTED_EDGE('',*,*,#3163,.F.);
#4884 = ADVANCED_FACE('',(#4885),#1751,.F.);
#4885 = FACE_BOUND('',#4886,.F.);
#4886 = EDGE_LOOP('',(#4887,#4888,#4909,#4910));
#4887 = ORIENTED_EDGE('',*,*,#3226,.F.);
#4888 = ORIENTED_EDGE('',*,*,#4889,.F.);
#4889 = EDGE_CURVE('',#1735,#3227,#4890,.T.);
#4890 = SEAM_CURVE('',#4891,(#4895,#4902),.PCURVE_S1.);
#4891 = LINE('',#4892,#4893);
#4892 = CARTESIAN_POINT('',(2.15,121.5,625.));
#4893 = VECTOR('',#4894,1.);
#4894 = DIRECTION('',(0.,0.,1.));
#4895 = PCURVE('',#1751,#4896);
#4896 = DEFINITIONAL_REPRESENTATION('',(#4897),#4901);
#4897 = LINE('',#4898,#4899);
#4898 = CARTESIAN_POINT('',(6.28318530718,-0.));
#4899 = VECTOR('',#4900,1.);
#4900 = DIRECTION('',(0.,1.));
#4901 = ( GEOMETRIC_REPRESENTATION_CONTEXT(2) 
PARAMETRIC_REPRESENTATION_CONTEXT() REPRESENTATION_CONTEXT('2D SPACE',''
  ) );
#4902 = PCURVE('',#1751,#4903);
#4903 = DEFINITIONAL_REPRESENTATION('',(#4904),#4908);
#4904 = LINE('',#4905,#4906);
#4905 = CARTESIAN_POINT('',(0.,-0.));
#4906 = VECTOR('',#4907,1.);
#4907 = DIRECTION('',(0.,1.));
#4908 = ( GEOMETRIC_REPRESENTATION_CONTEXT(2) 
PARAMETRIC_REPRESENTATION_CONTEXT() REPRESENTATION_CONTEXT('2D SPACE',''
  ) );
#4909 = ORIENTED_EDGE('',*,*,#1734,.T.);
#4910 = ORIENTED_EDGE('',*,*,#4889,.T.);
#4911 = ADVANCED_FACE('',(#4912),#1782,.F.);
#4912 = FACE_BOUND('',#4913,.F.);
#4913 = EDGE_LOOP('',(#4914,#4915,#4936,#4937));
#4914 = ORIENTED_EDGE('',*,*,#3252,.F.);
#4915 = ORIENTED_EDGE('',*,*,#4916,.F.);
#4916 = EDGE_CURVE('',#1766,#3253,#4917,.T.);
#4917 = SEAM_CURVE('',#4918,(#4922,#4929),.PCURVE_S1.);
#4918 = LINE('',#4919,#4920);
#4919 = CARTESIAN_POINT('',(1.65,130.,625.));
#4920 = VECTOR('',#4921,1.);
#4921 = DIRECTION('',(0.,0.,1.));
#4922 = PCURVE('',#1782,#4923);
#4923 = DEFINITIONAL_REPRESENTATION('',(#4924),#4928);
#4924 = LINE('',#4925,#4926);
#4925 = CARTESIAN_POINT('',(6.28318530718,-0.));
#4926 = VECTOR('',#4927,1.);
#4927 = DIRECTION('',(0.,1.));
#4928 = ( GEOMETRIC_REPRESENTATION_CONTEXT(2) 
PARAMETRIC_REPRESENTATION_CONTEXT() REPRESENTATION_CONTEXT('2D SPACE',''
  ) );
#4929 = PCURVE('',#1782,#4930);
#4930 = DEFINITIONAL_REPRESENTATION('',(#4931),#4935);
#4931 = LINE('',#4932,#4933);
#4932 = CARTESIAN_POINT('',(0.,-0.));
#4933 = VECTOR('',#4934,1.);
#4934 = DIRECTION('',(0.,1.));
#4935 = ( GEOMETRIC_REPRESENTATION_CONTEXT(2) 
PARAMETRIC_REPRESENTATION_CONTEXT() REPRESENTATION_CONTEXT('2D SPACE',''
  ) );
#4936 = ORIENTED_EDGE('',*,*,#1765,.T.);
#4937 = ORIENTED_EDGE('',*,*,#4916,.T.);
#4938 = ADVANCED_FACE('',(#4939),#1813,.T.);
#4939 = FACE_BOUND('',#4940,.T.);
#4940 = EDGE_LOOP('',(#4941,#4962,#4963,#4984));
#4941 = ORIENTED_EDGE('',*,*,#4942,.F.);
#4942 = EDGE_CURVE('',#1797,#3279,#4943,.T.);
#4943 = SURFACE_CURVE('',#4944,(#4948,#4955),.PCURVE_S1.);
#4944 = LINE('',#4945,#4946);
#4945 = CARTESIAN_POINT('',(75.,109.5,625.));
#4946 = VECTOR('',#4947,1.);
#4947 = DIRECTION('',(0.,0.,1.));
#4948 = PCURVE('',#1813,#4949);
#4949 = DEFINITIONAL_REPRESENTATION('',(#4950),#4954);
#4950 = LINE('',#4951,#4952);
#4951 = CARTESIAN_POINT('',(0.,30.));
#4952 = VECTOR('',#4953,1.);
#4953 = DIRECTION('',(1.,0.));
#4954 = ( GEOMETRIC_REPRESENTATION_CONTEXT(2) 
PARAMETRIC_REPRESENTATION_CONTEXT() REPRESENTATION_CONTEXT('2D SPACE',''
  ) );
#4955 = PCURVE('',#1889,#4956);
#4956 = DEFINITIONAL_REPRESENTATION('',(#4957),#4961);
#4957 = LINE('',#4958,#4959);
#4958 = CARTESIAN_POINT('',(0.,0.));
#4959 = VECTOR('',#4960,1.);
#4960 = DIRECTION('',(1.,0.));
#4961 = ( GEOMETRIC_REPRESENTATION_CONTEXT(2) 
PARAMETRIC_REPRESENTATION_CONTEXT() REPRESENTATION_CONTEXT('2D SPACE',''
  ) );
#4962 = ORIENTED_EDGE('',*,*,#1796,.T.);
#4963 = ORIENTED_EDGE('',*,*,#4964,.T.);
#4964 = EDGE_CURVE('',#1799,#3281,#4965,.T.);
#4965 = SURFACE_CURVE('',#4966,(#4970,#4977),.PCURVE_S1.);
#4966 = LINE('',#4967,#4968);
#4967 = CARTESIAN_POINT('',(45.,109.5,625.));
#4968 = VECTOR('',#4969,1.);
#4969 = DIRECTION('',(0.,0.,1.));
#4970 = PCURVE('',#1813,#4971);
#4971 = DEFINITIONAL_REPRESENTATION('',(#4972),#4976);
#4972 = LINE('',#4973,#4974);
#4973 = CARTESIAN_POINT('',(0.,0.));
#4974 = VECTOR('',#4975,1.);
#4975 = DIRECTION('',(1.,0.));
#4976 = ( GEOMETRIC_REPRESENTATION_CONTEXT(2) 
PARAMETRIC_REPRESENTATION_CONTEXT() REPRESENTATION_CONTEXT('2D SPACE',''
  ) );
#4977 = PCURVE('',#1839,#4978);
#4978 = DEFINITIONAL_REPRESENTATION('',(#4979),#4983);
#4979 = LINE('',#4980,#4981);
#4980 = CARTESIAN_POINT('',(0.,0.));
#4981 = VECTOR('',#4982,1.);
#4982 = DIRECTION('',(1.,0.));
#4983 = ( GEOMETRIC_REPRESENTATION_CONTEXT(2) 
PARAMETRIC_REPRESENTATION_CONTEXT() REPRESENTATION_CONTEXT('2D SPACE',''
  ) );
#4984 = ORIENTED_EDGE('',*,*,#3278,.F.);
#4985 = ADVANCED_FACE('',(#4986),#1889,.F.);
#4986 = FACE_BOUND('',#4987,.F.);
#4987 = EDGE_LOOP('',(#4988,#4989,#4990,#5011));
#4988 = ORIENTED_EDGE('',*,*,#4942,.F.);
#4989 = ORIENTED_EDGE('',*,*,#1876,.T.);
#4990 = ORIENTED_EDGE('',*,*,#4991,.T.);
#4991 = EDGE_CURVE('',#1851,#3323,#4992,.T.);
#4992 = SURFACE_CURVE('',#4993,(#4997,#5004),.PCURVE_S1.);
#4993 = LINE('',#4994,#4995);
#4994 = CARTESIAN_POINT('',(75.,113.5,625.));
#4995 = VECTOR('',#4996,1.);
#4996 = DIRECTION('',(0.,0.,1.));
#4997 = PCURVE('',#1889,#4998);
#4998 = DEFINITIONAL_REPRESENTATION('',(#4999),#5003);
#4999 = LINE('',#5000,#5001);
#5000 = CARTESIAN_POINT('',(0.,-4.));
#5001 = VECTOR('',#5002,1.);
#5002 = DIRECTION('',(1.,0.));
#5003 = ( GEOMETRIC_REPRESENTATION_CONTEXT(2) 
PARAMETRIC_REPRESENTATION_CONTEXT() REPRESENTATION_CONTEXT('2D SPACE',''
  ) );
#5004 = PCURVE('',#1865,#5005);
#5005 = DEFINITIONAL_REPRESENTATION('',(#5006),#5010);
#5006 = LINE('',#5007,#5008);
#5007 = CARTESIAN_POINT('',(0.,30.));
#5008 = VECTOR('',#5009,1.);
#5009 = DIRECTION('',(1.,0.));
#5010 = ( GEOMETRIC_REPRESENTATION_CONTEXT(2) 
PARAMETRIC_REPRESENTATION_CONTEXT() REPRESENTATION_CONTEXT('2D SPACE',''
  ) );
#5011 = ORIENTED_EDGE('',*,*,#3343,.F.);
#5012 = ADVANCED_FACE('',(#5013),#1839,.T.);
#5013 = FACE_BOUND('',#5014,.T.);
#5014 = EDGE_LOOP('',(#5015,#5016,#5017,#5038));
#5015 = ORIENTED_EDGE('',*,*,#4964,.F.);
#5016 = ORIENTED_EDGE('',*,*,#1824,.T.);
#5017 = ORIENTED_EDGE('',*,*,#5018,.T.);
#5018 = EDGE_CURVE('',#1825,#3302,#5019,.T.);
#5019 = SURFACE_CURVE('',#5020,(#5024,#5031),.PCURVE_S1.);
#5020 = LINE('',#5021,#5022);
#5021 = CARTESIAN_POINT('',(45.,113.5,625.));
#5022 = VECTOR('',#5023,1.);
#5023 = DIRECTION('',(0.,0.,1.));
#5024 = PCURVE('',#1839,#5025);
#5025 = DEFINITIONAL_REPRESENTATION('',(#5026),#5030);
#5026 = LINE('',#5027,#5028);
#5027 = CARTESIAN_POINT('',(0.,-4.));
#5028 = VECTOR('',#5029,1.);
#5029 = DIRECTION('',(1.,0.));
#5030 = ( GEOMETRIC_REPRESENTATION_CONTEXT(2) 
PARAMETRIC_REPRESENTATION_CONTEXT() REPRESENTATION_CONTEXT('2D SPACE',''
  ) );
#5031 = PCURVE('',#1865,#5032);
#5032 = DEFINITIONAL_REPRESENTATION('',(#5033),#5037);
#5033 = LINE('',#5034,#5035);
#5034 = CARTESIAN_POINT('',(0.,0.));
#5035 = VECTOR('',#5036,1.);
#5036 = DIRECTION('',(1.,0.));
#5037 = ( GEOMETRIC_REPRESENTATION_CONTEXT(2) 
PARAMETRIC_REPRESENTATION_CONTEXT() REPRESENTATION_CONTEXT('2D SPACE',''
  ) );
#5038 = ORIENTED_EDGE('',*,*,#3301,.F.);
#5039 = ADVANCED_FACE('',(#5040),#1865,.F.);
#5040 = FACE_BOUND('',#5041,.F.);
#5041 = EDGE_LOOP('',(#5042,#5043,#5044,#5045));
#5042 = ORIENTED_EDGE('',*,*,#4991,.F.);
#5043 = ORIENTED_EDGE('',*,*,#1850,.T.);
#5044 = ORIENTED_EDGE('',*,*,#5018,.T.);
#5045 = ORIENTED_EDGE('',*,*,#3322,.F.);
#5046 = ADVANCED_FACE('',(#5047),#1919,.T.);
#5047 = FACE_BOUND('',#5048,.T.);
#5048 = EDGE_LOOP('',(#5049,#5070,#5071,#5092));
#5049 = ORIENTED_EDGE('',*,*,#5050,.F.);
#5050 = EDGE_CURVE('',#1903,#3365,#5051,.T.);
#5051 = SURFACE_CURVE('',#5052,(#5056,#5063),.PCURVE_S1.);
#5052 = LINE('',#5053,#5054);
#5053 = CARTESIAN_POINT('',(165.,109.5,625.));
#5054 = VECTOR('',#5055,1.);
#5055 = DIRECTION('',(0.,0.,1.));
#5056 = PCURVE('',#1919,#5057);
#5057 = DEFINITIONAL_REPRESENTATION('',(#5058),#5062);
#5058 = LINE('',#5059,#5060);
#5059 = CARTESIAN_POINT('',(0.,30.));
#5060 = VECTOR('',#5061,1.);
#5061 = DIRECTION('',(1.,0.));
#5062 = ( GEOMETRIC_REPRESENTATION_CONTEXT(2) 
PARAMETRIC_REPRESENTATION_CONTEXT() REPRESENTATION_CONTEXT('2D SPACE',''
  ) );
#5063 = PCURVE('',#1995,#5064);
#5064 = DEFINITIONAL_REPRESENTATION('',(#5065),#5069);
#5065 = LINE('',#5066,#5067);
#5066 = CARTESIAN_POINT('',(0.,0.));
#5067 = VECTOR('',#5068,1.);
#5068 = DIRECTION('',(1.,0.));
#5069 = ( GEOMETRIC_REPRESENTATION_CONTEXT(2) 
PARAMETRIC_REPRESENTATION_CONTEXT() REPRESENTATION_CONTEXT('2D SPACE',''
  ) );
#5070 = ORIENTED_EDGE('',*,*,#1902,.T.);
#5071 = ORIENTED_EDGE('',*,*,#5072,.T.);
#5072 = EDGE_CURVE('',#1905,#3367,#5073,.T.);
#5073 = SURFACE_CURVE('',#5074,(#5078,#5085),.PCURVE_S1.);
#5074 = LINE('',#5075,#5076);
#5075 = CARTESIAN_POINT('',(135.,109.5,625.));
#5076 = VECTOR('',#5077,1.);
#5077 = DIRECTION('',(0.,0.,1.));
#5078 = PCURVE('',#1919,#5079);
#5079 = DEFINITIONAL_REPRESENTATION('',(#5080),#5084);
#5080 = LINE('',#5081,#5082);
#5081 = CARTESIAN_POINT('',(0.,0.));
#5082 = VECTOR('',#5083,1.);
#5083 = DIRECTION('',(1.,0.));
#5084 = ( GEOMETRIC_REPRESENTATION_CONTEXT(2) 
PARAMETRIC_REPRESENTATION_CONTEXT() REPRESENTATION_CONTEXT('2D SPACE',''
  ) );
#5085 = PCURVE('',#1945,#5086);
#5086 = DEFINITIONAL_REPRESENTATION('',(#5087),#5091);
#5087 = LINE('',#5088,#5089);
#5088 = CARTESIAN_POINT('',(0.,0.));
#5089 = VECTOR('',#5090,1.);
#5090 = DIRECTION('',(1.,0.));
#5091 = ( GEOMETRIC_REPRESENTATION_CONTEXT(2) 
PARAMETRIC_REPRESENTATION_CONTEXT() REPRESENTATION_CONTEXT('2D SPACE',''
  ) );
#5092 = ORIENTED_EDGE('',*,*,#3364,.F.);
#5093 = ADVANCED_FACE('',(#5094),#1995,.F.);
#5094 = FACE_BOUND('',#5095,.F.);
#5095 = EDGE_LOOP('',(#5096,#5097,#5098,#5119));
#5096 = ORIENTED_EDGE('',*,*,#5050,.F.);
#5097 = ORIENTED_EDGE('',*,*,#1982,.T.);
#5098 = ORIENTED_EDGE('',*,*,#5099,.T.);
#5099 = EDGE_CURVE('',#1957,#3409,#5100,.T.);
#5100 = SURFACE_CURVE('',#5101,(#5105,#5112),.PCURVE_S1.);
#5101 = LINE('',#5102,#5103);
#5102 = CARTESIAN_POINT('',(165.,113.5,625.));
#5103 = VECTOR('',#5104,1.);
#5104 = DIRECTION('',(0.,0.,1.));
#5105 = PCURVE('',#1995,#5106);
#5106 = DEFINITIONAL_REPRESENTATION('',(#5107),#5111);
#5107 = LINE('',#5108,#5109);
#5108 = CARTESIAN_POINT('',(0.,-4.));
#5109 = VECTOR('',#5110,1.);
#5110 = DIRECTION('',(1.,0.));
#5111 = ( GEOMETRIC_REPRESENTATION_CONTEXT(2) 
PARAMETRIC_REPRESENTATION_CONTEXT() REPRESENTATION_CONTEXT('2D SPACE',''
  ) );
#5112 = PCURVE('',#1971,#5113);
#5113 = DEFINITIONAL_REPRESENTATION('',(#5114),#5118);
#5114 = LINE('',#5115,#5116);
#5115 = CARTESIAN_POINT('',(0.,30.));
#5116 = VECTOR('',#5117,1.);
#5117 = DIRECTION('',(1.,0.));
#5118 = ( GEOMETRIC_REPRESENTATION_CONTEXT(2) 
PARAMETRIC_REPRESENTATION_CONTEXT() REPRESENTATION_CONTEXT('2D SPACE',''
  ) );
#5119 = ORIENTED_EDGE('',*,*,#3429,.F.);
#5120 = ADVANCED_FACE('',(#5121),#1945,.T.);
#5121 = FACE_BOUND('',#5122,.T.);
#5122 = EDGE_LOOP('',(#5123,#5124,#5125,#5146));
#5123 = ORIENTED_EDGE('',*,*,#5072,.F.);
#5124 = ORIENTED_EDGE('',*,*,#1930,.T.);
#5125 = ORIENTED_EDGE('',*,*,#5126,.T.);
#5126 = EDGE_CURVE('',#1931,#3388,#5127,.T.);
#5127 = SURFACE_CURVE('',#5128,(#5132,#5139),.PCURVE_S1.);
#5128 = LINE('',#5129,#5130);
#5129 = CARTESIAN_POINT('',(135.,113.5,625.));
#5130 = VECTOR('',#5131,1.);
#5131 = DIRECTION('',(0.,0.,1.));
#5132 = PCURVE('',#1945,#5133);
#5133 = DEFINITIONAL_REPRESENTATION('',(#5134),#5138);
#5134 = LINE('',#5135,#5136);
#5135 = CARTESIAN_POINT('',(0.,-4.));
#5136 = VECTOR('',#5137,1.);
#5137 = DIRECTION('',(1.,0.));
#5138 = ( GEOMETRIC_REPRESENTATION_CONTEXT(2) 
PARAMETRIC_REPRESENTATION_CONTEXT() REPRESENTATION_CONTEXT('2D SPACE',''
  ) );
#5139 = PCURVE('',#1971,#5140);
#5140 = DEFINITIONAL_REPRESENTATION('',(#5141),#5145);
#5141 = LINE('',#5142,#5143);
#5142 = CARTESIAN_POINT('',(0.,0.));
#5143 = VECTOR('',#5144,1.);
#5144 = DIRECTION('',(1.,0.));
#5145 = ( GEOMETRIC_REPRESENTATION_CONTEXT(2) 
PARAMETRIC_REPRESENTATION_CONTEXT() REPRESENTATION_CONTEXT('2D SPACE',''
  ) );
#5146 = ORIENTED_EDGE('',*,*,#3387,.F.);
#5147 = ADVANCED_FACE('',(#5148),#1971,.F.);
#5148 = FACE_BOUND('',#5149,.F.);
#5149 = EDGE_LOOP('',(#5150,#5151,#5152,#5153));
#5150 = ORIENTED_EDGE('',*,*,#5099,.F.);
#5151 = ORIENTED_EDGE('',*,*,#1956,.T.);
#5152 = ORIENTED_EDGE('',*,*,#5126,.T.);
#5153 = ORIENTED_EDGE('',*,*,#3408,.F.);
#5154 = ADVANCED_FACE('',(#5155),#2025,.F.);
#5155 = FACE_BOUND('',#5156,.F.);
#5156 = EDGE_LOOP('',(#5157,#5158,#5179,#5180));
#5157 = ORIENTED_EDGE('',*,*,#3450,.F.);
#5158 = ORIENTED_EDGE('',*,*,#5159,.F.);
#5159 = EDGE_CURVE('',#2009,#3451,#5160,.T.);
#5160 = SEAM_CURVE('',#5161,(#5165,#5172),.PCURVE_S1.);
#5161 = LINE('',#5162,#5163);
#5162 = CARTESIAN_POINT('',(152.15,121.5,625.));
#5163 = VECTOR('',#5164,1.);
#5164 = DIRECTION('',(0.,0.,1.));
#5165 = PCURVE('',#2025,#5166);
#5166 = DEFINITIONAL_REPRESENTATION('',(#5167),#5171);
#5167 = LINE('',#5168,#5169);
#5168 = CARTESIAN_POINT('',(6.28318530718,-0.));
#5169 = VECTOR('',#5170,1.);
#5170 = DIRECTION('',(0.,1.));
#5171 = ( GEOMETRIC_REPRESENTATION_CONTEXT(2) 
PARAMETRIC_REPRESENTATION_CONTEXT() REPRESENTATION_CONTEXT('2D SPACE',''
  ) );
#5172 = PCURVE('',#2025,#5173);
#5173 = DEFINITIONAL_REPRESENTATION('',(#5174),#5178);
#5174 = LINE('',#5175,#5176);
#5175 = CARTESIAN_POINT('',(0.,-0.));
#5176 = VECTOR('',#5177,1.);
#5177 = DIRECTION('',(0.,1.));
#5178 = ( GEOMETRIC_REPRESENTATION_CONTEXT(2) 
PARAMETRIC_REPRESENTATION_CONTEXT() REPRESENTATION_CONTEXT('2D SPACE',''
  ) );
#5179 = ORIENTED_EDGE('',*,*,#2008,.T.);
#5180 = ORIENTED_EDGE('',*,*,#5159,.T.);
#5181 = ( GEOMETRIC_REPRESENTATION_CONTEXT(3) 
GLOBAL_UNCERTAINTY_ASSIGNED_CONTEXT((#5185)) 
GLOBAL_UNIT_ASSIGNED_CONTEXT((#5182,#5183,#5184)) REPRESENTATION_CONTEXT
('Context #1','3D Context with UNIT and UNCERTAINTY') );
#5182 = ( LENGTH_UNIT() NAMED_UNIT(*) SI_UNIT(.MILLI.,.METRE.) );
#5183 = ( NAMED_UNIT(*) PLANE_ANGLE_UNIT() SI_UNIT($,.RADIAN.) );
#5184 = ( NAMED_UNIT(*) SI_UNIT($,.STERADIAN.) SOLID_ANGLE_UNIT() );
#5185 = UNCERTAINTY_MEASURE_WITH_UNIT(LENGTH_MEASURE(1.E-07),#5182,
  'distance_accuracy_value','confusion accuracy');
#5186 = PRODUCT_RELATED_PRODUCT_CATEGORY('part',$,(#7));
ENDSEC;
END-ISO-10303-21;
