ISO-10303-21;
HEADER;
FILE_DESCRIPTION(('Open CASCADE Model'),'2;1');
FILE_NAME('Open CASCADE Shape Model','2026-10-03T23:11:41',('Author'),(
    'Open CASCADE'),'Open CASCADE STEP processor 8.0','build123d',
  'Unknown');
FILE_SCHEMA(('AUTOMOTIVE_DESIGN { 1 0 10303 214 1 1 1 1 }'));
ENDSEC;
DATA;
#1 = APPLICATION_PROTOCOL_DEFINITION('international standard',
  'automotive_design',2000,#2);
#2 = APPLICATION_CONTEXT(
  'core data for automotive mechanical design processes');
#3 = SHAPE_DEFINITION_REPRESENTATION(#4,#10);
#4 = PRODUCT_DEFINITION_SHAPE('','',#5);
#5 = PRODUCT_DEFINITION('design','',#6,#9);
#6 = PRODUCT_DEFINITION_FORMATION('','',#7);
#7 = PRODUCT('COMPOUND','COMPOUND','',(#8));
#8 = PRODUCT_CONTEXT('',#2,'mechanical');
#9 = PRODUCT_DEFINITION_CONTEXT('part definition',#2,'design');
#10 = ADVANCED_BREP_SHAPE_REPRESENTATION('',(#11,#15),#2381);
#11 = AXIS2_PLACEMENT_3D('',#12,#13,#14);
#12 = CARTESIAN_POINT('',(0.,0.,0.));
#13 = DIRECTION('',(0.,0.,1.));
#14 = DIRECTION('',(1.,0.,-0.));
#15 = MANIFOLD_SOLID_BREP('',#16);
#16 = CLOSED_SHELL('',(#17,#1131,#1166,#1196,#1386,#1576,#1766,#1956,
    #2146,#2336));
#17 = ADVANCED_FACE('',(#18,#105,#276,#447,#618,#789,#960),#32,.T.);
#18 = FACE_BOUND('',#19,.T.);
#19 = EDGE_LOOP('',(#20,#50,#77,#78));
#20 = ORIENTED_EDGE('',*,*,#21,.T.);
#21 = EDGE_CURVE('',#22,#24,#26,.T.);
#22 = VERTEX_POINT('',#23);
#23 = CARTESIAN_POINT('',(235.,-4.898587196589E-15,509.));
#24 = VERTEX_POINT('',#25);
#25 = CARTESIAN_POINT('',(640.,-4.898587196589E-15,509.));
#26 = SEAM_CURVE('',#27,(#31,#43),.PCURVE_S1.);
#27 = LINE('',#28,#29);
#28 = CARTESIAN_POINT('',(235.,-4.898587196589E-15,509.));
#29 = VECTOR('',#30,1.);
#30 = DIRECTION('',(1.,0.,2.22044604925E-16));
#31 = PCURVE('',#32,#37);
#32 = CYLINDRICAL_SURFACE('',#33,20.);
#33 = AXIS2_PLACEMENT_3D('',#34,#35,#36);
#34 = CARTESIAN_POINT('',(235.,0.,529.));
#35 = DIRECTION('',(1.,0.,2.22044604925E-16));
#36 = DIRECTION('',(2.22044604925E-16,0.,-1.));
#37 = DEFINITIONAL_REPRESENTATION('',(#38),#42);
#38 = LINE('',#39,#40);
#39 = CARTESIAN_POINT('',(6.28318530718,-0.));
#40 = VECTOR('',#41,1.);
#41 = DIRECTION('',(0.,1.));
#42 = ( GEOMETRIC_REPRESENTATION_CONTEXT(2) 
PARAMETRIC_REPRESENTATION_CONTEXT() REPRESENTATION_CONTEXT('2D SPACE',''
  ) );
#43 = PCURVE('',#32,#44);
#44 = DEFINITIONAL_REPRESENTATION('',(#45),#49);
#45 = LINE('',#46,#47);
#46 = CARTESIAN_POINT('',(0.,-0.));
#47 = VECTOR('',#48,1.);
#48 = DIRECTION('',(0.,1.));
#49 = ( GEOMETRIC_REPRESENTATION_CONTEXT(2) 
PARAMETRIC_REPRESENTATION_CONTEXT() REPRESENTATION_CONTEXT('2D SPACE',''
  ) );
#50 = ORIENTED_EDGE('',*,*,#51,.F.);
#51 = EDGE_CURVE('',#24,#24,#52,.T.);
#52 = SURFACE_CURVE('',#53,(#58,#65),.PCURVE_S1.);
#53 = CIRCLE('',#54,20.);
#54 = AXIS2_PLACEMENT_3D('',#55,#56,#57);
#55 = CARTESIAN_POINT('',(640.,0.,529.));
#56 = DIRECTION('',(1.,-0.,2.22044604925E-16));
#57 = DIRECTION('',(2.22044604925E-16,0.,-1.));
#58 = PCURVE('',#32,#59);
#59 = DEFINITIONAL_REPRESENTATION('',(#60),#64);
#60 = LINE('',#61,#62);
#61 = CARTESIAN_POINT('',(0.,405.));
#62 = VECTOR('',#63,1.);
#63 = DIRECTION('',(1.,0.));
#64 = ( GEOMETRIC_REPRESENTATION_CONTEXT(2) 
PARAMETRIC_REPRESENTATION_CONTEXT() REPRESENTATION_CONTEXT('2D SPACE',''
  ) );
#65 = PCURVE('',#66,#71);
#66 = PLANE('',#67);
#67 = AXIS2_PLACEMENT_3D('',#68,#69,#70);
#68 = CARTESIAN_POINT('',(640.,0.,529.));
#69 = DIRECTION('',(1.,0.,2.22044604925E-16));
#70 = DIRECTION('',(2.22044604925E-16,0.,-1.));
#71 = DEFINITIONAL_REPRESENTATION('',(#72),#76);
#72 = CIRCLE('',#73,20.);
#73 = AXIS2_PLACEMENT_2D('',#74,#75);
#74 = CARTESIAN_POINT('',(0.,0.));
#75 = DIRECTION('',(1.,0.));
#76 = ( GEOMETRIC_REPRESENTATION_CONTEXT(2) 
PARAMETRIC_REPRESENTATION_CONTEXT() REPRESENTATION_CONTEXT('2D SPACE',''
  ) );
#77 = ORIENTED_EDGE('',*,*,#21,.F.);
#78 = ORIENTED_EDGE('',*,*,#79,.T.);
#79 = EDGE_CURVE('',#22,#22,#80,.T.);
#80 = SURFACE_CURVE('',#81,(#86,#93),.PCURVE_S1.);
#81 = CIRCLE('',#82,20.);
#82 = AXIS2_PLACEMENT_3D('',#83,#84,#85);
#83 = CARTESIAN_POINT('',(235.,0.,529.));
#84 = DIRECTION('',(1.,-0.,2.22044604925E-16));
#85 = DIRECTION('',(2.22044604925E-16,0.,-1.));
#86 = PCURVE('',#32,#87);
#87 = DEFINITIONAL_REPRESENTATION('',(#88),#92);
#88 = LINE('',#89,#90);
#89 = CARTESIAN_POINT('',(0.,0.));
#90 = VECTOR('',#91,1.);
#91 = DIRECTION('',(1.,0.));
#92 = ( GEOMETRIC_REPRESENTATION_CONTEXT(2) 
PARAMETRIC_REPRESENTATION_CONTEXT() REPRESENTATION_CONTEXT('2D SPACE',''
  ) );
#93 = PCURVE('',#94,#99);
#94 = PLANE('',#95);
#95 = AXIS2_PLACEMENT_3D('',#96,#97,#98);
#96 = CARTESIAN_POINT('',(235.,0.,529.));
#97 = DIRECTION('',(1.,0.,2.22044604925E-16));
#98 = DIRECTION('',(2.22044604925E-16,0.,-1.));
#99 = DEFINITIONAL_REPRESENTATION('',(#100),#104);
#100 = CIRCLE('',#101,20.);
#101 = AXIS2_PLACEMENT_2D('',#102,#103);
#102 = CARTESIAN_POINT('',(0.,0.));
#103 = DIRECTION('',(1.,0.));
#104 = ( GEOMETRIC_REPRESENTATION_CONTEXT(2) 
PARAMETRIC_REPRESENTATION_CONTEXT() REPRESENTATION_CONTEXT('2D SPACE',''
  ) );
#105 = FACE_BOUND('',#106,.T.);
#106 = EDGE_LOOP('',(#107));
#107 = ORIENTED_EDGE('',*,*,#108,.T.);
#108 = EDGE_CURVE('',#109,#109,#111,.T.);
#109 = VERTEX_POINT('',#110);
#110 = CARTESIAN_POINT('',(247.65,20.,529.));
#111 = SURFACE_CURVE('',#112,(#163,#217),.PCURVE_S1.);
#112 = B_SPLINE_CURVE_WITH_KNOTS('',7,(#113,#114,#115,#116,#117,#118,
    #119,#120,#121,#122,#123,#124,#125,#126,#127,#128,#129,#130,#131,
    #132,#133,#134,#135,#136,#137,#138,#139,#140,#141,#142,#143,#144,
    #145,#146,#147,#148,#149,#150,#151,#152,#153,#154,#155,#156,#157,
    #158,#159,#160,#161,#162),.UNSPECIFIED.,.T.,.F.,(8,6,6,6,6,6,6,6,8),
  (0.,0.124157811057,0.250606746713,0.386802858522,0.505329224919,
    0.6156688782,0.750991374412,0.876636827944,1.),.UNSPECIFIED.);
#113 = CARTESIAN_POINT('',(247.65,20.,529.));
#114 = CARTESIAN_POINT('',(247.65,20.,529.35998292252));
#115 = CARTESIAN_POINT('',(247.59294962383,19.992440600377,
    529.70891577054));
#116 = CARTESIAN_POINT('',(247.48514735726,19.978158029633,
    530.03662459252));
#117 = CARTESIAN_POINT('',(247.33456590898,19.9592097031,530.33493986079
    ));
#118 = CARTESIAN_POINT('',(247.15083075695,19.938284032162,
    530.59783915594));
#119 = CARTESIAN_POINT('',(246.94511542042,19.917706694695,
    530.82200019523));
#120 = CARTESIAN_POINT('',(246.51087181628,19.879954444355,
    531.19623071973));
#121 = CARTESIAN_POINT('',(246.27563589167,19.862296760934,
    531.35033437417));
#122 = CARTESIAN_POINT('',(246.02966417848,19.847251601029,
    531.47138331866));
#123 = CARTESIAN_POINT('',(245.77665817492,19.835562136103,
    531.56096607542));
#124 = CARTESIAN_POINT('',(245.51931513649,19.827631653599,
    531.62029017831));
#125 = CARTESIAN_POINT('',(245.25977878734,19.823660106045,531.65));
#126 = CARTESIAN_POINT('',(244.72019645256,19.823660106045,531.65));
#127 = CARTESIAN_POINT('',(244.44075128774,19.828267430909,
    531.6155338285));
#128 = CARTESIAN_POINT('',(244.16403582268,19.837462403425,
    531.54675224797));
#129 = CARTESIAN_POINT('',(243.89270931102,19.850977335528,
    531.44277093534));
#130 = CARTESIAN_POINT('',(243.63024123601,19.868276008564,
    531.30194888095));
#131 = CARTESIAN_POINT('',(243.38156144111,19.888327414042,
    531.12217359668));
#132 = CARTESIAN_POINT('',(242.95622322745,19.92776177192,530.7092582324
    ));
#133 = CARTESIAN_POINT('',(242.76878002503,19.947415567426,
    530.48060517188));
#134 = CARTESIAN_POINT('',(242.60411198312,19.966792751821,
    530.21644663714));
#135 = CARTESIAN_POINT('',(242.47265605811,19.983664796371,
    529.92093985956));
#136 = CARTESIAN_POINT('',(242.38284750997,19.995655229619,
    529.60074736968));
#137 = CARTESIAN_POINT('',(242.34099912485,20.001192068127,
    529.26433544988));
#138 = CARTESIAN_POINT('',(242.36062636037,19.998592581474,
    528.60228979371));
#139 = CARTESIAN_POINT('',(242.414708719,19.991434788952,528.29290849674
    ));
#140 = CARTESIAN_POINT('',(242.50890759442,19.979056762096,
    528.00058901004));
#141 = CARTESIAN_POINT('',(242.63747151262,19.962906069153,
    527.7313415444));
#142 = CARTESIAN_POINT('',(242.79344004269,19.944851275798,
    527.48974956885));
#143 = CARTESIAN_POINT('',(242.96871248927,19.926603855692,
    527.27861727954));
#144 = CARTESIAN_POINT('',(243.38155106304,19.888328376223,
    526.87783647826));
#145 = CARTESIAN_POINT('',(243.63023660013,19.868276158021,
    526.69804995938));
#146 = CARTESIAN_POINT('',(243.8927192163,19.850976334289,
    526.55722158988));
#147 = CARTESIAN_POINT('',(244.16405247676,19.837461726882,
    526.45324264836));
#148 = CARTESIAN_POINT('',(244.44076392809,19.828267330215,
    526.38446542248));
#149 = CARTESIAN_POINT('',(244.72019950583,19.823660106045,526.35));
#150 = CARTESIAN_POINT('',(245.25979169001,19.823660106045,526.35));
#151 = CARTESIAN_POINT('',(245.51933344668,19.827632032537,
    526.37971268961));
#152 = CARTESIAN_POINT('',(245.77667248875,19.835562937882,
    526.43903983688));
#153 = CARTESIAN_POINT('',(246.02966703988,19.847252103453,
    526.52862098089));
#154 = CARTESIAN_POINT('',(246.27562737877,19.862296286175,
    526.64966285088));
#155 = CARTESIAN_POINT('',(246.51086166554,19.87995356187,
    526.80376053237));
#156 = CARTESIAN_POINT('',(246.94511542042,19.917706694695,
    527.17799980476));
#157 = CARTESIAN_POINT('',(247.15083075695,19.938284032163,
    527.40216084406));
#158 = CARTESIAN_POINT('',(247.33456590897,19.9592097031,527.6650601392)
  );
#159 = CARTESIAN_POINT('',(247.48514735726,19.978158029633,
    527.96337540747));
#160 = CARTESIAN_POINT('',(247.59294962383,19.992440600377,
    528.29108422945));
#161 = CARTESIAN_POINT('',(247.65,20.,528.64001707747));
#162 = CARTESIAN_POINT('',(247.65,20.,529.));
#163 = PCURVE('',#32,#164);
#164 = DEFINITIONAL_REPRESENTATION('',(#165),#216);
#165 = B_SPLINE_CURVE_WITH_KNOTS('',7,(#166,#167,#168,#169,#170,#171,
    #172,#173,#174,#175,#176,#177,#178,#179,#180,#181,#182,#183,#184,
    #185,#186,#187,#188,#189,#190,#191,#192,#193,#194,#195,#196,#197,
    #198,#199,#200,#201,#202,#203,#204,#205,#206,#207,#208,#209,#210,
    #211,#212,#213,#214,#215),.UNSPECIFIED.,.T.,.F.,(8,6,6,6,6,6,6,6,8),
  (0.,0.124157811057,0.250606746713,0.386802858522,0.505329224919,
    0.6156688782,0.750991374412,0.876636827944,1.),.UNSPECIFIED.);
#166 = CARTESIAN_POINT('',(1.570796326795,12.65));
#167 = CARTESIAN_POINT('',(1.588795472921,12.65));
#168 = CARTESIAN_POINT('',(1.606242124869,12.592949623832));
#169 = CARTESIAN_POINT('',(1.622637036313,12.485147357261));
#170 = CARTESIAN_POINT('',(1.637578904839,12.334565908979));
#171 = CARTESIAN_POINT('',(1.650763866183,12.150830756953));
#172 = CARTESIAN_POINT('',(1.66201857908,11.945115420427));
#173 = CARTESIAN_POINT('',(1.680825075156,11.510871816283));
#174 = CARTESIAN_POINT('',(1.688579963663,11.275635891676));
#175 = CARTESIAN_POINT('',(1.694678744665,11.029664178488));
#176 = CARTESIAN_POINT('',(1.699195823762,10.776658174924));
#177 = CARTESIAN_POINT('',(1.702188418106,10.519315136498));
#178 = CARTESIAN_POINT('',(1.703687122667,10.259778787341));
#179 = CARTESIAN_POINT('',(1.703687122667,9.720196452561));
#180 = CARTESIAN_POINT('',(1.701948485697,9.440751287749));
#181 = CARTESIAN_POINT('',(1.698478808026,9.164035822688));
#182 = CARTESIAN_POINT('',(1.693236060132,8.892709311029));
#183 = CARTESIAN_POINT('',(1.686142395338,8.630241236013));
#184 = CARTESIAN_POINT('',(1.677099030098,8.381561441113));
#185 = CARTESIAN_POINT('',(1.656359323817,7.956223227456));
#186 = CARTESIAN_POINT('',(1.644885039367,7.768780025035));
#187 = CARTESIAN_POINT('',(1.631643308196,7.604111983128));
#188 = CARTESIAN_POINT('',(1.616847926594,7.472656058117));
#189 = CARTESIAN_POINT('',(1.600832611779,7.382847509974));
#190 = CARTESIAN_POINT('',(1.584013221348,7.340999124851));
#191 = CARTESIAN_POINT('',(1.550910683372,7.360626360379));
#192 = CARTESIAN_POINT('',(1.535440327914,7.414708719001));
#193 = CARTESIAN_POINT('',(1.520815423015,7.508907594427));
#194 = CARTESIAN_POINT('',(1.507331818009,7.637471512627));
#195 = CARTESIAN_POINT('',(1.495219881485,7.793440042694));
#196 = CARTESIAN_POINT('',(1.484624347054,7.968712489272));
#197 = CARTESIAN_POINT('',(1.464494129532,8.381551063045));
#198 = CARTESIAN_POINT('',(1.455450201284,8.63023660013));
#199 = CARTESIAN_POINT('',(1.448356216735,8.892719216302));
#200 = CARTESIAN_POINT('',(1.443113587963,9.164052476761));
#201 = CARTESIAN_POINT('',(1.439644130158,9.440763928096));
#202 = CARTESIAN_POINT('',(1.437905530923,9.720199505833));
#203 = CARTESIAN_POINT('',(1.437905530923,10.259791690014));
#204 = CARTESIAN_POINT('',(1.439404380055,10.519333446689));
#205 = CARTESIAN_POINT('',(1.442397128317,10.776672488756));
#206 = CARTESIAN_POINT('',(1.446914125119,11.029667039881));
#207 = CARTESIAN_POINT('',(1.453012549515,11.275627378772));
#208 = CARTESIAN_POINT('',(1.460767138819,11.510861665544));
#209 = CARTESIAN_POINT('',(1.47957407451,11.945115420427));
#210 = CARTESIAN_POINT('',(1.490828787407,12.150830756954));
#211 = CARTESIAN_POINT('',(1.50401374875,12.334565908978));
#212 = CARTESIAN_POINT('',(1.518955617277,12.485147357262));
#213 = CARTESIAN_POINT('',(1.535350528721,12.592949623832));
#214 = CARTESIAN_POINT('',(1.552797180669,12.65));
#215 = CARTESIAN_POINT('',(1.570796326795,12.65));
#216 = ( GEOMETRIC_REPRESENTATION_CONTEXT(2) 
PARAMETRIC_REPRESENTATION_CONTEXT() REPRESENTATION_CONTEXT('2D SPACE',''
  ) );
#217 = PCURVE('',#218,#223);
#218 = CYLINDRICAL_SURFACE('',#219,2.65);
#219 = AXIS2_PLACEMENT_3D('',#220,#221,#222);
#220 = CARTESIAN_POINT('',(245.,40.,529.));
#221 = DIRECTION('',(0.,-1.,2.22044604925E-16));
#222 = DIRECTION('',(1.,0.,0.));
#223 = DEFINITIONAL_REPRESENTATION('',(#224),#275);
#224 = B_SPLINE_CURVE_WITH_KNOTS('',7,(#225,#226,#227,#228,#229,#230,
    #231,#232,#233,#234,#235,#236,#237,#238,#239,#240,#241,#242,#243,
    #244,#245,#246,#247,#248,#249,#250,#251,#252,#253,#254,#255,#256,
    #257,#258,#259,#260,#261,#262,#263,#264,#265,#266,#267,#268,#269,
    #270,#271,#272,#273,#274),.UNSPECIFIED.,.F.,.F.,(8,6,6,6,6,6,6,6,8),
  (0.,0.124157811057,0.250606746713,0.386802858522,0.505329224919,
    0.6156688782,0.750991374412,0.876636827944,1.),.UNSPECIFIED.);
#225 = CARTESIAN_POINT('',(0.,20.));
#226 = CARTESIAN_POINT('',(0.135842612272,20.));
#227 = CARTESIAN_POINT('',(0.267515330479,20.007559399623));
#228 = CARTESIAN_POINT('',(0.395273395011,20.021841970367));
#229 = CARTESIAN_POINT('',(0.51899847466,20.0407902969));
#230 = CARTESIAN_POINT('',(0.638294681316,20.061715967838));
#231 = CARTESIAN_POINT('',(0.752320717877,20.082293305305));
#232 = CARTESIAN_POINT('',(0.968641614357,20.120045555645));
#233 = CARTESIAN_POINT('',(1.073847822718,20.137703239066));
#234 = CARTESIAN_POINT('',(1.176102909614,20.152748398971));
#235 = CARTESIAN_POINT('',(1.276178513739,20.164437863897));
#236 = CARTESIAN_POINT('',(1.374828497129,20.172368346401));
#237 = CARTESIAN_POINT('',(1.472766595723,20.176339893955));
#238 = CARTESIAN_POINT('',(1.676382571111,20.176339893955));
#239 = CARTESIAN_POINT('',(1.781833239375,20.171732569091));
#240 = CARTESIAN_POINT('',(1.888178354025,20.162537596575));
#241 = CARTESIAN_POINT('',(1.996308460458,20.149022664472));
#242 = CARTESIAN_POINT('',(2.107181828331,20.131723991436));
#243 = CARTESIAN_POINT('',(2.221767811056,20.111672585958));
#244 = CARTESIAN_POINT('',(2.445465877814,20.07223822808));
#245 = CARTESIAN_POINT('',(2.556319057158,20.052584432574));
#246 = CARTESIAN_POINT('',(2.672178822228,20.033207248179));
#247 = CARTESIAN_POINT('',(2.792053665205,20.016335203629));
#248 = CARTESIAN_POINT('',(2.915366974179,20.004344770381));
#249 = CARTESIAN_POINT('',(3.041790920881,19.998807931873));
#250 = CARTESIAN_POINT('',(3.29172923416,20.001407418526));
#251 = CARTESIAN_POINT('',(3.409030337033,20.008565211048));
#252 = CARTESIAN_POINT('',(3.523202447367,20.020943237904));
#253 = CARTESIAN_POINT('',(3.634089004195,20.037093930847));
#254 = CARTESIAN_POINT('',(3.74133554276,20.055148724202));
#255 = CARTESIAN_POINT('',(3.844287905072,20.073396144308));
#256 = CARTESIAN_POINT('',(4.061412037988,20.111671623777));
#257 = CARTESIAN_POINT('',(4.176002517903,20.131723841979));
#258 = CARTESIAN_POINT('',(4.286881158108,20.149023665711));
#259 = CARTESIAN_POINT('',(4.395013340551,20.162538273118));
#260 = CARTESIAN_POINT('',(4.501356825287,20.171732669785));
#261 = CARTESIAN_POINT('',(4.606803888246,20.176339893955));
#262 = CARTESIAN_POINT('',(4.81042358039,20.176339893955));
#263 = CARTESIAN_POINT('',(4.908363693432,20.172367967463));
#264 = CARTESIAN_POINT('',(5.007012469468,20.164437062118));
#265 = CARTESIAN_POINT('',(5.107083968433,20.152747896547));
#266 = CARTESIAN_POINT('',(5.209334370489,20.137703713825));
#267 = CARTESIAN_POINT('',(5.314538636175,20.12004643813));
#268 = CARTESIAN_POINT('',(5.530864589302,20.082293305305));
#269 = CARTESIAN_POINT('',(5.644890625864,20.061715967837));
#270 = CARTESIAN_POINT('',(5.76418683252,20.0407902969));
#271 = CARTESIAN_POINT('',(5.887911912168,20.021841970367));
#272 = CARTESIAN_POINT('',(6.015669976701,20.007559399623));
#273 = CARTESIAN_POINT('',(6.147342694908,20.));
#274 = CARTESIAN_POINT('',(6.28318530718,20.));
#275 = ( GEOMETRIC_REPRESENTATION_CONTEXT(2) 
PARAMETRIC_REPRESENTATION_CONTEXT() REPRESENTATION_CONTEXT('2D SPACE',''
  ) );
#276 = FACE_BOUND('',#277,.T.);
#277 = EDGE_LOOP('',(#278));
#278 = ORIENTED_EDGE('',*,*,#279,.T.);
#279 = EDGE_CURVE('',#280,#280,#282,.T.);
#280 = VERTEX_POINT('',#281);
#281 = CARTESIAN_POINT('',(269.65,20.,529.));
#282 = SURFACE_CURVE('',#283,(#334,#388),.PCURVE_S1.);
#283 = B_SPLINE_CURVE_WITH_KNOTS('',7,(#284,#285,#286,#287,#288,#289,
    #290,#291,#292,#293,#294,#295,#296,#297,#298,#299,#300,#301,#302,
    #303,#304,#305,#306,#307,#308,#309,#310,#311,#312,#313,#314,#315,
    #316,#317,#318,#319,#320,#321,#322,#323,#324,#325,#326,#327,#328,
    #329,#330,#331,#332,#333),.UNSPECIFIED.,.T.,.F.,(8,6,6,6,6,6,6,6,8),
  (0.,0.124157811057,0.250606746713,0.386802858522,0.50532922492,
    0.615668878194,0.750991374408,0.876636827942,1.),.UNSPECIFIED.);
#284 = CARTESIAN_POINT('',(269.65,20.,529.));
#285 = CARTESIAN_POINT('',(269.65,20.,529.35998292252));
#286 = CARTESIAN_POINT('',(269.59294962383,19.992440600377,
    529.70891577054));
#287 = CARTESIAN_POINT('',(269.48514735726,19.978158029633,
    530.03662459252));
#288 = CARTESIAN_POINT('',(269.33456590897,19.9592097031,530.33493986079
    ));
#289 = CARTESIAN_POINT('',(269.15083075695,19.938284032163,
    530.59783915594));
#290 = CARTESIAN_POINT('',(268.94511542042,19.917706694695,
    530.82200019523));
#291 = CARTESIAN_POINT('',(268.51087181628,19.879954444355,
    531.19623071973));
#292 = CARTESIAN_POINT('',(268.27563589167,19.862296760934,
    531.35033437418));
#293 = CARTESIAN_POINT('',(268.02966417848,19.847251601029,
    531.47138331866));
#294 = CARTESIAN_POINT('',(267.77665817492,19.835562136103,
    531.56096607542));
#295 = CARTESIAN_POINT('',(267.51931513649,19.827631653599,
    531.62029017831));
#296 = CARTESIAN_POINT('',(267.25977878734,19.823660106045,531.65));
#297 = CARTESIAN_POINT('',(266.72019645256,19.823660106045,531.65));
#298 = CARTESIAN_POINT('',(266.44075128774,19.828267430909,
    531.61553382851));
#299 = CARTESIAN_POINT('',(266.16403582268,19.837462403425,
    531.54675224797));
#300 = CARTESIAN_POINT('',(265.89270931103,19.850977335528,
    531.44277093534));
#301 = CARTESIAN_POINT('',(265.63024123601,19.868276008564,
    531.30194888095));
#302 = CARTESIAN_POINT('',(265.38156144111,19.888327414042,
    531.12217359668));
#303 = CARTESIAN_POINT('',(264.95622322745,19.92776177192,530.7092582324
    ));
#304 = CARTESIAN_POINT('',(264.76878002503,19.947415567426,
    530.48060517188));
#305 = CARTESIAN_POINT('',(264.60411198312,19.966792751821,
    530.21644663714));
#306 = CARTESIAN_POINT('',(264.47265605811,19.983664796371,
    529.92093985957));
#307 = CARTESIAN_POINT('',(264.38284750997,19.995655229619,
    529.60074736968));
#308 = CARTESIAN_POINT('',(264.34099912485,20.001192068127,
    529.26433544988));
#309 = CARTESIAN_POINT('',(264.36062636037,19.998592581474,
    528.60228979373));
#310 = CARTESIAN_POINT('',(264.41470871899,19.991434788952,
    528.29290849672));
#311 = CARTESIAN_POINT('',(264.50890759444,19.979056762094,
    528.00058901002));
#312 = CARTESIAN_POINT('',(264.63747151262,19.962906069154,
    527.73134154442));
#313 = CARTESIAN_POINT('',(264.79344004267,19.9448512758,527.48974956886
    ));
#314 = CARTESIAN_POINT('',(264.96871248928,19.926603855691,
    527.27861727952));
#315 = CARTESIAN_POINT('',(265.38155106304,19.888328376223,
    526.87783647826));
#316 = CARTESIAN_POINT('',(265.63023660013,19.868276158021,
    526.69804995938));
#317 = CARTESIAN_POINT('',(265.8927192163,19.85097633429,526.55722158988
    ));
#318 = CARTESIAN_POINT('',(266.16405247676,19.837461726882,
    526.45324264836));
#319 = CARTESIAN_POINT('',(266.44076392809,19.828267330215,
    526.38446542248));
#320 = CARTESIAN_POINT('',(266.72019950583,19.823660106045,526.35));
#321 = CARTESIAN_POINT('',(267.25979169001,19.823660106045,526.35));
#322 = CARTESIAN_POINT('',(267.51933344668,19.827632032537,
    526.37971268961));
#323 = CARTESIAN_POINT('',(267.77667248875,19.835562937881,
    526.43903983688));
#324 = CARTESIAN_POINT('',(268.02966703988,19.847252103453,
    526.52862098089));
#325 = CARTESIAN_POINT('',(268.27562737877,19.862296286175,
    526.64966285088));
#326 = CARTESIAN_POINT('',(268.51086166554,19.87995356187,
    526.80376053237));
#327 = CARTESIAN_POINT('',(268.94511542042,19.917706694695,
    527.17799980476));
#328 = CARTESIAN_POINT('',(269.15083075695,19.938284032163,
    527.40216084406));
#329 = CARTESIAN_POINT('',(269.33456590897,19.9592097031,527.6650601392)
  );
#330 = CARTESIAN_POINT('',(269.48514735726,19.978158029633,
    527.96337540747));
#331 = CARTESIAN_POINT('',(269.59294962383,19.992440600377,
    528.29108422945));
#332 = CARTESIAN_POINT('',(269.65,20.,528.64001707747));
#333 = CARTESIAN_POINT('',(269.65,20.,529.));
#334 = PCURVE('',#32,#335);
#335 = DEFINITIONAL_REPRESENTATION('',(#336),#387);
#336 = B_SPLINE_CURVE_WITH_KNOTS('',7,(#337,#338,#339,#340,#341,#342,
    #343,#344,#345,#346,#347,#348,#349,#350,#351,#352,#353,#354,#355,
    #356,#357,#358,#359,#360,#361,#362,#363,#364,#365,#366,#367,#368,
    #369,#370,#371,#372,#373,#374,#375,#376,#377,#378,#379,#380,#381,
    #382,#383,#384,#385,#386),.UNSPECIFIED.,.T.,.F.,(8,6,6,6,6,6,6,6,8),
  (0.,0.124157811057,0.250606746713,0.386802858522,0.50532922492,
    0.615668878194,0.750991374408,0.876636827942,1.),.UNSPECIFIED.);
#337 = CARTESIAN_POINT('',(1.570796326795,34.65));
#338 = CARTESIAN_POINT('',(1.588795472921,34.65));
#339 = CARTESIAN_POINT('',(1.606242124869,34.592949623832));
#340 = CARTESIAN_POINT('',(1.622637036313,34.485147357262));
#341 = CARTESIAN_POINT('',(1.637578904839,34.334565908978));
#342 = CARTESIAN_POINT('',(1.650763866183,34.150830756954));
#343 = CARTESIAN_POINT('',(1.66201857908,33.945115420427));
#344 = CARTESIAN_POINT('',(1.680825075156,33.510871816283));
#345 = CARTESIAN_POINT('',(1.688579963663,33.275635891676));
#346 = CARTESIAN_POINT('',(1.694678744665,33.029664178489));
#347 = CARTESIAN_POINT('',(1.699195823762,32.776658174923));
#348 = CARTESIAN_POINT('',(1.702188418106,32.519315136499));
#349 = CARTESIAN_POINT('',(1.703687122667,32.25977878734));
#350 = CARTESIAN_POINT('',(1.703687122667,31.720196452562));
#351 = CARTESIAN_POINT('',(1.701948485697,31.440751287749));
#352 = CARTESIAN_POINT('',(1.698478808026,31.164035822688));
#353 = CARTESIAN_POINT('',(1.693236060132,30.89270931103));
#354 = CARTESIAN_POINT('',(1.686142395338,30.630241236012));
#355 = CARTESIAN_POINT('',(1.677099030098,30.381561441113));
#356 = CARTESIAN_POINT('',(1.656359323817,29.956223227456));
#357 = CARTESIAN_POINT('',(1.644885039367,29.768780025035));
#358 = CARTESIAN_POINT('',(1.631643308196,29.604111983127));
#359 = CARTESIAN_POINT('',(1.616847926594,29.472656058117));
#360 = CARTESIAN_POINT('',(1.600832611779,29.382847509974));
#361 = CARTESIAN_POINT('',(1.584013221348,29.340999124851));
#362 = CARTESIAN_POINT('',(1.550910683373,29.360626360378));
#363 = CARTESIAN_POINT('',(1.535440327913,29.414708718996));
#364 = CARTESIAN_POINT('',(1.520815423014,29.50890759444));
#365 = CARTESIAN_POINT('',(1.507331818009,29.637471512627));
#366 = CARTESIAN_POINT('',(1.495219881486,29.793440042674));
#367 = CARTESIAN_POINT('',(1.484624347053,29.968712489286));
#368 = CARTESIAN_POINT('',(1.464494129532,30.381551063045));
#369 = CARTESIAN_POINT('',(1.455450201284,30.630236600131));
#370 = CARTESIAN_POINT('',(1.448356216735,30.892719216301));
#371 = CARTESIAN_POINT('',(1.443113587963,31.164052476763));
#372 = CARTESIAN_POINT('',(1.439644130158,31.440763928095));
#373 = CARTESIAN_POINT('',(1.437905530923,31.720199505833));
#374 = CARTESIAN_POINT('',(1.437905530923,32.259791690014));
#375 = CARTESIAN_POINT('',(1.439404380055,32.519333446689));
#376 = CARTESIAN_POINT('',(1.442397128317,32.776672488754));
#377 = CARTESIAN_POINT('',(1.446914125119,33.029667039883));
#378 = CARTESIAN_POINT('',(1.453012549515,33.275627378771));
#379 = CARTESIAN_POINT('',(1.460767138819,33.510861665544));
#380 = CARTESIAN_POINT('',(1.47957407451,33.945115420427));
#381 = CARTESIAN_POINT('',(1.490828787407,34.150830756954));
#382 = CARTESIAN_POINT('',(1.504013748751,34.334565908978));
#383 = CARTESIAN_POINT('',(1.518955617277,34.485147357262));
#384 = CARTESIAN_POINT('',(1.535350528721,34.592949623832));
#385 = CARTESIAN_POINT('',(1.552797180669,34.65));
#386 = CARTESIAN_POINT('',(1.570796326795,34.65));
#387 = ( GEOMETRIC_REPRESENTATION_CONTEXT(2) 
PARAMETRIC_REPRESENTATION_CONTEXT() REPRESENTATION_CONTEXT('2D SPACE',''
  ) );
#388 = PCURVE('',#389,#394);
#389 = CYLINDRICAL_SURFACE('',#390,2.65);
#390 = AXIS2_PLACEMENT_3D('',#391,#392,#393);
#391 = CARTESIAN_POINT('',(267.,40.,529.));
#392 = DIRECTION('',(0.,-1.,2.22044604925E-16));
#393 = DIRECTION('',(1.,0.,0.));
#394 = DEFINITIONAL_REPRESENTATION('',(#395),#446);
#395 = B_SPLINE_CURVE_WITH_KNOTS('',7,(#396,#397,#398,#399,#400,#401,
    #402,#403,#404,#405,#406,#407,#408,#409,#410,#411,#412,#413,#414,
    #415,#416,#417,#418,#419,#420,#421,#422,#423,#424,#425,#426,#427,
    #428,#429,#430,#431,#432,#433,#434,#435,#436,#437,#438,#439,#440,
    #441,#442,#443,#444,#445),.UNSPECIFIED.,.F.,.F.,(8,6,6,6,6,6,6,6,8),
  (0.,0.124157811057,0.250606746713,0.386802858522,0.50532922492,
    0.615668878194,0.750991374408,0.876636827942,1.),.UNSPECIFIED.);
#396 = CARTESIAN_POINT('',(0.,20.));
#397 = CARTESIAN_POINT('',(0.135842612272,20.));
#398 = CARTESIAN_POINT('',(0.267515330479,20.007559399623));
#399 = CARTESIAN_POINT('',(0.395273395011,20.021841970367));
#400 = CARTESIAN_POINT('',(0.51899847466,20.0407902969));
#401 = CARTESIAN_POINT('',(0.638294681315,20.061715967837));
#402 = CARTESIAN_POINT('',(0.752320717877,20.082293305305));
#403 = CARTESIAN_POINT('',(0.968641614357,20.120045555645));
#404 = CARTESIAN_POINT('',(1.073847822718,20.137703239066));
#405 = CARTESIAN_POINT('',(1.176102909613,20.152748398971));
#406 = CARTESIAN_POINT('',(1.276178513739,20.164437863897));
#407 = CARTESIAN_POINT('',(1.374828497129,20.172368346401));
#408 = CARTESIAN_POINT('',(1.472766595723,20.176339893955));
#409 = CARTESIAN_POINT('',(1.676382571111,20.176339893955));
#410 = CARTESIAN_POINT('',(1.781833239375,20.171732569091));
#411 = CARTESIAN_POINT('',(1.888178354025,20.162537596575));
#412 = CARTESIAN_POINT('',(1.996308460457,20.149022664472));
#413 = CARTESIAN_POINT('',(2.107181828331,20.131723991436));
#414 = CARTESIAN_POINT('',(2.221767811056,20.111672585958));
#415 = CARTESIAN_POINT('',(2.445465877814,20.07223822808));
#416 = CARTESIAN_POINT('',(2.556319057158,20.052584432574));
#417 = CARTESIAN_POINT('',(2.672178822229,20.033207248179));
#418 = CARTESIAN_POINT('',(2.792053665204,20.016335203629));
#419 = CARTESIAN_POINT('',(2.915366974179,20.004344770381));
#420 = CARTESIAN_POINT('',(3.041790920881,19.998807931873));
#421 = CARTESIAN_POINT('',(3.291729234153,20.001407418526));
#422 = CARTESIAN_POINT('',(3.409030337041,20.008565211048));
#423 = CARTESIAN_POINT('',(3.523202447372,20.020943237906));
#424 = CARTESIAN_POINT('',(3.634089004192,20.037093930846));
#425 = CARTESIAN_POINT('',(3.741335542751,20.0551487242));
#426 = CARTESIAN_POINT('',(3.84428790508,20.073396144309));
#427 = CARTESIAN_POINT('',(4.061412037988,20.111671623777));
#428 = CARTESIAN_POINT('',(4.176002517904,20.131723841979));
#429 = CARTESIAN_POINT('',(4.286881158106,20.14902366571));
#430 = CARTESIAN_POINT('',(4.395013340552,20.162538273118));
#431 = CARTESIAN_POINT('',(4.501356825286,20.171732669785));
#432 = CARTESIAN_POINT('',(4.606803888246,20.176339893955));
#433 = CARTESIAN_POINT('',(4.81042358039,20.176339893955));
#434 = CARTESIAN_POINT('',(4.908363693433,20.172367967463));
#435 = CARTESIAN_POINT('',(5.007012469467,20.164437062119));
#436 = CARTESIAN_POINT('',(5.107083968434,20.152747896547));
#437 = CARTESIAN_POINT('',(5.209334370489,20.137703713825));
#438 = CARTESIAN_POINT('',(5.314538636175,20.12004643813));
#439 = CARTESIAN_POINT('',(5.530864589302,20.082293305305));
#440 = CARTESIAN_POINT('',(5.644890625864,20.061715967837));
#441 = CARTESIAN_POINT('',(5.76418683252,20.0407902969));
#442 = CARTESIAN_POINT('',(5.887911912168,20.021841970367));
#443 = CARTESIAN_POINT('',(6.015669976701,20.007559399623));
#444 = CARTESIAN_POINT('',(6.147342694907,20.));
#445 = CARTESIAN_POINT('',(6.28318530718,20.));
#446 = ( GEOMETRIC_REPRESENTATION_CONTEXT(2) 
PARAMETRIC_REPRESENTATION_CONTEXT() REPRESENTATION_CONTEXT('2D SPACE',''
  ) );
#447 = FACE_BOUND('',#448,.T.);
#448 = EDGE_LOOP('',(#449));
#449 = ORIENTED_EDGE('',*,*,#450,.F.);
#450 = EDGE_CURVE('',#451,#451,#453,.T.);
#451 = VERTEX_POINT('',#452);
#452 = CARTESIAN_POINT('',(247.65,-20.,529.));
#453 = SURFACE_CURVE('',#454,(#505,#559),.PCURVE_S1.);
#454 = B_SPLINE_CURVE_WITH_KNOTS('',7,(#455,#456,#457,#458,#459,#460,
    #461,#462,#463,#464,#465,#466,#467,#468,#469,#470,#471,#472,#473,
    #474,#475,#476,#477,#478,#479,#480,#481,#482,#483,#484,#485,#486,
    #487,#488,#489,#490,#491,#492,#493,#494,#495,#496,#497,#498,#499,
    #500,#501,#502,#503,#504),.UNSPECIFIED.,.T.,.F.,(8,6,6,6,6,6,6,6,8),
  (0.,0.124157811042,0.250606746682,0.386802858475,0.505329224929,
    0.615668878192,0.750991374407,0.876636827941,1.),.UNSPECIFIED.);
#455 = CARTESIAN_POINT('',(247.65,-20.,529.));
#456 = CARTESIAN_POINT('',(247.65,-20.,529.35998292252));
#457 = CARTESIAN_POINT('',(247.59294962383,-19.99244060037,
    529.70891577054));
#458 = CARTESIAN_POINT('',(247.48514735726,-19.97815802963,
    530.03662459253));
#459 = CARTESIAN_POINT('',(247.33456590897,-19.9592097031,
    530.33493986079));
#460 = CARTESIAN_POINT('',(247.15083075695,-19.93828403216,
    530.59783915594));
#461 = CARTESIAN_POINT('',(246.94511542042,-19.91770669469,
    530.82200019523));
#462 = CARTESIAN_POINT('',(246.51087181628,-19.87995444435,
    531.19623071973));
#463 = CARTESIAN_POINT('',(246.27563589167,-19.86229676093,
    531.35033437418));
#464 = CARTESIAN_POINT('',(246.02966417849,-19.84725160102,
    531.47138331866));
#465 = CARTESIAN_POINT('',(245.77665817492,-19.8355621361,
    531.56096607542));
#466 = CARTESIAN_POINT('',(245.51931513649,-19.82763165359,
    531.62029017831));
#467 = CARTESIAN_POINT('',(245.25977878734,-19.82366010604,531.65));
#468 = CARTESIAN_POINT('',(244.72019645256,-19.82366010604,531.65));
#469 = CARTESIAN_POINT('',(244.44075128775,-19.8282674309,
    531.61553382851));
#470 = CARTESIAN_POINT('',(244.16403582268,-19.83746240342,
    531.54675224797));
#471 = CARTESIAN_POINT('',(243.89270931102,-19.85097733552,
    531.44277093534));
#472 = CARTESIAN_POINT('',(243.63024123601,-19.86827600856,
    531.30194888095));
#473 = CARTESIAN_POINT('',(243.38156144111,-19.88832741404,
    531.12217359668));
#474 = CARTESIAN_POINT('',(242.95622322733,-19.92776177193,
    530.70925823228));
#475 = CARTESIAN_POINT('',(242.7687800252,-19.94741556741,
    530.48060517199));
#476 = CARTESIAN_POINT('',(242.60411198312,-19.96679275181,
    530.21644663727));
#477 = CARTESIAN_POINT('',(242.472656058,-19.98366479638,529.92093985945
    ));
#478 = CARTESIAN_POINT('',(242.38284751002,-19.99565522961,
    529.60074736951));
#479 = CARTESIAN_POINT('',(242.34099912484,-20.00119206812,
    529.26433545005));
#480 = CARTESIAN_POINT('',(242.36062636037,-19.99859258147,
    528.60228979376));
#481 = CARTESIAN_POINT('',(242.41470871898,-19.99143478895,
    528.29290849669));
#482 = CARTESIAN_POINT('',(242.50890759445,-19.97905676209,528.00058901)
  );
#483 = CARTESIAN_POINT('',(242.63747151262,-19.96290606915,
    527.73134154444));
#484 = CARTESIAN_POINT('',(242.79344004264,-19.9448512758,
    527.48974956888));
#485 = CARTESIAN_POINT('',(242.9687124893,-19.92660385568,527.2786172795
    ));
#486 = CARTESIAN_POINT('',(243.38155106304,-19.88832837622,
    526.87783647826));
#487 = CARTESIAN_POINT('',(243.63023660013,-19.86827615802,
    526.69804995938));
#488 = CARTESIAN_POINT('',(243.8927192163,-19.85097633429,
    526.55722158988));
#489 = CARTESIAN_POINT('',(244.16405247676,-19.83746172688,
    526.45324264836));
#490 = CARTESIAN_POINT('',(244.44076392809,-19.82826733021,
    526.38446542248));
#491 = CARTESIAN_POINT('',(244.72019950583,-19.82366010604,526.35));
#492 = CARTESIAN_POINT('',(245.25979169001,-19.82366010604,526.35));
#493 = CARTESIAN_POINT('',(245.51933344669,-19.82763203253,
    526.37971268961));
#494 = CARTESIAN_POINT('',(245.77667248875,-19.83556293788,
    526.43903983688));
#495 = CARTESIAN_POINT('',(246.02966703988,-19.84725210345,
    526.52862098089));
#496 = CARTESIAN_POINT('',(246.27562737877,-19.86229628617,
    526.64966285088));
#497 = CARTESIAN_POINT('',(246.51086166554,-19.87995356187,
    526.80376053237));
#498 = CARTESIAN_POINT('',(246.94511542042,-19.91770669469,
    527.17799980476));
#499 = CARTESIAN_POINT('',(247.15083075695,-19.93828403216,
    527.40216084406));
#500 = CARTESIAN_POINT('',(247.33456590897,-19.9592097031,527.6650601392
    ));
#501 = CARTESIAN_POINT('',(247.48514735726,-19.97815802963,
    527.96337540747));
#502 = CARTESIAN_POINT('',(247.59294962383,-19.99244060037,
    528.29108422945));
#503 = CARTESIAN_POINT('',(247.65,-20.,528.64001707747));
#504 = CARTESIAN_POINT('',(247.65,-20.,529.));
#505 = PCURVE('',#32,#506);
#506 = DEFINITIONAL_REPRESENTATION('',(#507),#558);
#507 = B_SPLINE_CURVE_WITH_KNOTS('',7,(#508,#509,#510,#511,#512,#513,
    #514,#515,#516,#517,#518,#519,#520,#521,#522,#523,#524,#525,#526,
    #527,#528,#529,#530,#531,#532,#533,#534,#535,#536,#537,#538,#539,
    #540,#541,#542,#543,#544,#545,#546,#547,#548,#549,#550,#551,#552,
    #553,#554,#555,#556,#557),.UNSPECIFIED.,.T.,.F.,(8,6,6,6,6,6,6,6,8),
  (0.,0.124157811042,0.250606746682,0.386802858475,0.505329224929,
    0.615668878192,0.750991374407,0.876636827941,1.),.UNSPECIFIED.);
#508 = CARTESIAN_POINT('',(4.712388980385,12.65));
#509 = CARTESIAN_POINT('',(4.694389834259,12.65));
#510 = CARTESIAN_POINT('',(4.676943182311,12.592949623832));
#511 = CARTESIAN_POINT('',(4.660548270867,12.485147357261));
#512 = CARTESIAN_POINT('',(4.64560640234,12.334565908979));
#513 = CARTESIAN_POINT('',(4.632421440997,12.150830756954));
#514 = CARTESIAN_POINT('',(4.6211667281,11.945115420427));
#515 = CARTESIAN_POINT('',(4.602360232023,11.510871816283));
#516 = CARTESIAN_POINT('',(4.594605343517,11.275635891675));
#517 = CARTESIAN_POINT('',(4.588506562514,11.02966417849));
#518 = CARTESIAN_POINT('',(4.583989483417,10.776658174923));
#519 = CARTESIAN_POINT('',(4.580996889074,10.519315136499));
#520 = CARTESIAN_POINT('',(4.579498184513,10.25977878734));
#521 = CARTESIAN_POINT('',(4.579498184513,9.720196452561));
#522 = CARTESIAN_POINT('',(4.581236821482,9.44075128775));
#523 = CARTESIAN_POINT('',(4.584706499154,9.164035822687));
#524 = CARTESIAN_POINT('',(4.589949247047,8.89270931103));
#525 = CARTESIAN_POINT('',(4.597042911842,8.630241236013));
#526 = CARTESIAN_POINT('',(4.606086277082,8.381561441113));
#527 = CARTESIAN_POINT('',(4.626825983368,7.956223227336));
#528 = CARTESIAN_POINT('',(4.638300267807,7.768780025202));
#529 = CARTESIAN_POINT('',(4.651541998977,7.604111983126));
#530 = CARTESIAN_POINT('',(4.666337380591,7.472656058007));
#531 = CARTESIAN_POINT('',(4.682352695409,7.382847510027));
#532 = CARTESIAN_POINT('',(4.699172085823,7.340999124846));
#533 = CARTESIAN_POINT('',(4.732274623805,7.360626360378));
#534 = CARTESIAN_POINT('',(4.747744979268,7.414708718989));
#535 = CARTESIAN_POINT('',(4.762369884166,7.508907594459));
#536 = CARTESIAN_POINT('',(4.775853489169,7.637471512627));
#537 = CARTESIAN_POINT('',(4.787965425693,7.793440042644));
#538 = CARTESIAN_POINT('',(4.798560960127,7.968712489307));
#539 = CARTESIAN_POINT('',(4.818691177648,8.381551063044));
#540 = CARTESIAN_POINT('',(4.827735105895,8.630236600131));
#541 = CARTESIAN_POINT('',(4.834829090445,8.892719216302));
#542 = CARTESIAN_POINT('',(4.840071719217,9.164052476761));
#543 = CARTESIAN_POINT('',(4.843541177022,9.440763928096));
#544 = CARTESIAN_POINT('',(4.845279776257,9.720199505833));
#545 = CARTESIAN_POINT('',(4.845279776257,10.259791690014));
#546 = CARTESIAN_POINT('',(4.843780927125,10.51933344669));
#547 = CARTESIAN_POINT('',(4.840788178863,10.776672488754));
#548 = CARTESIAN_POINT('',(4.836271182061,11.029667039883));
#549 = CARTESIAN_POINT('',(4.830172757664,11.275627378771));
#550 = CARTESIAN_POINT('',(4.822418168361,11.510861665544));
#551 = CARTESIAN_POINT('',(4.80361123267,11.945115420427));
#552 = CARTESIAN_POINT('',(4.792356519772,12.150830756954));
#553 = CARTESIAN_POINT('',(4.779171558429,12.334565908979));
#554 = CARTESIAN_POINT('',(4.764229689902,12.485147357261));
#555 = CARTESIAN_POINT('',(4.747834778458,12.592949623832));
#556 = CARTESIAN_POINT('',(4.730388126511,12.65));
#557 = CARTESIAN_POINT('',(4.712388980385,12.65));
#558 = ( GEOMETRIC_REPRESENTATION_CONTEXT(2) 
PARAMETRIC_REPRESENTATION_CONTEXT() REPRESENTATION_CONTEXT('2D SPACE',''
  ) );
#559 = PCURVE('',#560,#565);
#560 = CYLINDRICAL_SURFACE('',#561,2.65);
#561 = AXIS2_PLACEMENT_3D('',#562,#563,#564);
#562 = CARTESIAN_POINT('',(245.,40.,529.));
#563 = DIRECTION('',(0.,-1.,2.22044604925E-16));
#564 = DIRECTION('',(1.,0.,0.));
#565 = DEFINITIONAL_REPRESENTATION('',(#566),#617);
#566 = B_SPLINE_CURVE_WITH_KNOTS('',7,(#567,#568,#569,#570,#571,#572,
    #573,#574,#575,#576,#577,#578,#579,#580,#581,#582,#583,#584,#585,
    #586,#587,#588,#589,#590,#591,#592,#593,#594,#595,#596,#597,#598,
    #599,#600,#601,#602,#603,#604,#605,#606,#607,#608,#609,#610,#611,
    #612,#613,#614,#615,#616),.UNSPECIFIED.,.F.,.F.,(8,6,6,6,6,6,6,6,8),
  (0.,0.124157811042,0.250606746682,0.386802858475,0.505329224929,
    0.615668878192,0.750991374407,0.876636827941,1.),.UNSPECIFIED.);
#567 = CARTESIAN_POINT('',(0.,60.));
#568 = CARTESIAN_POINT('',(0.135842612272,60.));
#569 = CARTESIAN_POINT('',(0.267515330478,59.992440600377));
#570 = CARTESIAN_POINT('',(0.395273395012,59.978158029633));
#571 = CARTESIAN_POINT('',(0.51899847466,59.9592097031));
#572 = CARTESIAN_POINT('',(0.638294681315,59.938284032163));
#573 = CARTESIAN_POINT('',(0.752320717877,59.917706694695));
#574 = CARTESIAN_POINT('',(0.968641614357,59.879954444355));
#575 = CARTESIAN_POINT('',(1.073847822718,59.862296760934));
#576 = CARTESIAN_POINT('',(1.176102909613,59.847251601029));
#577 = CARTESIAN_POINT('',(1.276178513739,59.835562136103));
#578 = CARTESIAN_POINT('',(1.374828497129,59.827631653599));
#579 = CARTESIAN_POINT('',(1.472766595723,59.823660106045));
#580 = CARTESIAN_POINT('',(1.676382571111,59.823660106045));
#581 = CARTESIAN_POINT('',(1.781833239375,59.828267430909));
#582 = CARTESIAN_POINT('',(1.888178354026,59.837462403426));
#583 = CARTESIAN_POINT('',(1.996308460457,59.850977335528));
#584 = CARTESIAN_POINT('',(2.107181828331,59.868276008564));
#585 = CARTESIAN_POINT('',(2.221767811056,59.888327414042));
#586 = CARTESIAN_POINT('',(2.445465877877,59.927761771932));
#587 = CARTESIAN_POINT('',(2.556319057083,59.947415567413));
#588 = CARTESIAN_POINT('',(2.672178822199,59.966792751814));
#589 = CARTESIAN_POINT('',(2.792053665241,59.983664796389));
#590 = CARTESIAN_POINT('',(2.915366974246,59.995655229612));
#591 = CARTESIAN_POINT('',(3.041790920816,60.001192068128));
#592 = CARTESIAN_POINT('',(3.291729234141,59.998592581474));
#593 = CARTESIAN_POINT('',(3.409030337052,59.991434788953));
#594 = CARTESIAN_POINT('',(3.523202447379,59.979056762091));
#595 = CARTESIAN_POINT('',(3.634089004186,59.962906069155));
#596 = CARTESIAN_POINT('',(3.741335542738,59.944851275802));
#597 = CARTESIAN_POINT('',(3.844287905091,59.926603855689));
#598 = CARTESIAN_POINT('',(4.061412037988,59.888328376223));
#599 = CARTESIAN_POINT('',(4.176002517904,59.868276158021));
#600 = CARTESIAN_POINT('',(4.286881158107,59.85097633429));
#601 = CARTESIAN_POINT('',(4.395013340551,59.837461726882));
#602 = CARTESIAN_POINT('',(4.501356825287,59.828267330215));
#603 = CARTESIAN_POINT('',(4.606803888246,59.823660106045));
#604 = CARTESIAN_POINT('',(4.81042358039,59.823660106045));
#605 = CARTESIAN_POINT('',(4.908363693433,59.827632032537));
#606 = CARTESIAN_POINT('',(5.007012469467,59.835562937881));
#607 = CARTESIAN_POINT('',(5.107083968434,59.847252103453));
#608 = CARTESIAN_POINT('',(5.209334370488,59.862296286175));
#609 = CARTESIAN_POINT('',(5.314538636175,59.87995356187));
#610 = CARTESIAN_POINT('',(5.530864589302,59.917706694695));
#611 = CARTESIAN_POINT('',(5.644890625864,59.938284032163));
#612 = CARTESIAN_POINT('',(5.76418683252,59.9592097031));
#613 = CARTESIAN_POINT('',(5.887911912169,59.978158029633));
#614 = CARTESIAN_POINT('',(6.015669976701,59.992440600377));
#615 = CARTESIAN_POINT('',(6.147342694907,60.));
#616 = CARTESIAN_POINT('',(6.28318530718,60.));
#617 = ( GEOMETRIC_REPRESENTATION_CONTEXT(2) 
PARAMETRIC_REPRESENTATION_CONTEXT() REPRESENTATION_CONTEXT('2D SPACE',''
  ) );
#618 = FACE_BOUND('',#619,.T.);
#619 = EDGE_LOOP('',(#620));
#620 = ORIENTED_EDGE('',*,*,#621,.F.);
#621 = EDGE_CURVE('',#622,#622,#624,.T.);
#622 = VERTEX_POINT('',#623);
#623 = CARTESIAN_POINT('',(269.65,-20.,529.));
#624 = SURFACE_CURVE('',#625,(#676,#730),.PCURVE_S1.);
#625 = B_SPLINE_CURVE_WITH_KNOTS('',7,(#626,#627,#628,#629,#630,#631,
    #632,#633,#634,#635,#636,#637,#638,#639,#640,#641,#642,#643,#644,
    #645,#646,#647,#648,#649,#650,#651,#652,#653,#654,#655,#656,#657,
    #658,#659,#660,#661,#662,#663,#664,#665,#666,#667,#668,#669,#670,
    #671,#672,#673,#674,#675),.UNSPECIFIED.,.T.,.F.,(8,6,6,6,6,6,6,6,8),
  (0.,0.124157811051,0.250606746699,0.386802858501,0.505329224925,
    0.615668878188,0.750991374405,0.87663682794,1.),.UNSPECIFIED.);
#626 = CARTESIAN_POINT('',(269.65,-20.,529.));
#627 = CARTESIAN_POINT('',(269.65,-20.,529.35998292252));
#628 = CARTESIAN_POINT('',(269.59294962383,-19.99244060037,
    529.70891577054));
#629 = CARTESIAN_POINT('',(269.48514735726,-19.97815802963,
    530.03662459253));
#630 = CARTESIAN_POINT('',(269.33456590897,-19.9592097031,
    530.33493986079));
#631 = CARTESIAN_POINT('',(269.15083075695,-19.93828403216,
    530.59783915594));
#632 = CARTESIAN_POINT('',(268.94511542042,-19.91770669469,
    530.82200019523));
#633 = CARTESIAN_POINT('',(268.51087181628,-19.87995444435,
    531.19623071973));
#634 = CARTESIAN_POINT('',(268.27563589167,-19.86229676093,
    531.35033437417));
#635 = CARTESIAN_POINT('',(268.02966417848,-19.84725160102,
    531.47138331866));
#636 = CARTESIAN_POINT('',(267.77665817492,-19.8355621361,
    531.56096607542));
#637 = CARTESIAN_POINT('',(267.51931513649,-19.82763165359,
    531.62029017831));
#638 = CARTESIAN_POINT('',(267.25977878734,-19.82366010604,531.65));
#639 = CARTESIAN_POINT('',(266.72019645256,-19.82366010604,531.65));
#640 = CARTESIAN_POINT('',(266.44075128774,-19.8282674309,
    531.61553382851));
#641 = CARTESIAN_POINT('',(266.16403582268,-19.83746240342,
    531.54675224797));
#642 = CARTESIAN_POINT('',(265.89270931102,-19.85097733552,
    531.44277093534));
#643 = CARTESIAN_POINT('',(265.63024123601,-19.86827600856,
    531.30194888095));
#644 = CARTESIAN_POINT('',(265.38156144111,-19.88832741404,
    531.12217359668));
#645 = CARTESIAN_POINT('',(264.9562232274,-19.92776177192,
    530.70925823234));
#646 = CARTESIAN_POINT('',(264.76878002511,-19.94741556742,
    530.48060517193));
#647 = CARTESIAN_POINT('',(264.60411198312,-19.96679275181,
    530.2164466372));
#648 = CARTESIAN_POINT('',(264.47265605806,-19.98366479637,
    529.92093985951));
#649 = CARTESIAN_POINT('',(264.38284750999,-19.99565522961,
    529.6007473696));
#650 = CARTESIAN_POINT('',(264.34099912484,-20.00119206812,
    529.26433544996));
#651 = CARTESIAN_POINT('',(264.36062636037,-19.99859258147,
    528.60228979376));
#652 = CARTESIAN_POINT('',(264.41470871898,-19.99143478895,
    528.29290849669));
#653 = CARTESIAN_POINT('',(264.50890759445,-19.97905676209,528.00058901)
  );
#654 = CARTESIAN_POINT('',(264.63747151262,-19.96290606915,
    527.73134154444));
#655 = CARTESIAN_POINT('',(264.79344004264,-19.9448512758,
    527.48974956888));
#656 = CARTESIAN_POINT('',(264.9687124893,-19.92660385568,527.2786172795
    ));
#657 = CARTESIAN_POINT('',(265.38155106304,-19.88832837622,
    526.87783647826));
#658 = CARTESIAN_POINT('',(265.63023660013,-19.86827615802,
    526.69804995938));
#659 = CARTESIAN_POINT('',(265.8927192163,-19.85097633429,
    526.55722158988));
#660 = CARTESIAN_POINT('',(266.16405247676,-19.83746172688,
    526.45324264836));
#661 = CARTESIAN_POINT('',(266.44076392809,-19.82826733021,
    526.38446542248));
#662 = CARTESIAN_POINT('',(266.72019950583,-19.82366010604,526.35));
#663 = CARTESIAN_POINT('',(267.25979169001,-19.82366010604,526.35));
#664 = CARTESIAN_POINT('',(267.51933344669,-19.82763203253,
    526.37971268961));
#665 = CARTESIAN_POINT('',(267.77667248875,-19.83556293788,
    526.43903983688));
#666 = CARTESIAN_POINT('',(268.02966703988,-19.84725210345,
    526.52862098089));
#667 = CARTESIAN_POINT('',(268.27562737877,-19.86229628617,
    526.64966285088));
#668 = CARTESIAN_POINT('',(268.51086166554,-19.87995356187,
    526.80376053237));
#669 = CARTESIAN_POINT('',(268.94511542042,-19.91770669469,
    527.17799980476));
#670 = CARTESIAN_POINT('',(269.15083075695,-19.93828403216,
    527.40216084406));
#671 = CARTESIAN_POINT('',(269.33456590897,-19.9592097031,527.6650601392
    ));
#672 = CARTESIAN_POINT('',(269.48514735726,-19.97815802963,
    527.96337540747));
#673 = CARTESIAN_POINT('',(269.59294962383,-19.99244060037,
    528.29108422945));
#674 = CARTESIAN_POINT('',(269.65,-20.,528.64001707747));
#675 = CARTESIAN_POINT('',(269.65,-20.,529.));
#676 = PCURVE('',#32,#677);
#677 = DEFINITIONAL_REPRESENTATION('',(#678),#729);
#678 = B_SPLINE_CURVE_WITH_KNOTS('',7,(#679,#680,#681,#682,#683,#684,
    #685,#686,#687,#688,#689,#690,#691,#692,#693,#694,#695,#696,#697,
    #698,#699,#700,#701,#702,#703,#704,#705,#706,#707,#708,#709,#710,
    #711,#712,#713,#714,#715,#716,#717,#718,#719,#720,#721,#722,#723,
    #724,#725,#726,#727,#728),.UNSPECIFIED.,.T.,.F.,(8,6,6,6,6,6,6,6,8),
  (0.,0.124157811051,0.250606746699,0.386802858501,0.505329224925,
    0.615668878188,0.750991374405,0.87663682794,1.),.UNSPECIFIED.);
#679 = CARTESIAN_POINT('',(4.712388980385,34.65));
#680 = CARTESIAN_POINT('',(4.694389834259,34.65));
#681 = CARTESIAN_POINT('',(4.676943182311,34.592949623832));
#682 = CARTESIAN_POINT('',(4.660548270867,34.485147357261));
#683 = CARTESIAN_POINT('',(4.64560640234,34.334565908979));
#684 = CARTESIAN_POINT('',(4.632421440997,34.150830756954));
#685 = CARTESIAN_POINT('',(4.6211667281,33.945115420427));
#686 = CARTESIAN_POINT('',(4.602360232023,33.510871816283));
#687 = CARTESIAN_POINT('',(4.594605343517,33.275635891676));
#688 = CARTESIAN_POINT('',(4.588506562514,33.029664178489));
#689 = CARTESIAN_POINT('',(4.583989483417,32.776658174924));
#690 = CARTESIAN_POINT('',(4.580996889074,32.519315136498));
#691 = CARTESIAN_POINT('',(4.579498184513,32.259778787341));
#692 = CARTESIAN_POINT('',(4.579498184513,31.720196452562));
#693 = CARTESIAN_POINT('',(4.581236821483,31.440751287749));
#694 = CARTESIAN_POINT('',(4.584706499154,31.164035822688));
#695 = CARTESIAN_POINT('',(4.589949247047,30.892709311029));
#696 = CARTESIAN_POINT('',(4.597042911842,30.630241236013));
#697 = CARTESIAN_POINT('',(4.606086277082,30.381561441113));
#698 = CARTESIAN_POINT('',(4.626825983365,29.956223227401));
#699 = CARTESIAN_POINT('',(4.63830026781,29.768780025112));
#700 = CARTESIAN_POINT('',(4.65154199898,29.604111983128));
#701 = CARTESIAN_POINT('',(4.666337380588,29.472656058065));
#702 = CARTESIAN_POINT('',(4.682352695404,29.382847509999));
#703 = CARTESIAN_POINT('',(4.699172085828,29.340999124849));
#704 = CARTESIAN_POINT('',(4.732274623805,29.360626360378));
#705 = CARTESIAN_POINT('',(4.747744979268,29.414708718989));
#706 = CARTESIAN_POINT('',(4.762369884166,29.508907594459));
#707 = CARTESIAN_POINT('',(4.775853489169,29.637471512627));
#708 = CARTESIAN_POINT('',(4.787965425693,29.793440042644));
#709 = CARTESIAN_POINT('',(4.798560960127,29.968712489308));
#710 = CARTESIAN_POINT('',(4.818691177648,30.381551063044));
#711 = CARTESIAN_POINT('',(4.827735105895,30.630236600131));
#712 = CARTESIAN_POINT('',(4.834829090445,30.892719216302));
#713 = CARTESIAN_POINT('',(4.840071719217,31.164052476762));
#714 = CARTESIAN_POINT('',(4.843541177022,31.440763928096));
#715 = CARTESIAN_POINT('',(4.845279776257,31.720199505833));
#716 = CARTESIAN_POINT('',(4.845279776257,32.259791690014));
#717 = CARTESIAN_POINT('',(4.843780927125,32.51933344669));
#718 = CARTESIAN_POINT('',(4.840788178863,32.776672488755));
#719 = CARTESIAN_POINT('',(4.836271182061,33.029667039882));
#720 = CARTESIAN_POINT('',(4.830172757664,33.27562737877));
#721 = CARTESIAN_POINT('',(4.822418168361,33.510861665545));
#722 = CARTESIAN_POINT('',(4.80361123267,33.945115420427));
#723 = CARTESIAN_POINT('',(4.792356519772,34.150830756954));
#724 = CARTESIAN_POINT('',(4.779171558429,34.334565908979));
#725 = CARTESIAN_POINT('',(4.764229689902,34.485147357261));
#726 = CARTESIAN_POINT('',(4.747834778458,34.592949623832));
#727 = CARTESIAN_POINT('',(4.730388126511,34.65));
#728 = CARTESIAN_POINT('',(4.712388980385,34.65));
#729 = ( GEOMETRIC_REPRESENTATION_CONTEXT(2) 
PARAMETRIC_REPRESENTATION_CONTEXT() REPRESENTATION_CONTEXT('2D SPACE',''
  ) );
#730 = PCURVE('',#731,#736);
#731 = CYLINDRICAL_SURFACE('',#732,2.65);
#732 = AXIS2_PLACEMENT_3D('',#733,#734,#735);
#733 = CARTESIAN_POINT('',(267.,40.,529.));
#734 = DIRECTION('',(0.,-1.,2.22044604925E-16));
#735 = DIRECTION('',(1.,0.,0.));
#736 = DEFINITIONAL_REPRESENTATION('',(#737),#788);
#737 = B_SPLINE_CURVE_WITH_KNOTS('',7,(#738,#739,#740,#741,#742,#743,
    #744,#745,#746,#747,#748,#749,#750,#751,#752,#753,#754,#755,#756,
    #757,#758,#759,#760,#761,#762,#763,#764,#765,#766,#767,#768,#769,
    #770,#771,#772,#773,#774,#775,#776,#777,#778,#779,#780,#781,#782,
    #783,#784,#785,#786,#787),.UNSPECIFIED.,.F.,.F.,(8,6,6,6,6,6,6,6,8),
  (0.,0.124157811051,0.250606746699,0.386802858501,0.505329224925,
    0.615668878188,0.750991374405,0.87663682794,1.),.UNSPECIFIED.);
#738 = CARTESIAN_POINT('',(0.,60.));
#739 = CARTESIAN_POINT('',(0.135842612272,60.));
#740 = CARTESIAN_POINT('',(0.267515330478,59.992440600377));
#741 = CARTESIAN_POINT('',(0.395273395011,59.978158029633));
#742 = CARTESIAN_POINT('',(0.51899847466,59.9592097031));
#743 = CARTESIAN_POINT('',(0.638294681315,59.938284032163));
#744 = CARTESIAN_POINT('',(0.752320717877,59.917706694695));
#745 = CARTESIAN_POINT('',(0.968641614357,59.879954444355));
#746 = CARTESIAN_POINT('',(1.073847822718,59.862296760934));
#747 = CARTESIAN_POINT('',(1.176102909614,59.847251601029));
#748 = CARTESIAN_POINT('',(1.276178513738,59.835562136103));
#749 = CARTESIAN_POINT('',(1.374828497129,59.827631653599));
#750 = CARTESIAN_POINT('',(1.472766595723,59.823660106045));
#751 = CARTESIAN_POINT('',(1.676382571111,59.823660106045));
#752 = CARTESIAN_POINT('',(1.781833239375,59.828267430909));
#753 = CARTESIAN_POINT('',(1.888178354025,59.837462403425));
#754 = CARTESIAN_POINT('',(1.996308460458,59.850977335528));
#755 = CARTESIAN_POINT('',(2.10718182833,59.868276008564));
#756 = CARTESIAN_POINT('',(2.221767811056,59.888327414042));
#757 = CARTESIAN_POINT('',(2.445465877843,59.927761771926));
#758 = CARTESIAN_POINT('',(2.556319057124,59.94741556742));
#759 = CARTESIAN_POINT('',(2.672178822214,59.966792751818));
#760 = CARTESIAN_POINT('',(2.792053665222,59.983664796379));
#761 = CARTESIAN_POINT('',(2.91536697421,59.995655229616));
#762 = CARTESIAN_POINT('',(3.041790920851,60.001192068128));
#763 = CARTESIAN_POINT('',(3.291729234141,59.998592581474));
#764 = CARTESIAN_POINT('',(3.409030337052,59.991434788953));
#765 = CARTESIAN_POINT('',(3.523202447379,59.979056762091));
#766 = CARTESIAN_POINT('',(3.634089004186,59.962906069155));
#767 = CARTESIAN_POINT('',(3.741335542738,59.944851275802));
#768 = CARTESIAN_POINT('',(3.844287905091,59.926603855689));
#769 = CARTESIAN_POINT('',(4.061412037988,59.888328376223));
#770 = CARTESIAN_POINT('',(4.176002517904,59.868276158021));
#771 = CARTESIAN_POINT('',(4.286881158107,59.85097633429));
#772 = CARTESIAN_POINT('',(4.395013340551,59.837461726882));
#773 = CARTESIAN_POINT('',(4.501356825286,59.828267330215));
#774 = CARTESIAN_POINT('',(4.606803888246,59.823660106045));
#775 = CARTESIAN_POINT('',(4.81042358039,59.823660106045));
#776 = CARTESIAN_POINT('',(4.908363693433,59.827632032537));
#777 = CARTESIAN_POINT('',(5.007012469467,59.835562937882));
#778 = CARTESIAN_POINT('',(5.107083968433,59.847252103453));
#779 = CARTESIAN_POINT('',(5.209334370488,59.862296286175));
#780 = CARTESIAN_POINT('',(5.314538636175,59.87995356187));
#781 = CARTESIAN_POINT('',(5.530864589302,59.917706694695));
#782 = CARTESIAN_POINT('',(5.644890625865,59.938284032163));
#783 = CARTESIAN_POINT('',(5.764186832519,59.9592097031));
#784 = CARTESIAN_POINT('',(5.887911912169,59.978158029633));
#785 = CARTESIAN_POINT('',(6.015669976701,59.992440600377));
#786 = CARTESIAN_POINT('',(6.147342694907,60.));
#787 = CARTESIAN_POINT('',(6.28318530718,60.));
#788 = ( GEOMETRIC_REPRESENTATION_CONTEXT(2) 
PARAMETRIC_REPRESENTATION_CONTEXT() REPRESENTATION_CONTEXT('2D SPACE',''
  ) );
#789 = FACE_BOUND('',#790,.T.);
#790 = EDGE_LOOP('',(#791));
#791 = ORIENTED_EDGE('',*,*,#792,.T.);
#792 = EDGE_CURVE('',#793,#793,#795,.T.);
#793 = VERTEX_POINT('',#794);
#794 = CARTESIAN_POINT('',(622.65,20.,529.));
#795 = SURFACE_CURVE('',#796,(#847,#901),.PCURVE_S1.);
#796 = B_SPLINE_CURVE_WITH_KNOTS('',7,(#797,#798,#799,#800,#801,#802,
    #803,#804,#805,#806,#807,#808,#809,#810,#811,#812,#813,#814,#815,
    #816,#817,#818,#819,#820,#821,#822,#823,#824,#825,#826,#827,#828,
    #829,#830,#831,#832,#833,#834,#835,#836,#837,#838,#839,#840,#841,
    #842,#843,#844,#845,#846),.UNSPECIFIED.,.T.,.F.,(8,6,6,6,6,6,6,6,8),
  (0.,0.124157811058,0.250606746713,0.386802858523,0.50532922492,
    0.615668878185,0.750991374402,0.876636827939,1.),.UNSPECIFIED.);
#797 = CARTESIAN_POINT('',(622.65,20.,529.));
#798 = CARTESIAN_POINT('',(622.65,20.,529.35998292252));
#799 = CARTESIAN_POINT('',(622.59294962383,19.992440600377,
    529.70891577054));
#800 = CARTESIAN_POINT('',(622.48514735726,19.978158029633,
    530.03662459252));
#801 = CARTESIAN_POINT('',(622.33456590897,19.9592097031,530.33493986079
    ));
#802 = CARTESIAN_POINT('',(622.15083075695,19.938284032163,
    530.59783915594));
#803 = CARTESIAN_POINT('',(621.94511542042,19.917706694695,
    530.82200019523));
#804 = CARTESIAN_POINT('',(621.51087181628,19.879954444355,
    531.19623071973));
#805 = CARTESIAN_POINT('',(621.27563589167,19.862296760934,
    531.35033437418));
#806 = CARTESIAN_POINT('',(621.02966417849,19.847251601029,
    531.47138331866));
#807 = CARTESIAN_POINT('',(620.77665817492,19.835562136103,
    531.56096607542));
#808 = CARTESIAN_POINT('',(620.5193151365,19.827631653599,
    531.62029017831));
#809 = CARTESIAN_POINT('',(620.25977878734,19.823660106045,531.65));
#810 = CARTESIAN_POINT('',(619.72019645256,19.823660106045,531.65));
#811 = CARTESIAN_POINT('',(619.44075128774,19.828267430909,
    531.61553382851));
#812 = CARTESIAN_POINT('',(619.16403582268,19.837462403425,
    531.54675224797));
#813 = CARTESIAN_POINT('',(618.89270931102,19.850977335528,
    531.44277093534));
#814 = CARTESIAN_POINT('',(618.63024123601,19.868276008564,
    531.30194888095));
#815 = CARTESIAN_POINT('',(618.38156144111,19.888327414042,
    531.12217359668));
#816 = CARTESIAN_POINT('',(617.95622322745,19.92776177192,530.7092582324
    ));
#817 = CARTESIAN_POINT('',(617.76878002503,19.947415567426,
    530.48060517188));
#818 = CARTESIAN_POINT('',(617.60411198312,19.966792751821,
    530.21644663714));
#819 = CARTESIAN_POINT('',(617.47265605811,19.983664796371,
    529.92093985956));
#820 = CARTESIAN_POINT('',(617.38284750997,19.995655229619,
    529.60074736968));
#821 = CARTESIAN_POINT('',(617.34099912485,20.001192068127,
    529.26433544988));
#822 = CARTESIAN_POINT('',(617.36062636037,19.998592581474,
    528.60228979376));
#823 = CARTESIAN_POINT('',(617.41470871898,19.991434788953,
    528.29290849669));
#824 = CARTESIAN_POINT('',(617.50890759445,19.979056762091,528.00058901)
  );
#825 = CARTESIAN_POINT('',(617.63747151262,19.962906069155,
    527.73134154445));
#826 = CARTESIAN_POINT('',(617.79344004264,19.944851275802,
    527.48974956888));
#827 = CARTESIAN_POINT('',(617.9687124893,19.926603855689,527.2786172795
    ));
#828 = CARTESIAN_POINT('',(618.38155106304,19.888328376223,
    526.87783647826));
#829 = CARTESIAN_POINT('',(618.63023660013,19.868276158021,
    526.69804995938));
#830 = CARTESIAN_POINT('',(618.8927192163,19.850976334289,
    526.55722158988));
#831 = CARTESIAN_POINT('',(619.16405247676,19.837461726882,
    526.45324264836));
#832 = CARTESIAN_POINT('',(619.44076392809,19.828267330215,
    526.38446542248));
#833 = CARTESIAN_POINT('',(619.72019950583,19.823660106045,526.35));
#834 = CARTESIAN_POINT('',(620.25979169001,19.823660106045,526.35));
#835 = CARTESIAN_POINT('',(620.51933344668,19.827632032537,
    526.37971268961));
#836 = CARTESIAN_POINT('',(620.77667248875,19.835562937882,
    526.43903983688));
#837 = CARTESIAN_POINT('',(621.02966703988,19.847252103453,
    526.52862098089));
#838 = CARTESIAN_POINT('',(621.27562737877,19.862296286175,
    526.64966285088));
#839 = CARTESIAN_POINT('',(621.51086166554,19.87995356187,
    526.80376053237));
#840 = CARTESIAN_POINT('',(621.94511542042,19.917706694695,
    527.17799980476));
#841 = CARTESIAN_POINT('',(622.15083075695,19.938284032162,
    527.40216084405));
#842 = CARTESIAN_POINT('',(622.33456590897,19.9592097031,527.66506013921
    ));
#843 = CARTESIAN_POINT('',(622.48514735726,19.978158029633,
    527.96337540746));
#844 = CARTESIAN_POINT('',(622.59294962383,19.992440600377,
    528.29108422945));
#845 = CARTESIAN_POINT('',(622.65,20.,528.64001707747));
#846 = CARTESIAN_POINT('',(622.65,20.,529.));
#847 = PCURVE('',#32,#848);
#848 = DEFINITIONAL_REPRESENTATION('',(#849),#900);
#849 = B_SPLINE_CURVE_WITH_KNOTS('',7,(#850,#851,#852,#853,#854,#855,
    #856,#857,#858,#859,#860,#861,#862,#863,#864,#865,#866,#867,#868,
    #869,#870,#871,#872,#873,#874,#875,#876,#877,#878,#879,#880,#881,
    #882,#883,#884,#885,#886,#887,#888,#889,#890,#891,#892,#893,#894,
    #895,#896,#897,#898,#899),.UNSPECIFIED.,.T.,.F.,(8,6,6,6,6,6,6,6,8),
  (0.,0.124157811058,0.250606746713,0.386802858523,0.50532922492,
    0.615668878185,0.750991374402,0.876636827939,1.),.UNSPECIFIED.);
#850 = CARTESIAN_POINT('',(1.570796326795,387.65));
#851 = CARTESIAN_POINT('',(1.588795472921,387.65));
#852 = CARTESIAN_POINT('',(1.606242124869,387.59294962383));
#853 = CARTESIAN_POINT('',(1.622637036313,387.48514735726));
#854 = CARTESIAN_POINT('',(1.637578904839,387.33456590897));
#855 = CARTESIAN_POINT('',(1.650763866183,387.15083075695));
#856 = CARTESIAN_POINT('',(1.66201857908,386.94511542042));
#857 = CARTESIAN_POINT('',(1.680825075156,386.51087181628));
#858 = CARTESIAN_POINT('',(1.688579963663,386.27563589167));
#859 = CARTESIAN_POINT('',(1.694678744665,386.02966417849));
#860 = CARTESIAN_POINT('',(1.699195823762,385.77665817492));
#861 = CARTESIAN_POINT('',(1.702188418106,385.5193151365));
#862 = CARTESIAN_POINT('',(1.703687122667,385.25977878734));
#863 = CARTESIAN_POINT('',(1.703687122667,384.72019645256));
#864 = CARTESIAN_POINT('',(1.701948485697,384.44075128774));
#865 = CARTESIAN_POINT('',(1.698478808026,384.16403582268));
#866 = CARTESIAN_POINT('',(1.693236060132,383.89270931102));
#867 = CARTESIAN_POINT('',(1.686142395338,383.63024123601));
#868 = CARTESIAN_POINT('',(1.677099030098,383.38156144111));
#869 = CARTESIAN_POINT('',(1.656359323817,382.95622322745));
#870 = CARTESIAN_POINT('',(1.644885039367,382.76878002503));
#871 = CARTESIAN_POINT('',(1.631643308196,382.60411198312));
#872 = CARTESIAN_POINT('',(1.616847926594,382.47265605811));
#873 = CARTESIAN_POINT('',(1.600832611779,382.38284750997));
#874 = CARTESIAN_POINT('',(1.584013221348,382.34099912485));
#875 = CARTESIAN_POINT('',(1.550910683374,382.36062636037));
#876 = CARTESIAN_POINT('',(1.535440327911,382.41470871898));
#877 = CARTESIAN_POINT('',(1.520815423013,382.50890759445));
#878 = CARTESIAN_POINT('',(1.507331818011,382.63747151262));
#879 = CARTESIAN_POINT('',(1.495219881487,382.79344004264));
#880 = CARTESIAN_POINT('',(1.484624347052,382.9687124893));
#881 = CARTESIAN_POINT('',(1.464494129532,383.38155106304));
#882 = CARTESIAN_POINT('',(1.455450201284,383.63023660013));
#883 = CARTESIAN_POINT('',(1.448356216735,383.8927192163));
#884 = CARTESIAN_POINT('',(1.443113587963,384.16405247676));
#885 = CARTESIAN_POINT('',(1.439644130158,384.44076392809));
#886 = CARTESIAN_POINT('',(1.437905530923,384.72019950583));
#887 = CARTESIAN_POINT('',(1.437905530923,385.25979169001));
#888 = CARTESIAN_POINT('',(1.439404380055,385.51933344668));
#889 = CARTESIAN_POINT('',(1.442397128317,385.77667248875));
#890 = CARTESIAN_POINT('',(1.446914125119,386.02966703988));
#891 = CARTESIAN_POINT('',(1.453012549515,386.27562737877));
#892 = CARTESIAN_POINT('',(1.460767138819,386.51086166554));
#893 = CARTESIAN_POINT('',(1.47957407451,386.94511542042));
#894 = CARTESIAN_POINT('',(1.490828787407,387.15083075695));
#895 = CARTESIAN_POINT('',(1.504013748751,387.33456590898));
#896 = CARTESIAN_POINT('',(1.518955617277,387.48514735726));
#897 = CARTESIAN_POINT('',(1.535350528721,387.59294962383));
#898 = CARTESIAN_POINT('',(1.552797180669,387.65));
#899 = CARTESIAN_POINT('',(1.570796326795,387.65));
#900 = ( GEOMETRIC_REPRESENTATION_CONTEXT(2) 
PARAMETRIC_REPRESENTATION_CONTEXT() REPRESENTATION_CONTEXT('2D SPACE',''
  ) );
#901 = PCURVE('',#902,#907);
#902 = CYLINDRICAL_SURFACE('',#903,2.65);
#903 = AXIS2_PLACEMENT_3D('',#904,#905,#906);
#904 = CARTESIAN_POINT('',(620.,40.,529.));
#905 = DIRECTION('',(0.,-1.,2.22044604925E-16));
#906 = DIRECTION('',(1.,0.,0.));
#907 = DEFINITIONAL_REPRESENTATION('',(#908),#959);
#908 = B_SPLINE_CURVE_WITH_KNOTS('',7,(#909,#910,#911,#912,#913,#914,
    #915,#916,#917,#918,#919,#920,#921,#922,#923,#924,#925,#926,#927,
    #928,#929,#930,#931,#932,#933,#934,#935,#936,#937,#938,#939,#940,
    #941,#942,#943,#944,#945,#946,#947,#948,#949,#950,#951,#952,#953,
    #954,#955,#956,#957,#958),.UNSPECIFIED.,.F.,.F.,(8,6,6,6,6,6,6,6,8),
  (0.,0.124157811058,0.250606746713,0.386802858523,0.50532922492,
    0.615668878185,0.750991374402,0.876636827939,1.),.UNSPECIFIED.);
#909 = CARTESIAN_POINT('',(0.,20.));
#910 = CARTESIAN_POINT('',(0.135842612272,20.));
#911 = CARTESIAN_POINT('',(0.267515330478,20.007559399623));
#912 = CARTESIAN_POINT('',(0.395273395011,20.021841970367));
#913 = CARTESIAN_POINT('',(0.51899847466,20.0407902969));
#914 = CARTESIAN_POINT('',(0.638294681315,20.061715967837));
#915 = CARTESIAN_POINT('',(0.752320717877,20.082293305305));
#916 = CARTESIAN_POINT('',(0.968641614356,20.120045555645));
#917 = CARTESIAN_POINT('',(1.073847822718,20.137703239066));
#918 = CARTESIAN_POINT('',(1.176102909613,20.152748398971));
#919 = CARTESIAN_POINT('',(1.276178513739,20.164437863897));
#920 = CARTESIAN_POINT('',(1.374828497129,20.172368346401));
#921 = CARTESIAN_POINT('',(1.472766595723,20.176339893955));
#922 = CARTESIAN_POINT('',(1.676382571111,20.176339893955));
#923 = CARTESIAN_POINT('',(1.781833239375,20.171732569091));
#924 = CARTESIAN_POINT('',(1.888178354025,20.162537596575));
#925 = CARTESIAN_POINT('',(1.996308460458,20.149022664472));
#926 = CARTESIAN_POINT('',(2.107181828331,20.131723991436));
#927 = CARTESIAN_POINT('',(2.221767811056,20.111672585958));
#928 = CARTESIAN_POINT('',(2.445465877814,20.07223822808));
#929 = CARTESIAN_POINT('',(2.556319057158,20.052584432574));
#930 = CARTESIAN_POINT('',(2.672178822228,20.033207248179));
#931 = CARTESIAN_POINT('',(2.792053665204,20.016335203629));
#932 = CARTESIAN_POINT('',(2.915366974179,20.004344770381));
#933 = CARTESIAN_POINT('',(3.041790920881,19.998807931873));
#934 = CARTESIAN_POINT('',(3.291729234141,20.001407418526));
#935 = CARTESIAN_POINT('',(3.409030337051,20.008565211047));
#936 = CARTESIAN_POINT('',(3.52320244738,20.020943237909));
#937 = CARTESIAN_POINT('',(3.634089004185,20.037093930845));
#938 = CARTESIAN_POINT('',(3.741335542739,20.055148724198));
#939 = CARTESIAN_POINT('',(3.844287905091,20.073396144311));
#940 = CARTESIAN_POINT('',(4.061412037988,20.111671623777));
#941 = CARTESIAN_POINT('',(4.176002517903,20.131723841979));
#942 = CARTESIAN_POINT('',(4.286881158107,20.149023665711));
#943 = CARTESIAN_POINT('',(4.395013340551,20.162538273118));
#944 = CARTESIAN_POINT('',(4.501356825286,20.171732669785));
#945 = CARTESIAN_POINT('',(4.606803888246,20.176339893955));
#946 = CARTESIAN_POINT('',(4.81042358039,20.176339893955));
#947 = CARTESIAN_POINT('',(4.908363693432,20.172367967463));
#948 = CARTESIAN_POINT('',(5.007012469467,20.164437062118));
#949 = CARTESIAN_POINT('',(5.107083968433,20.152747896547));
#950 = CARTESIAN_POINT('',(5.209334370489,20.137703713825));
#951 = CARTESIAN_POINT('',(5.314538636175,20.12004643813));
#952 = CARTESIAN_POINT('',(5.530864589303,20.082293305305));
#953 = CARTESIAN_POINT('',(5.644890625863,20.061715967838));
#954 = CARTESIAN_POINT('',(5.764186832521,20.0407902969));
#955 = CARTESIAN_POINT('',(5.887911912167,20.021841970367));
#956 = CARTESIAN_POINT('',(6.015669976702,20.007559399623));
#957 = CARTESIAN_POINT('',(6.147342694907,20.));
#958 = CARTESIAN_POINT('',(6.28318530718,20.));
#959 = ( GEOMETRIC_REPRESENTATION_CONTEXT(2) 
PARAMETRIC_REPRESENTATION_CONTEXT() REPRESENTATION_CONTEXT('2D SPACE',''
  ) );
#960 = FACE_BOUND('',#961,.T.);
#961 = EDGE_LOOP('',(#962));
#962 = ORIENTED_EDGE('',*,*,#963,.F.);
#963 = EDGE_CURVE('',#964,#964,#966,.T.);
#964 = VERTEX_POINT('',#965);
#965 = CARTESIAN_POINT('',(622.65,-20.,529.));
#966 = SURFACE_CURVE('',#967,(#1018,#1072),.PCURVE_S1.);
#967 = B_SPLINE_CURVE_WITH_KNOTS('',7,(#968,#969,#970,#971,#972,#973,
    #974,#975,#976,#977,#978,#979,#980,#981,#982,#983,#984,#985,#986,
    #987,#988,#989,#990,#991,#992,#993,#994,#995,#996,#997,#998,#999,
    #1000,#1001,#1002,#1003,#1004,#1005,#1006,#1007,#1008,#1009,#1010,
    #1011,#1012,#1013,#1014,#1015,#1016,#1017),.UNSPECIFIED.,.T.,.F.,(8,
    6,6,6,6,6,6,6,8),(0.,0.124157811058,0.250606746713,0.386802858523,
    0.50532922492,0.615668878185,0.750991374403,0.876636827939,1.),
  .UNSPECIFIED.);
#968 = CARTESIAN_POINT('',(622.65,-20.,529.));
#969 = CARTESIAN_POINT('',(622.65,-20.,529.35998292252));
#970 = CARTESIAN_POINT('',(622.59294962383,-19.99244060037,
    529.70891577054));
#971 = CARTESIAN_POINT('',(622.48514735726,-19.97815802963,
    530.03662459253));
#972 = CARTESIAN_POINT('',(622.33456590897,-19.9592097031,
    530.33493986079));
#973 = CARTESIAN_POINT('',(622.15083075695,-19.93828403216,
    530.59783915594));
#974 = CARTESIAN_POINT('',(621.94511542042,-19.91770669469,
    530.82200019523));
#975 = CARTESIAN_POINT('',(621.51087181628,-19.87995444435,
    531.19623071973));
#976 = CARTESIAN_POINT('',(621.27563589167,-19.86229676093,
    531.35033437418));
#977 = CARTESIAN_POINT('',(621.02966417849,-19.84725160102,
    531.47138331866));
#978 = CARTESIAN_POINT('',(620.77665817492,-19.8355621361,
    531.56096607542));
#979 = CARTESIAN_POINT('',(620.51931513649,-19.82763165359,
    531.62029017831));
#980 = CARTESIAN_POINT('',(620.25977878734,-19.82366010604,531.65));
#981 = CARTESIAN_POINT('',(619.72019645256,-19.82366010604,531.65));
#982 = CARTESIAN_POINT('',(619.44075128775,-19.8282674309,
    531.61553382851));
#983 = CARTESIAN_POINT('',(619.16403582268,-19.83746240342,
    531.54675224797));
#984 = CARTESIAN_POINT('',(618.89270931102,-19.85097733552,
    531.44277093534));
#985 = CARTESIAN_POINT('',(618.63024123601,-19.86827600856,
    531.30194888095));
#986 = CARTESIAN_POINT('',(618.38156144111,-19.88832741404,
    531.12217359668));
#987 = CARTESIAN_POINT('',(617.95622322745,-19.92776177192,
    530.7092582324));
#988 = CARTESIAN_POINT('',(617.76878002503,-19.94741556742,
    530.48060517188));
#989 = CARTESIAN_POINT('',(617.60411198312,-19.96679275182,
    530.21644663714));
#990 = CARTESIAN_POINT('',(617.47265605811,-19.98366479637,
    529.92093985956));
#991 = CARTESIAN_POINT('',(617.38284750997,-19.99565522961,
    529.60074736968));
#992 = CARTESIAN_POINT('',(617.34099912485,-20.00119206812,
    529.26433544988));
#993 = CARTESIAN_POINT('',(617.36062636037,-19.99859258147,
    528.60228979376));
#994 = CARTESIAN_POINT('',(617.41470871898,-19.99143478895,
    528.29290849669));
#995 = CARTESIAN_POINT('',(617.50890759445,-19.97905676209,528.00058901)
  );
#996 = CARTESIAN_POINT('',(617.63747151262,-19.96290606915,
    527.73134154444));
#997 = CARTESIAN_POINT('',(617.79344004264,-19.9448512758,
    527.48974956888));
#998 = CARTESIAN_POINT('',(617.9687124893,-19.92660385568,527.2786172795
    ));
#999 = CARTESIAN_POINT('',(618.38155106304,-19.88832837622,
    526.87783647826));
#1000 = CARTESIAN_POINT('',(618.63023660013,-19.86827615802,
    526.69804995938));
#1001 = CARTESIAN_POINT('',(618.8927192163,-19.85097633428,
    526.55722158988));
#1002 = CARTESIAN_POINT('',(619.16405247676,-19.83746172688,
    526.45324264836));
#1003 = CARTESIAN_POINT('',(619.44076392809,-19.82826733021,
    526.38446542248));
#1004 = CARTESIAN_POINT('',(619.72019950583,-19.82366010604,526.35));
#1005 = CARTESIAN_POINT('',(620.25979169001,-19.82366010604,526.35));
#1006 = CARTESIAN_POINT('',(620.51933344669,-19.82763203253,
    526.37971268961));
#1007 = CARTESIAN_POINT('',(620.77667248875,-19.83556293788,
    526.43903983688));
#1008 = CARTESIAN_POINT('',(621.02966703988,-19.84725210345,
    526.52862098089));
#1009 = CARTESIAN_POINT('',(621.27562737877,-19.86229628617,
    526.64966285088));
#1010 = CARTESIAN_POINT('',(621.51086166554,-19.87995356187,
    526.80376053237));
#1011 = CARTESIAN_POINT('',(621.94511542042,-19.91770669469,
    527.17799980476));
#1012 = CARTESIAN_POINT('',(622.15083075695,-19.93828403216,
    527.40216084406));
#1013 = CARTESIAN_POINT('',(622.33456590897,-19.9592097031,
    527.6650601392));
#1014 = CARTESIAN_POINT('',(622.48514735726,-19.97815802963,
    527.96337540747));
#1015 = CARTESIAN_POINT('',(622.59294962383,-19.99244060037,
    528.29108422945));
#1016 = CARTESIAN_POINT('',(622.65,-20.,528.64001707747));
#1017 = CARTESIAN_POINT('',(622.65,-20.,529.));
#1018 = PCURVE('',#32,#1019);
#1019 = DEFINITIONAL_REPRESENTATION('',(#1020),#1071);
#1020 = B_SPLINE_CURVE_WITH_KNOTS('',7,(#1021,#1022,#1023,#1024,#1025,
    #1026,#1027,#1028,#1029,#1030,#1031,#1032,#1033,#1034,#1035,#1036,
    #1037,#1038,#1039,#1040,#1041,#1042,#1043,#1044,#1045,#1046,#1047,
    #1048,#1049,#1050,#1051,#1052,#1053,#1054,#1055,#1056,#1057,#1058,
    #1059,#1060,#1061,#1062,#1063,#1064,#1065,#1066,#1067,#1068,#1069,
    #1070),.UNSPECIFIED.,.T.,.F.,(8,6,6,6,6,6,6,6,8),(0.,0.124157811058,
    0.250606746713,0.386802858523,0.50532922492,0.615668878185,
    0.750991374403,0.876636827939,1.),.UNSPECIFIED.);
#1021 = CARTESIAN_POINT('',(4.712388980385,387.65));
#1022 = CARTESIAN_POINT('',(4.694389834259,387.65));
#1023 = CARTESIAN_POINT('',(4.676943182311,387.59294962383));
#1024 = CARTESIAN_POINT('',(4.660548270867,387.48514735726));
#1025 = CARTESIAN_POINT('',(4.64560640234,387.33456590897));
#1026 = CARTESIAN_POINT('',(4.632421440997,387.15083075695));
#1027 = CARTESIAN_POINT('',(4.6211667281,386.94511542042));
#1028 = CARTESIAN_POINT('',(4.602360232023,386.51087181628));
#1029 = CARTESIAN_POINT('',(4.594605343517,386.27563589167));
#1030 = CARTESIAN_POINT('',(4.588506562514,386.02966417849));
#1031 = CARTESIAN_POINT('',(4.583989483417,385.77665817492));
#1032 = CARTESIAN_POINT('',(4.580996889074,385.51931513649));
#1033 = CARTESIAN_POINT('',(4.579498184513,385.25977878734));
#1034 = CARTESIAN_POINT('',(4.579498184513,384.72019645256));
#1035 = CARTESIAN_POINT('',(4.581236821483,384.44075128775));
#1036 = CARTESIAN_POINT('',(4.584706499154,384.16403582268));
#1037 = CARTESIAN_POINT('',(4.589949247047,383.89270931102));
#1038 = CARTESIAN_POINT('',(4.597042911842,383.63024123601));
#1039 = CARTESIAN_POINT('',(4.606086277082,383.38156144111));
#1040 = CARTESIAN_POINT('',(4.626825983362,382.95622322745));
#1041 = CARTESIAN_POINT('',(4.638300267813,382.76878002503));
#1042 = CARTESIAN_POINT('',(4.651541998983,382.60411198312));
#1043 = CARTESIAN_POINT('',(4.666337380586,382.47265605811));
#1044 = CARTESIAN_POINT('',(4.6823526954,382.38284750997));
#1045 = CARTESIAN_POINT('',(4.699172085832,382.34099912485));
#1046 = CARTESIAN_POINT('',(4.732274623805,382.36062636037));
#1047 = CARTESIAN_POINT('',(4.747744979268,382.41470871898));
#1048 = CARTESIAN_POINT('',(4.762369884166,382.50890759445));
#1049 = CARTESIAN_POINT('',(4.775853489169,382.63747151262));
#1050 = CARTESIAN_POINT('',(4.787965425693,382.79344004264));
#1051 = CARTESIAN_POINT('',(4.798560960127,382.9687124893));
#1052 = CARTESIAN_POINT('',(4.818691177648,383.38155106304));
#1053 = CARTESIAN_POINT('',(4.827735105895,383.63023660013));
#1054 = CARTESIAN_POINT('',(4.834829090445,383.8927192163));
#1055 = CARTESIAN_POINT('',(4.840071719216,384.16405247676));
#1056 = CARTESIAN_POINT('',(4.843541177022,384.44076392809));
#1057 = CARTESIAN_POINT('',(4.845279776257,384.72019950583));
#1058 = CARTESIAN_POINT('',(4.845279776257,385.25979169001));
#1059 = CARTESIAN_POINT('',(4.843780927125,385.51933344669));
#1060 = CARTESIAN_POINT('',(4.840788178863,385.77667248875));
#1061 = CARTESIAN_POINT('',(4.836271182061,386.02966703988));
#1062 = CARTESIAN_POINT('',(4.830172757664,386.27562737877));
#1063 = CARTESIAN_POINT('',(4.822418168361,386.51086166554));
#1064 = CARTESIAN_POINT('',(4.80361123267,386.94511542042));
#1065 = CARTESIAN_POINT('',(4.792356519772,387.15083075695));
#1066 = CARTESIAN_POINT('',(4.779171558429,387.33456590897));
#1067 = CARTESIAN_POINT('',(4.764229689902,387.48514735726));
#1068 = CARTESIAN_POINT('',(4.747834778458,387.59294962383));
#1069 = CARTESIAN_POINT('',(4.730388126511,387.65));
#1070 = CARTESIAN_POINT('',(4.712388980385,387.65));
#1071 = ( GEOMETRIC_REPRESENTATION_CONTEXT(2) 
PARAMETRIC_REPRESENTATION_CONTEXT() REPRESENTATION_CONTEXT('2D SPACE',''
  ) );
#1072 = PCURVE('',#1073,#1078);
#1073 = CYLINDRICAL_SURFACE('',#1074,2.65);
#1074 = AXIS2_PLACEMENT_3D('',#1075,#1076,#1077);
#1075 = CARTESIAN_POINT('',(620.,40.,529.));
#1076 = DIRECTION('',(0.,-1.,2.22044604925E-16));
#1077 = DIRECTION('',(1.,0.,0.));
#1078 = DEFINITIONAL_REPRESENTATION('',(#1079),#1130);
#1079 = B_SPLINE_CURVE_WITH_KNOTS('',7,(#1080,#1081,#1082,#1083,#1084,
    #1085,#1086,#1087,#1088,#1089,#1090,#1091,#1092,#1093,#1094,#1095,
    #1096,#1097,#1098,#1099,#1100,#1101,#1102,#1103,#1104,#1105,#1106,
    #1107,#1108,#1109,#1110,#1111,#1112,#1113,#1114,#1115,#1116,#1117,
    #1118,#1119,#1120,#1121,#1122,#1123,#1124,#1125,#1126,#1127,#1128,
    #1129),.UNSPECIFIED.,.F.,.F.,(8,6,6,6,6,6,6,6,8),(0.,0.124157811058,
    0.250606746713,0.386802858523,0.50532922492,0.615668878185,
    0.750991374403,0.876636827939,1.),.UNSPECIFIED.);
#1080 = CARTESIAN_POINT('',(0.,60.));
#1081 = CARTESIAN_POINT('',(0.135842612272,60.));
#1082 = CARTESIAN_POINT('',(0.267515330478,59.992440600377));
#1083 = CARTESIAN_POINT('',(0.395273395012,59.978158029633));
#1084 = CARTESIAN_POINT('',(0.518998474659,59.9592097031));
#1085 = CARTESIAN_POINT('',(0.638294681316,59.938284032162));
#1086 = CARTESIAN_POINT('',(0.752320717877,59.917706694695));
#1087 = CARTESIAN_POINT('',(0.968641614357,59.879954444355));
#1088 = CARTESIAN_POINT('',(1.073847822718,59.862296760934));
#1089 = CARTESIAN_POINT('',(1.176102909613,59.847251601029));
#1090 = CARTESIAN_POINT('',(1.276178513739,59.835562136103));
#1091 = CARTESIAN_POINT('',(1.374828497129,59.827631653599));
#1092 = CARTESIAN_POINT('',(1.472766595723,59.823660106045));
#1093 = CARTESIAN_POINT('',(1.676382571111,59.823660106045));
#1094 = CARTESIAN_POINT('',(1.781833239375,59.828267430909));
#1095 = CARTESIAN_POINT('',(1.888178354025,59.837462403426));
#1096 = CARTESIAN_POINT('',(1.996308460458,59.850977335528));
#1097 = CARTESIAN_POINT('',(2.10718182833,59.868276008564));
#1098 = CARTESIAN_POINT('',(2.221767811056,59.888327414042));
#1099 = CARTESIAN_POINT('',(2.445465877814,59.92776177192));
#1100 = CARTESIAN_POINT('',(2.556319057159,59.947415567427));
#1101 = CARTESIAN_POINT('',(2.672178822227,59.966792751821));
#1102 = CARTESIAN_POINT('',(2.792053665205,59.983664796371));
#1103 = CARTESIAN_POINT('',(2.915366974179,59.995655229619));
#1104 = CARTESIAN_POINT('',(3.041790920881,60.001192068127));
#1105 = CARTESIAN_POINT('',(3.291729234142,59.998592581474));
#1106 = CARTESIAN_POINT('',(3.409030337051,59.991434788953));
#1107 = CARTESIAN_POINT('',(3.52320244738,59.979056762091));
#1108 = CARTESIAN_POINT('',(3.634089004185,59.962906069155));
#1109 = CARTESIAN_POINT('',(3.741335542738,59.944851275802));
#1110 = CARTESIAN_POINT('',(3.844287905091,59.926603855689));
#1111 = CARTESIAN_POINT('',(4.061412037988,59.888328376223));
#1112 = CARTESIAN_POINT('',(4.176002517903,59.868276158021));
#1113 = CARTESIAN_POINT('',(4.286881158107,59.850976334289));
#1114 = CARTESIAN_POINT('',(4.395013340551,59.837461726882));
#1115 = CARTESIAN_POINT('',(4.501356825286,59.828267330215));
#1116 = CARTESIAN_POINT('',(4.606803888246,59.823660106045));
#1117 = CARTESIAN_POINT('',(4.81042358039,59.823660106045));
#1118 = CARTESIAN_POINT('',(4.908363693433,59.827632032537));
#1119 = CARTESIAN_POINT('',(5.007012469467,59.835562937882));
#1120 = CARTESIAN_POINT('',(5.107083968434,59.847252103453));
#1121 = CARTESIAN_POINT('',(5.209334370488,59.862296286175));
#1122 = CARTESIAN_POINT('',(5.314538636175,59.87995356187));
#1123 = CARTESIAN_POINT('',(5.530864589302,59.917706694695));
#1124 = CARTESIAN_POINT('',(5.644890625864,59.938284032162));
#1125 = CARTESIAN_POINT('',(5.76418683252,59.9592097031));
#1126 = CARTESIAN_POINT('',(5.887911912168,59.978158029633));
#1127 = CARTESIAN_POINT('',(6.015669976701,59.992440600377));
#1128 = CARTESIAN_POINT('',(6.147342694907,60.));
#1129 = CARTESIAN_POINT('',(6.28318530718,60.));
#1130 = ( GEOMETRIC_REPRESENTATION_CONTEXT(2) 
PARAMETRIC_REPRESENTATION_CONTEXT() REPRESENTATION_CONTEXT('2D SPACE',''
  ) );
#1131 = ADVANCED_FACE('',(#1132,#1135),#94,.F.);
#1132 = FACE_BOUND('',#1133,.F.);
#1133 = EDGE_LOOP('',(#1134));
#1134 = ORIENTED_EDGE('',*,*,#79,.T.);
#1135 = FACE_BOUND('',#1136,.F.);
#1136 = EDGE_LOOP('',(#1137));
#1137 = ORIENTED_EDGE('',*,*,#1138,.F.);
#1138 = EDGE_CURVE('',#1139,#1139,#1141,.T.);
#1139 = VERTEX_POINT('',#1140);
#1140 = CARTESIAN_POINT('',(235.,-4.40872847693E-15,511.));
#1141 = SURFACE_CURVE('',#1142,(#1147,#1154),.PCURVE_S1.);
#1142 = CIRCLE('',#1143,18.);
#1143 = AXIS2_PLACEMENT_3D('',#1144,#1145,#1146);
#1144 = CARTESIAN_POINT('',(235.,0.,529.));
#1145 = DIRECTION('',(1.,0.,2.22044604925E-16));
#1146 = DIRECTION('',(2.22044604925E-16,0.,-1.));
#1147 = PCURVE('',#94,#1148);
#1148 = DEFINITIONAL_REPRESENTATION('',(#1149),#1153);
#1149 = CIRCLE('',#1150,18.);
#1150 = AXIS2_PLACEMENT_2D('',#1151,#1152);
#1151 = CARTESIAN_POINT('',(0.,0.));
#1152 = DIRECTION('',(1.,0.));
#1153 = ( GEOMETRIC_REPRESENTATION_CONTEXT(2) 
PARAMETRIC_REPRESENTATION_CONTEXT() REPRESENTATION_CONTEXT('2D SPACE',''
  ) );
#1154 = PCURVE('',#1155,#1160);
#1155 = CYLINDRICAL_SURFACE('',#1156,18.);
#1156 = AXIS2_PLACEMENT_3D('',#1157,#1158,#1159);
#1157 = CARTESIAN_POINT('',(234.,0.,529.));
#1158 = DIRECTION('',(1.,0.,2.22044604925E-16));
#1159 = DIRECTION('',(2.22044604925E-16,0.,-1.));
#1160 = DEFINITIONAL_REPRESENTATION('',(#1161),#1165);
#1161 = LINE('',#1162,#1163);
#1162 = CARTESIAN_POINT('',(0.,1.));
#1163 = VECTOR('',#1164,1.);
#1164 = DIRECTION('',(1.,0.));
#1165 = ( GEOMETRIC_REPRESENTATION_CONTEXT(2) 
PARAMETRIC_REPRESENTATION_CONTEXT() REPRESENTATION_CONTEXT('2D SPACE',''
  ) );
#1166 = ADVANCED_FACE('',(#1167,#1170),#66,.T.);
#1167 = FACE_BOUND('',#1168,.T.);
#1168 = EDGE_LOOP('',(#1169));
#1169 = ORIENTED_EDGE('',*,*,#51,.T.);
#1170 = FACE_BOUND('',#1171,.T.);
#1171 = EDGE_LOOP('',(#1172));
#1172 = ORIENTED_EDGE('',*,*,#1173,.F.);
#1173 = EDGE_CURVE('',#1174,#1174,#1176,.T.);
#1174 = VERTEX_POINT('',#1175);
#1175 = CARTESIAN_POINT('',(640.,-4.40872847693E-15,511.));
#1176 = SURFACE_CURVE('',#1177,(#1182,#1189),.PCURVE_S1.);
#1177 = CIRCLE('',#1178,18.);
#1178 = AXIS2_PLACEMENT_3D('',#1179,#1180,#1181);
#1179 = CARTESIAN_POINT('',(640.,0.,529.));
#1180 = DIRECTION('',(1.,0.,2.22044604925E-16));
#1181 = DIRECTION('',(2.22044604925E-16,0.,-1.));
#1182 = PCURVE('',#66,#1183);
#1183 = DEFINITIONAL_REPRESENTATION('',(#1184),#1188);
#1184 = CIRCLE('',#1185,18.);
#1185 = AXIS2_PLACEMENT_2D('',#1186,#1187);
#1186 = CARTESIAN_POINT('',(0.,0.));
#1187 = DIRECTION('',(1.,0.));
#1188 = ( GEOMETRIC_REPRESENTATION_CONTEXT(2) 
PARAMETRIC_REPRESENTATION_CONTEXT() REPRESENTATION_CONTEXT('2D SPACE',''
  ) );
#1189 = PCURVE('',#1155,#1190);
#1190 = DEFINITIONAL_REPRESENTATION('',(#1191),#1195);
#1191 = LINE('',#1192,#1193);
#1192 = CARTESIAN_POINT('',(0.,406.));
#1193 = VECTOR('',#1194,1.);
#1194 = DIRECTION('',(1.,0.));
#1195 = ( GEOMETRIC_REPRESENTATION_CONTEXT(2) 
PARAMETRIC_REPRESENTATION_CONTEXT() REPRESENTATION_CONTEXT('2D SPACE',''
  ) );
#1196 = ADVANCED_FACE('',(#1197),#218,.F.);
#1197 = FACE_BOUND('',#1198,.F.);
#1198 = EDGE_LOOP('',(#1199,#1363,#1384,#1385));
#1199 = ORIENTED_EDGE('',*,*,#1200,.F.);
#1200 = EDGE_CURVE('',#1201,#1201,#1203,.T.);
#1201 = VERTEX_POINT('',#1202);
#1202 = CARTESIAN_POINT('',(247.65,18.,529.));
#1203 = SURFACE_CURVE('',#1204,(#1255,#1309),.PCURVE_S1.);
#1204 = B_SPLINE_CURVE_WITH_KNOTS('',7,(#1205,#1206,#1207,#1208,#1209,
    #1210,#1211,#1212,#1213,#1214,#1215,#1216,#1217,#1218,#1219,#1220,
    #1221,#1222,#1223,#1224,#1225,#1226,#1227,#1228,#1229,#1230,#1231,
    #1232,#1233,#1234,#1235,#1236,#1237,#1238,#1239,#1240,#1241,#1242,
    #1243,#1244,#1245,#1246,#1247,#1248,#1249,#1250,#1251,#1252,#1253,
    #1254),.UNSPECIFIED.,.T.,.F.,(8,6,6,6,6,6,6,6,8),(0.,0.119441761399,
    0.250717923851,0.38685019413,0.505344765901,0.615652364283,
    0.750900902315,0.881333027714,1.),.UNSPECIFIED.);
#1205 = CARTESIAN_POINT('',(247.65,18.,529.));
#1206 = CARTESIAN_POINT('',(247.65,18.,529.34569381941));
#1207 = CARTESIAN_POINT('',(247.59738870723,17.992254212993,
    529.68166774141));
#1208 = CARTESIAN_POINT('',(247.4974870384,17.977547743593,
    529.99866138343));
#1209 = CARTESIAN_POINT('',(247.35728743361,17.957851433688,
    530.28904293311));
#1210 = CARTESIAN_POINT('',(247.18541003937,17.935813769667,
    530.54703887503));
#1211 = CARTESIAN_POINT('',(246.99202168563,17.913813825708,
    530.76926042863));
#1212 = CARTESIAN_POINT('',(246.56524341112,17.871151358157,
    531.15968478179));
#1213 = CARTESIAN_POINT('',(246.32319491424,17.850178252547,
    531.32638575402));
#1214 = CARTESIAN_POINT('',(246.0689031335,17.832188115386,
    531.45719041309));
#1215 = CARTESIAN_POINT('',(245.80665090797,17.818164879586,
    531.55390768154));
#1216 = CARTESIAN_POINT('',(245.53951502747,17.808635545381,
    531.61792858946));
#1217 = CARTESIAN_POINT('',(245.26990671799,17.803861940602,531.65));
#1218 = CARTESIAN_POINT('',(244.72010901599,17.803861940602,531.65));
#1219 = CARTESIAN_POINT('',(244.44058185666,17.808995165558,
    531.6155122756));
#1220 = CARTESIAN_POINT('',(244.1638123821,17.819239302567,
    531.54669010814));
#1221 = CARTESIAN_POINT('',(243.89247796343,17.834291678301,
    531.4426651316));
#1222 = CARTESIAN_POINT('',(243.63005387857,17.853546740627,
    531.3018220771));
#1223 = CARTESIAN_POINT('',(243.38145978394,17.87585096117,
    531.12207490862));
#1224 = CARTESIAN_POINT('',(242.95627201319,17.919698345684,
    530.70930559325));
#1225 = CARTESIAN_POINT('',(242.76885962747,17.941549633136,
    530.48070549341));
#1226 = CARTESIAN_POINT('',(242.60420408812,17.963088535474,
    530.21660216998));
#1227 = CARTESIAN_POINT('',(242.4727361653,17.981838318676,
    529.9211424849));
#1228 = CARTESIAN_POINT('',(242.38288859286,17.99516637798,
    529.6009628537));
#1229 = CARTESIAN_POINT('',(242.3409944681,18.001325207974,
    529.26449252653));
#1230 = CARTESIAN_POINT('',(242.36063048467,17.998435592038,
    528.60215067719));
#1231 = CARTESIAN_POINT('',(242.41475346143,17.990476462827,
    528.29271966618));
#1232 = CARTESIAN_POINT('',(242.50898373986,17.976718214975,
    528.00041366361));
#1233 = CARTESIAN_POINT('',(242.63755399901,17.95876906257,
    527.73121052147));
#1234 = CARTESIAN_POINT('',(242.79350616503,17.938699804201,
    527.4896696886));
#1235 = CARTESIAN_POINT('',(242.96874795474,17.918411767274,
    527.27858284991));
#1236 = CARTESIAN_POINT('',(243.38144933957,17.875852038243,
    526.87793523069));
#1237 = CARTESIAN_POINT('',(243.63004921037,17.853546909132,
    526.69817676241));
#1238 = CARTESIAN_POINT('',(243.89248788987,17.834290560881,
    526.55732737337));
#1239 = CARTESIAN_POINT('',(244.16382911237,17.819238543447,
    526.45330474599));
#1240 = CARTESIAN_POINT('',(244.44059465129,17.808995045802,
    526.38448692502));
#1241 = CARTESIAN_POINT('',(244.72011227482,17.803861940602,526.35));
#1242 = CARTESIAN_POINT('',(245.26992048415,17.803861940602,526.35));
#1243 = CARTESIAN_POINT('',(245.53953623545,17.808636007346,
    526.38207456641));
#1244 = CARTESIAN_POINT('',(245.80666844642,17.818165987173,
    526.44609962558));
#1245 = CARTESIAN_POINT('',(246.0689068026,17.832188856334,
    526.5428152613));
#1246 = CARTESIAN_POINT('',(246.32318405032,17.850177547913,
    526.67361069497));
#1247 = CARTESIAN_POINT('',(246.56523052873,17.871150070382,
    526.84030343316));
#1248 = CARTESIAN_POINT('',(246.99202168562,17.913813825707,
    527.23073957135));
#1249 = CARTESIAN_POINT('',(247.18541003938,17.935813769669,
    527.45296112497));
#1250 = CARTESIAN_POINT('',(247.35728743361,17.957851433689,
    527.7109570669));
#1251 = CARTESIAN_POINT('',(247.49748703839,17.977547743591,
    528.00133861655));
#1252 = CARTESIAN_POINT('',(247.59738870724,17.992254212994,
    528.31833225857));
#1253 = CARTESIAN_POINT('',(247.65,18.,528.6543061806));
#1254 = CARTESIAN_POINT('',(247.65,18.,529.));
#1255 = PCURVE('',#218,#1256);
#1256 = DEFINITIONAL_REPRESENTATION('',(#1257),#1308);
#1257 = B_SPLINE_CURVE_WITH_KNOTS('',7,(#1258,#1259,#1260,#1261,#1262,
    #1263,#1264,#1265,#1266,#1267,#1268,#1269,#1270,#1271,#1272,#1273,
    #1274,#1275,#1276,#1277,#1278,#1279,#1280,#1281,#1282,#1283,#1284,
    #1285,#1286,#1287,#1288,#1289,#1290,#1291,#1292,#1293,#1294,#1295,
    #1296,#1297,#1298,#1299,#1300,#1301,#1302,#1303,#1304,#1305,#1306,
    #1307),.UNSPECIFIED.,.F.,.F.,(8,6,6,6,6,6,6,6,8),(0.,0.119441761399,
    0.250717923851,0.38685019413,0.505344765901,0.615652364283,
    0.750900902315,0.881333027714,1.),.UNSPECIFIED.);
#1258 = CARTESIAN_POINT('',(0.,22.));
#1259 = CARTESIAN_POINT('',(0.130450497892,22.));
#1260 = CARTESIAN_POINT('',(0.257233008949,22.007745787007));
#1261 = CARTESIAN_POINT('',(0.380479470561,22.022452256407));
#1262 = CARTESIAN_POINT('',(0.500017548358,22.042148566312));
#1263 = CARTESIAN_POINT('',(0.61542316061,22.064186230333));
#1264 = CARTESIAN_POINT('',(0.725870067873,22.086186174292));
#1265 = CARTESIAN_POINT('',(0.944142149183,22.128848641843));
#1266 = CARTESIAN_POINT('',(1.053995813713,22.149821747453));
#1267 = CARTESIAN_POINT('',(1.160552057459,22.167811884614));
#1268 = CARTESIAN_POINT('',(1.264673203119,22.181835120414));
#1269 = CARTESIAN_POINT('',(1.367205954481,22.191364454619));
#1270 = CARTESIAN_POINT('',(1.468944735097,22.196138059398));
#1271 = CARTESIAN_POINT('',(1.676415566041,22.196138059398));
#1272 = CARTESIAN_POINT('',(1.78189717876,22.191004834442));
#1273 = CARTESIAN_POINT('',(1.888264462316,22.180760697433));
#1274 = CARTESIAN_POINT('',(1.996402644716,22.165708321699));
#1275 = CARTESIAN_POINT('',(2.10726588915,22.146453259373));
#1276 = CARTESIAN_POINT('',(2.221821275595,22.12414903883));
#1277 = CARTESIAN_POINT('',(2.445440219935,22.080301654316));
#1278 = CARTESIAN_POINT('',(2.556271131231,22.058450366864));
#1279 = CARTESIAN_POINT('',(2.672111651611,22.036911464526));
#1280 = CARTESIAN_POINT('',(2.791973270084,22.018161681324));
#1281 = CARTESIAN_POINT('',(2.915286153751,22.00483362202));
#1282 = CARTESIAN_POINT('',(3.04173162063,21.998674792026));
#1283 = CARTESIAN_POINT('',(3.291781754027,22.001564407962));
#1284 = CARTESIAN_POINT('',(3.409102064951,22.009523537173));
#1285 = CARTESIAN_POINT('',(3.523273164547,22.023281785025));
#1286 = CARTESIAN_POINT('',(3.634146634047,22.04123093743));
#1287 = CARTESIAN_POINT('',(3.741374445667,22.061300195799));
#1288 = CARTESIAN_POINT('',(3.844306557422,22.081588232726));
#1289 = CARTESIAN_POINT('',(4.06135853858,22.124147961757));
#1290 = CARTESIAN_POINT('',(4.175918448526,22.146453090868));
#1291 = CARTESIAN_POINT('',(4.286786983012,22.165709439119));
#1292 = CARTESIAN_POINT('',(4.394927265533,22.180761456553));
#1293 = CARTESIAN_POINT('',(4.501292944076,22.191004954198));
#1294 = CARTESIAN_POINT('',(4.606770970885,22.196138059398));
#1295 = CARTESIAN_POINT('',(4.81424576686,22.196138059398));
#1296 = CARTESIAN_POINT('',(4.915987317605,22.191363992654));
#1297 = CARTESIAN_POINT('',(5.018519053663,22.181834012827));
#1298 = CARTESIAN_POINT('',(5.122635282524,22.167811143666));
#1299 = CARTESIAN_POINT('',(5.22918556782,22.149822452087));
#1300 = CARTESIAN_POINT('',(5.339036569409,22.128849929618));
#1301 = CARTESIAN_POINT('',(5.5573152393,22.086186174293));
#1302 = CARTESIAN_POINT('',(5.667762146577,22.064186230331));
#1303 = CARTESIAN_POINT('',(5.783167758825,22.042148566311));
#1304 = CARTESIAN_POINT('',(5.902705836614,22.022452256409));
#1305 = CARTESIAN_POINT('',(6.025952298225,22.007745787006));
#1306 = CARTESIAN_POINT('',(6.152734809294,22.));
#1307 = CARTESIAN_POINT('',(6.28318530718,22.));
#1308 = ( GEOMETRIC_REPRESENTATION_CONTEXT(2) 
PARAMETRIC_REPRESENTATION_CONTEXT() REPRESENTATION_CONTEXT('2D SPACE',''
  ) );
#1309 = PCURVE('',#1155,#1310);
#1310 = DEFINITIONAL_REPRESENTATION('',(#1311),#1362);
#1311 = B_SPLINE_CURVE_WITH_KNOTS('',7,(#1312,#1313,#1314,#1315,#1316,
    #1317,#1318,#1319,#1320,#1321,#1322,#1323,#1324,#1325,#1326,#1327,
    #1328,#1329,#1330,#1331,#1332,#1333,#1334,#1335,#1336,#1337,#1338,
    #1339,#1340,#1341,#1342,#1343,#1344,#1345,#1346,#1347,#1348,#1349,
    #1350,#1351,#1352,#1353,#1354,#1355,#1356,#1357,#1358,#1359,#1360,
    #1361),.UNSPECIFIED.,.T.,.F.,(8,6,6,6,6,6,6,6,8),(0.,0.119441761399,
    0.250717923851,0.38685019413,0.505344765901,0.615652364283,
    0.750900902315,0.881333027714,1.),.UNSPECIFIED.);
#1312 = CARTESIAN_POINT('',(1.570796326795,13.65));
#1313 = CARTESIAN_POINT('',(1.590001538985,13.65));
#1314 = CARTESIAN_POINT('',(1.608666768222,13.597388707237));
#1315 = CARTESIAN_POINT('',(1.626289032561,13.497487038404));
#1316 = CARTESIAN_POINT('',(1.642453312829,13.357287433616));
#1317 = CARTESIAN_POINT('',(1.656836483632,13.18541003937));
#1318 = CARTESIAN_POINT('',(1.6692418278,12.992021685638));
#1319 = CARTESIAN_POINT('',(1.691061180242,12.565243411126));
#1320 = CARTESIAN_POINT('',(1.70039411278,12.323194914246));
#1321 = CARTESIAN_POINT('',(1.707729036402,12.068903133501));
#1322 = CARTESIAN_POINT('',(1.713158350306,11.806650907979));
#1323 = CARTESIAN_POINT('',(1.716754256427,11.539515027477));
#1324 = CARTESIAN_POINT('',(1.718555629215,11.269906717999));
#1325 = CARTESIAN_POINT('',(1.718555629215,10.720109015998));
#1326 = CARTESIAN_POINT('',(1.716618538422,10.440581856666));
#1327 = CARTESIAN_POINT('',(1.712752954548,10.163812382107));
#1328 = CARTESIAN_POINT('',(1.70691366727,9.892477963436));
#1329 = CARTESIAN_POINT('',(1.699016774172,9.630053878577));
#1330 = CARTESIAN_POINT('',(1.688955796951,9.381459783947));
#1331 = CARTESIAN_POINT('',(1.665895148194,8.956272013199));
#1332 = CARTESIAN_POINT('',(1.653137975591,8.768859627477));
#1333 = CARTESIAN_POINT('',(1.63841917014,8.604204088125));
#1334 = CARTESIAN_POINT('',(1.621977242979,8.472736165309));
#1335 = CARTESIAN_POINT('',(1.604181663796,8.382888592864));
#1336 = CARTESIAN_POINT('',(1.585490523564,8.340994468102));
#1337 = CARTESIAN_POINT('',(1.548693403974,8.360630484676));
#1338 = CARTESIAN_POINT('',(1.531501020587,8.414753461432));
#1339 = CARTESIAN_POINT('',(1.515249533715,8.508983739863));
#1340 = CARTESIAN_POINT('',(1.500264669156,8.637553999016));
#1341 = CARTESIAN_POINT('',(1.486801346427,8.79350616503));
#1342 = CARTESIAN_POINT('',(1.475020855394,8.968747954742));
#1343 = CARTESIAN_POINT('',(1.452637423103,9.381449339579));
#1344 = CARTESIAN_POINT('',(1.442575816355,9.630049210376));
#1345 = CARTESIAN_POINT('',(1.434678565816,9.892487889877));
#1346 = CARTESIAN_POINT('',(1.428839409813,10.163829112376));
#1347 = CARTESIAN_POINT('',(1.424974070334,10.440594651294));
#1348 = CARTESIAN_POINT('',(1.423037024375,10.720112274827));
#1349 = CARTESIAN_POINT('',(1.423037024375,11.269920484158));
#1350 = CARTESIAN_POINT('',(1.424838574236,11.539536235453));
#1351 = CARTESIAN_POINT('',(1.428434714174,11.80666844642));
#1352 = CARTESIAN_POINT('',(1.433863934632,12.068906802599));
#1353 = CARTESIAN_POINT('',(1.441198340461,12.323184050328));
#1354 = CARTESIAN_POINT('',(1.450530814726,12.565230528736));
#1355 = CARTESIAN_POINT('',(1.472350825789,12.992021685625));
#1356 = CARTESIAN_POINT('',(1.484756169958,13.185410039388));
#1357 = CARTESIAN_POINT('',(1.499139340762,13.357287433616));
#1358 = CARTESIAN_POINT('',(1.515303621028,13.497487038392));
#1359 = CARTESIAN_POINT('',(1.532925885367,13.597388707242));
#1360 = CARTESIAN_POINT('',(1.551591114606,13.65));
#1361 = CARTESIAN_POINT('',(1.570796326795,13.65));
#1362 = ( GEOMETRIC_REPRESENTATION_CONTEXT(2) 
PARAMETRIC_REPRESENTATION_CONTEXT() REPRESENTATION_CONTEXT('2D SPACE',''
  ) );
#1363 = ORIENTED_EDGE('',*,*,#1364,.F.);
#1364 = EDGE_CURVE('',#109,#1201,#1365,.T.);
#1365 = SEAM_CURVE('',#1366,(#1370,#1377),.PCURVE_S1.);
#1366 = LINE('',#1367,#1368);
#1367 = CARTESIAN_POINT('',(247.65,40.,529.));
#1368 = VECTOR('',#1369,1.);
#1369 = DIRECTION('',(0.,-1.,2.22044604925E-16));
#1370 = PCURVE('',#218,#1371);
#1371 = DEFINITIONAL_REPRESENTATION('',(#1372),#1376);
#1372 = LINE('',#1373,#1374);
#1373 = CARTESIAN_POINT('',(6.28318530718,-0.));
#1374 = VECTOR('',#1375,1.);
#1375 = DIRECTION('',(0.,1.));
#1376 = ( GEOMETRIC_REPRESENTATION_CONTEXT(2) 
PARAMETRIC_REPRESENTATION_CONTEXT() REPRESENTATION_CONTEXT('2D SPACE',''
  ) );
#1377 = PCURVE('',#218,#1378);
#1378 = DEFINITIONAL_REPRESENTATION('',(#1379),#1383);
#1379 = LINE('',#1380,#1381);
#1380 = CARTESIAN_POINT('',(0.,-0.));
#1381 = VECTOR('',#1382,1.);
#1382 = DIRECTION('',(0.,1.));
#1383 = ( GEOMETRIC_REPRESENTATION_CONTEXT(2) 
PARAMETRIC_REPRESENTATION_CONTEXT() REPRESENTATION_CONTEXT('2D SPACE',''
  ) );
#1384 = ORIENTED_EDGE('',*,*,#108,.T.);
#1385 = ORIENTED_EDGE('',*,*,#1364,.T.);
#1386 = ADVANCED_FACE('',(#1387),#389,.F.);
#1387 = FACE_BOUND('',#1388,.F.);
#1388 = EDGE_LOOP('',(#1389,#1553,#1574,#1575));
#1389 = ORIENTED_EDGE('',*,*,#1390,.F.);
#1390 = EDGE_CURVE('',#1391,#1391,#1393,.T.);
#1391 = VERTEX_POINT('',#1392);
#1392 = CARTESIAN_POINT('',(269.65,18.,529.));
#1393 = SURFACE_CURVE('',#1394,(#1445,#1499),.PCURVE_S1.);
#1394 = B_SPLINE_CURVE_WITH_KNOTS('',7,(#1395,#1396,#1397,#1398,#1399,
    #1400,#1401,#1402,#1403,#1404,#1405,#1406,#1407,#1408,#1409,#1410,
    #1411,#1412,#1413,#1414,#1415,#1416,#1417,#1418,#1419,#1420,#1421,
    #1422,#1423,#1424,#1425,#1426,#1427,#1428,#1429,#1430,#1431,#1432,
    #1433,#1434,#1435,#1436,#1437,#1438,#1439,#1440,#1441,#1442,#1443,
    #1444),.UNSPECIFIED.,.T.,.F.,(8,6,6,6,6,6,6,6,8),(0.,0.119441761396,
    0.250717923855,0.386850194139,0.505344765916,0.615652364277,
    0.750900902323,0.881333027736,1.),.UNSPECIFIED.);
#1395 = CARTESIAN_POINT('',(269.65,18.,529.));
#1396 = CARTESIAN_POINT('',(269.65,18.,529.34569381939));
#1397 = CARTESIAN_POINT('',(269.59738870724,17.992254212994,
    529.68166774143));
#1398 = CARTESIAN_POINT('',(269.49748703839,17.977547743591,
    529.99866138344));
#1399 = CARTESIAN_POINT('',(269.35728743361,17.957851433689,
    530.28904293309));
#1400 = CARTESIAN_POINT('',(269.18541003939,17.935813769669,
    530.54703887502));
#1401 = CARTESIAN_POINT('',(268.99202168562,17.913813825707,
    530.76926042864));
#1402 = CARTESIAN_POINT('',(268.56524341112,17.871151358157,
    531.15968478179));
#1403 = CARTESIAN_POINT('',(268.32319491424,17.850178252547,
    531.32638575402));
#1404 = CARTESIAN_POINT('',(268.0689031335,17.832188115386,
    531.45719041309));
#1405 = CARTESIAN_POINT('',(267.80665090797,17.818164879586,
    531.55390768154));
#1406 = CARTESIAN_POINT('',(267.53951502747,17.808635545381,
    531.61792858946));
#1407 = CARTESIAN_POINT('',(267.26990671799,17.803861940602,531.65));
#1408 = CARTESIAN_POINT('',(266.72010901599,17.803861940602,531.65));
#1409 = CARTESIAN_POINT('',(266.44058185666,17.808995165558,
    531.6155122756));
#1410 = CARTESIAN_POINT('',(266.1638123821,17.819239302567,
    531.54669010815));
#1411 = CARTESIAN_POINT('',(265.89247796343,17.834291678301,
    531.4426651316));
#1412 = CARTESIAN_POINT('',(265.63005387857,17.853546740627,
    531.3018220771));
#1413 = CARTESIAN_POINT('',(265.38145978394,17.87585096117,
    531.12207490862));
#1414 = CARTESIAN_POINT('',(264.9562720132,17.919698345684,
    530.70930559325));
#1415 = CARTESIAN_POINT('',(264.76885962747,17.941549633136,
    530.48070549341));
#1416 = CARTESIAN_POINT('',(264.60420408812,17.963088535474,
    530.21660216998));
#1417 = CARTESIAN_POINT('',(264.4727361653,17.981838318676,
    529.9211424849));
#1418 = CARTESIAN_POINT('',(264.38288859286,17.99516637798,
    529.6009628537));
#1419 = CARTESIAN_POINT('',(264.3409944681,18.001325207974,
    529.26449252653));
#1420 = CARTESIAN_POINT('',(264.36063048467,17.998435592038,
    528.60215067726));
#1421 = CARTESIAN_POINT('',(264.41475346141,17.99047646283,
    528.29271966611));
#1422 = CARTESIAN_POINT('',(264.50898373991,17.976718214966,
    528.00041366356));
#1423 = CARTESIAN_POINT('',(264.63755399901,17.958769062574,
    527.73121052153));
#1424 = CARTESIAN_POINT('',(264.79350616495,17.938699804208,
    527.48966968865));
#1425 = CARTESIAN_POINT('',(264.96874795479,17.918411767269,
    527.27858284985));
#1426 = CARTESIAN_POINT('',(265.38144933957,17.875852038243,
    526.87793523069));
#1427 = CARTESIAN_POINT('',(265.63004921037,17.853546909132,
    526.69817676241));
#1428 = CARTESIAN_POINT('',(265.89248788987,17.834290560881,
    526.55732737337));
#1429 = CARTESIAN_POINT('',(266.16382911237,17.819238543447,
    526.45330474599));
#1430 = CARTESIAN_POINT('',(266.44059465129,17.808995045802,
    526.38448692502));
#1431 = CARTESIAN_POINT('',(266.72011227482,17.803861940602,526.35));
#1432 = CARTESIAN_POINT('',(267.26992048415,17.803861940602,526.35));
#1433 = CARTESIAN_POINT('',(267.53953623545,17.808636007346,
    526.38207456641));
#1434 = CARTESIAN_POINT('',(267.80666844642,17.818165987173,
    526.44609962558));
#1435 = CARTESIAN_POINT('',(268.06890680259,17.832188856334,
    526.54281526129));
#1436 = CARTESIAN_POINT('',(268.32318405032,17.850177547913,
    526.67361069497));
#1437 = CARTESIAN_POINT('',(268.56523052873,17.871150070382,
    526.84030343316));
#1438 = CARTESIAN_POINT('',(268.99202168556,17.913813825701,
    527.23073957129));
#1439 = CARTESIAN_POINT('',(269.18541003947,17.935813769676,
    527.45296112502));
#1440 = CARTESIAN_POINT('',(269.35728743361,17.957851433693,
    527.71095706696));
#1441 = CARTESIAN_POINT('',(269.49748703834,17.977547743582,
    528.0013386165));
#1442 = CARTESIAN_POINT('',(269.59738870726,17.992254212998,
    528.31833225849));
#1443 = CARTESIAN_POINT('',(269.65,18.,528.65430618068));
#1444 = CARTESIAN_POINT('',(269.65,18.,529.));
#1445 = PCURVE('',#389,#1446);
#1446 = DEFINITIONAL_REPRESENTATION('',(#1447),#1498);
#1447 = B_SPLINE_CURVE_WITH_KNOTS('',7,(#1448,#1449,#1450,#1451,#1452,
    #1453,#1454,#1455,#1456,#1457,#1458,#1459,#1460,#1461,#1462,#1463,
    #1464,#1465,#1466,#1467,#1468,#1469,#1470,#1471,#1472,#1473,#1474,
    #1475,#1476,#1477,#1478,#1479,#1480,#1481,#1482,#1483,#1484,#1485,
    #1486,#1487,#1488,#1489,#1490,#1491,#1492,#1493,#1494,#1495,#1496,
    #1497),.UNSPECIFIED.,.F.,.F.,(8,6,6,6,6,6,6,6,8),(0.,0.119441761396,
    0.250717923855,0.386850194139,0.505344765916,0.615652364277,
    0.750900902323,0.881333027736,1.),.UNSPECIFIED.);
#1448 = CARTESIAN_POINT('',(0.,22.));
#1449 = CARTESIAN_POINT('',(0.130450497885,22.));
#1450 = CARTESIAN_POINT('',(0.257233008956,22.007745787006));
#1451 = CARTESIAN_POINT('',(0.380479470565,22.022452256409));
#1452 = CARTESIAN_POINT('',(0.500017548355,22.042148566311));
#1453 = CARTESIAN_POINT('',(0.6154231606,22.064186230331));
#1454 = CARTESIAN_POINT('',(0.725870067881,22.086186174293));
#1455 = CARTESIAN_POINT('',(0.944142149183,22.128848641843));
#1456 = CARTESIAN_POINT('',(1.053995813713,22.149821747453));
#1457 = CARTESIAN_POINT('',(1.160552057459,22.167811884614));
#1458 = CARTESIAN_POINT('',(1.26467320312,22.181835120414));
#1459 = CARTESIAN_POINT('',(1.367205954481,22.191364454619));
#1460 = CARTESIAN_POINT('',(1.468944735097,22.196138059398));
#1461 = CARTESIAN_POINT('',(1.676415566041,22.196138059398));
#1462 = CARTESIAN_POINT('',(1.78189717876,22.191004834442));
#1463 = CARTESIAN_POINT('',(1.888264462316,22.180760697433));
#1464 = CARTESIAN_POINT('',(1.996402644716,22.165708321699));
#1465 = CARTESIAN_POINT('',(2.10726588915,22.146453259373));
#1466 = CARTESIAN_POINT('',(2.221821275595,22.12414903883));
#1467 = CARTESIAN_POINT('',(2.445440219935,22.080301654316));
#1468 = CARTESIAN_POINT('',(2.556271131232,22.058450366864));
#1469 = CARTESIAN_POINT('',(2.672111651611,22.036911464526));
#1470 = CARTESIAN_POINT('',(2.791973270085,22.018161681324));
#1471 = CARTESIAN_POINT('',(2.915286153751,22.00483362202));
#1472 = CARTESIAN_POINT('',(3.04173162063,21.998674792026));
#1473 = CARTESIAN_POINT('',(3.291781753999,22.001564407962));
#1474 = CARTESIAN_POINT('',(3.40910206498,22.00952353717));
#1475 = CARTESIAN_POINT('',(3.523273164566,22.023281785034));
#1476 = CARTESIAN_POINT('',(3.634146634033,22.041230937426));
#1477 = CARTESIAN_POINT('',(3.741374445632,22.061300195792));
#1478 = CARTESIAN_POINT('',(3.844306557451,22.081588232731));
#1479 = CARTESIAN_POINT('',(4.06135853858,22.124147961757));
#1480 = CARTESIAN_POINT('',(4.175918448526,22.146453090868));
#1481 = CARTESIAN_POINT('',(4.286786983012,22.165709439119));
#1482 = CARTESIAN_POINT('',(4.394927265533,22.180761456553));
#1483 = CARTESIAN_POINT('',(4.501292944075,22.191004954198));
#1484 = CARTESIAN_POINT('',(4.606770970885,22.196138059398));
#1485 = CARTESIAN_POINT('',(4.81424576686,22.196138059398));
#1486 = CARTESIAN_POINT('',(4.915987317604,22.191363992654));
#1487 = CARTESIAN_POINT('',(5.018519053664,22.181834012827));
#1488 = CARTESIAN_POINT('',(5.122635282523,22.167811143666));
#1489 = CARTESIAN_POINT('',(5.229185567821,22.149822452087));
#1490 = CARTESIAN_POINT('',(5.339036569409,22.128849929618));
#1491 = CARTESIAN_POINT('',(5.55731523927,22.086186174299));
#1492 = CARTESIAN_POINT('',(5.667762146614,22.064186230324));
#1493 = CARTESIAN_POINT('',(5.783167758837,22.042148566307));
#1494 = CARTESIAN_POINT('',(5.902705836596,22.022452256418));
#1495 = CARTESIAN_POINT('',(6.025952298195,22.007745787002));
#1496 = CARTESIAN_POINT('',(6.152734809323,22.));
#1497 = CARTESIAN_POINT('',(6.28318530718,22.));
#1498 = ( GEOMETRIC_REPRESENTATION_CONTEXT(2) 
PARAMETRIC_REPRESENTATION_CONTEXT() REPRESENTATION_CONTEXT('2D SPACE',''
  ) );
#1499 = PCURVE('',#1155,#1500);
#1500 = DEFINITIONAL_REPRESENTATION('',(#1501),#1552);
#1501 = B_SPLINE_CURVE_WITH_KNOTS('',7,(#1502,#1503,#1504,#1505,#1506,
    #1507,#1508,#1509,#1510,#1511,#1512,#1513,#1514,#1515,#1516,#1517,
    #1518,#1519,#1520,#1521,#1522,#1523,#1524,#1525,#1526,#1527,#1528,
    #1529,#1530,#1531,#1532,#1533,#1534,#1535,#1536,#1537,#1538,#1539,
    #1540,#1541,#1542,#1543,#1544,#1545,#1546,#1547,#1548,#1549,#1550,
    #1551),.UNSPECIFIED.,.T.,.F.,(8,6,6,6,6,6,6,6,8),(0.,0.119441761396,
    0.250717923855,0.386850194139,0.505344765916,0.615652364277,
    0.750900902323,0.881333027736,1.),.UNSPECIFIED.);
#1502 = CARTESIAN_POINT('',(1.570796326795,35.65));
#1503 = CARTESIAN_POINT('',(1.590001538983,35.65));
#1504 = CARTESIAN_POINT('',(1.608666768223,35.597388707243));
#1505 = CARTESIAN_POINT('',(1.626289032562,35.497487038392));
#1506 = CARTESIAN_POINT('',(1.642453312828,35.357287433614));
#1507 = CARTESIAN_POINT('',(1.656836483631,35.185410039392));
#1508 = CARTESIAN_POINT('',(1.669241827801,34.992021685623));
#1509 = CARTESIAN_POINT('',(1.691061180242,34.565243411126));
#1510 = CARTESIAN_POINT('',(1.70039411278,34.323194914246));
#1511 = CARTESIAN_POINT('',(1.707729036402,34.068903133501));
#1512 = CARTESIAN_POINT('',(1.713158350306,33.806650907979));
#1513 = CARTESIAN_POINT('',(1.716754256427,33.539515027476));
#1514 = CARTESIAN_POINT('',(1.718555629215,33.269906717999));
#1515 = CARTESIAN_POINT('',(1.718555629215,32.720109015998));
#1516 = CARTESIAN_POINT('',(1.716618538422,32.440581856665));
#1517 = CARTESIAN_POINT('',(1.712752954548,32.163812382107));
#1518 = CARTESIAN_POINT('',(1.70691366727,31.892477963436));
#1519 = CARTESIAN_POINT('',(1.699016774172,31.630053878577));
#1520 = CARTESIAN_POINT('',(1.688955796951,31.381459783947));
#1521 = CARTESIAN_POINT('',(1.665895148194,30.9562720132));
#1522 = CARTESIAN_POINT('',(1.653137975591,30.768859627477));
#1523 = CARTESIAN_POINT('',(1.63841917014,30.604204088126));
#1524 = CARTESIAN_POINT('',(1.621977242979,30.472736165309));
#1525 = CARTESIAN_POINT('',(1.604181663796,30.382888592864));
#1526 = CARTESIAN_POINT('',(1.585490523564,30.340994468102));
#1527 = CARTESIAN_POINT('',(1.548693403978,30.360630484674));
#1528 = CARTESIAN_POINT('',(1.531501020583,30.414753461414));
#1529 = CARTESIAN_POINT('',(1.515249533713,30.508983739912));
#1530 = CARTESIAN_POINT('',(1.500264669159,30.637553999016));
#1531 = CARTESIAN_POINT('',(1.486801346429,30.793506164954));
#1532 = CARTESIAN_POINT('',(1.475020855391,30.968747954797));
#1533 = CARTESIAN_POINT('',(1.452637423103,31.381449339579));
#1534 = CARTESIAN_POINT('',(1.442575816355,31.630049210376));
#1535 = CARTESIAN_POINT('',(1.434678565816,31.892487889877));
#1536 = CARTESIAN_POINT('',(1.428839409813,32.163829112376));
#1537 = CARTESIAN_POINT('',(1.424974070334,32.440594651294));
#1538 = CARTESIAN_POINT('',(1.423037024375,32.720112274827));
#1539 = CARTESIAN_POINT('',(1.423037024375,33.269920484159));
#1540 = CARTESIAN_POINT('',(1.424838574236,33.539536235452));
#1541 = CARTESIAN_POINT('',(1.428434714174,33.806668446422));
#1542 = CARTESIAN_POINT('',(1.433863934632,34.068906802597));
#1543 = CARTESIAN_POINT('',(1.441198340461,34.323184050329));
#1544 = CARTESIAN_POINT('',(1.450530814726,34.565230528736));
#1545 = CARTESIAN_POINT('',(1.472350825786,34.992021685567));
#1546 = CARTESIAN_POINT('',(1.484756169961,35.185410039472));
#1547 = CARTESIAN_POINT('',(1.499139340765,35.357287433613));
#1548 = CARTESIAN_POINT('',(1.515303621025,35.497487038342));
#1549 = CARTESIAN_POINT('',(1.532925885362,35.597388707264));
#1550 = CARTESIAN_POINT('',(1.551591114611,35.65));
#1551 = CARTESIAN_POINT('',(1.570796326795,35.65));
#1552 = ( GEOMETRIC_REPRESENTATION_CONTEXT(2) 
PARAMETRIC_REPRESENTATION_CONTEXT() REPRESENTATION_CONTEXT('2D SPACE',''
  ) );
#1553 = ORIENTED_EDGE('',*,*,#1554,.F.);
#1554 = EDGE_CURVE('',#280,#1391,#1555,.T.);
#1555 = SEAM_CURVE('',#1556,(#1560,#1567),.PCURVE_S1.);
#1556 = LINE('',#1557,#1558);
#1557 = CARTESIAN_POINT('',(269.65,40.,529.));
#1558 = VECTOR('',#1559,1.);
#1559 = DIRECTION('',(0.,-1.,2.22044604925E-16));
#1560 = PCURVE('',#389,#1561);
#1561 = DEFINITIONAL_REPRESENTATION('',(#1562),#1566);
#1562 = LINE('',#1563,#1564);
#1563 = CARTESIAN_POINT('',(6.28318530718,-0.));
#1564 = VECTOR('',#1565,1.);
#1565 = DIRECTION('',(0.,1.));
#1566 = ( GEOMETRIC_REPRESENTATION_CONTEXT(2) 
PARAMETRIC_REPRESENTATION_CONTEXT() REPRESENTATION_CONTEXT('2D SPACE',''
  ) );
#1567 = PCURVE('',#389,#1568);
#1568 = DEFINITIONAL_REPRESENTATION('',(#1569),#1573);
#1569 = LINE('',#1570,#1571);
#1570 = CARTESIAN_POINT('',(0.,-0.));
#1571 = VECTOR('',#1572,1.);
#1572 = DIRECTION('',(0.,1.));
#1573 = ( GEOMETRIC_REPRESENTATION_CONTEXT(2) 
PARAMETRIC_REPRESENTATION_CONTEXT() REPRESENTATION_CONTEXT('2D SPACE',''
  ) );
#1574 = ORIENTED_EDGE('',*,*,#279,.T.);
#1575 = ORIENTED_EDGE('',*,*,#1554,.T.);
#1576 = ADVANCED_FACE('',(#1577),#560,.F.);
#1577 = FACE_BOUND('',#1578,.F.);
#1578 = EDGE_LOOP('',(#1579,#1580,#1603,#1765));
#1579 = ORIENTED_EDGE('',*,*,#450,.F.);
#1580 = ORIENTED_EDGE('',*,*,#1581,.F.);
#1581 = EDGE_CURVE('',#1582,#451,#1584,.T.);
#1582 = VERTEX_POINT('',#1583);
#1583 = CARTESIAN_POINT('',(247.65,-18.,529.));
#1584 = SEAM_CURVE('',#1585,(#1589,#1596),.PCURVE_S1.);
#1585 = LINE('',#1586,#1587);
#1586 = CARTESIAN_POINT('',(247.65,40.,529.));
#1587 = VECTOR('',#1588,1.);
#1588 = DIRECTION('',(0.,-1.,2.22044604925E-16));
#1589 = PCURVE('',#560,#1590);
#1590 = DEFINITIONAL_REPRESENTATION('',(#1591),#1595);
#1591 = LINE('',#1592,#1593);
#1592 = CARTESIAN_POINT('',(6.28318530718,-0.));
#1593 = VECTOR('',#1594,1.);
#1594 = DIRECTION('',(0.,1.));
#1595 = ( GEOMETRIC_REPRESENTATION_CONTEXT(2) 
PARAMETRIC_REPRESENTATION_CONTEXT() REPRESENTATION_CONTEXT('2D SPACE',''
  ) );
#1596 = PCURVE('',#560,#1597);
#1597 = DEFINITIONAL_REPRESENTATION('',(#1598),#1602);
#1598 = LINE('',#1599,#1600);
#1599 = CARTESIAN_POINT('',(0.,-0.));
#1600 = VECTOR('',#1601,1.);
#1601 = DIRECTION('',(0.,1.));
#1602 = ( GEOMETRIC_REPRESENTATION_CONTEXT(2) 
PARAMETRIC_REPRESENTATION_CONTEXT() REPRESENTATION_CONTEXT('2D SPACE',''
  ) );
#1603 = ORIENTED_EDGE('',*,*,#1604,.T.);
#1604 = EDGE_CURVE('',#1582,#1582,#1605,.T.);
#1605 = SURFACE_CURVE('',#1606,(#1657,#1711),.PCURVE_S1.);
#1606 = B_SPLINE_CURVE_WITH_KNOTS('',7,(#1607,#1608,#1609,#1610,#1611,
    #1612,#1613,#1614,#1615,#1616,#1617,#1618,#1619,#1620,#1621,#1622,
    #1623,#1624,#1625,#1626,#1627,#1628,#1629,#1630,#1631,#1632,#1633,
    #1634,#1635,#1636,#1637,#1638,#1639,#1640,#1641,#1642,#1643,#1644,
    #1645,#1646,#1647,#1648,#1649,#1650,#1651,#1652,#1653,#1654,#1655,
    #1656),.UNSPECIFIED.,.T.,.F.,(8,6,6,6,6,6,6,6,8),(0.,0.119441761396,
    0.250717923849,0.386850194128,0.5053447659,0.615652364282,
    0.750900902315,0.881333027714,1.),.UNSPECIFIED.);
#1607 = CARTESIAN_POINT('',(247.65,-18.,529.));
#1608 = CARTESIAN_POINT('',(247.65,-18.,529.3456938194));
#1609 = CARTESIAN_POINT('',(247.59738870724,-17.99225421299,
    529.68166774142));
#1610 = CARTESIAN_POINT('',(247.49748703839,-17.97754774359,
    529.99866138343));
#1611 = CARTESIAN_POINT('',(247.35728743361,-17.95785143368,
    530.2890429331));
#1612 = CARTESIAN_POINT('',(247.18541003937,-17.93581376966,
    530.54703887502));
#1613 = CARTESIAN_POINT('',(246.99202168563,-17.9138138257,
    530.76926042864));
#1614 = CARTESIAN_POINT('',(246.56524341112,-17.87115135815,
    531.15968478179));
#1615 = CARTESIAN_POINT('',(246.32319491424,-17.85017825254,
    531.32638575402));
#1616 = CARTESIAN_POINT('',(246.0689031335,-17.83218811538,
    531.45719041309));
#1617 = CARTESIAN_POINT('',(245.80665090798,-17.81816487958,
    531.55390768154));
#1618 = CARTESIAN_POINT('',(245.53951502747,-17.80863554538,
    531.61792858946));
#1619 = CARTESIAN_POINT('',(245.26990671799,-17.8038619406,531.65));
#1620 = CARTESIAN_POINT('',(244.72010901599,-17.8038619406,531.65));
#1621 = CARTESIAN_POINT('',(244.44058185666,-17.80899516555,
    531.6155122756));
#1622 = CARTESIAN_POINT('',(244.1638123821,-17.81923930256,
    531.54669010814));
#1623 = CARTESIAN_POINT('',(243.89247796343,-17.8342916783,
    531.4426651316));
#1624 = CARTESIAN_POINT('',(243.63005387857,-17.85354674062,
    531.3018220771));
#1625 = CARTESIAN_POINT('',(243.38145978394,-17.87585096117,
    531.12207490862));
#1626 = CARTESIAN_POINT('',(242.95627201319,-17.91969834568,
    530.70930559325));
#1627 = CARTESIAN_POINT('',(242.76885962747,-17.94154963313,
    530.48070549341));
#1628 = CARTESIAN_POINT('',(242.60420408812,-17.96308853547,
    530.21660216998));
#1629 = CARTESIAN_POINT('',(242.4727361653,-17.98183831867,
    529.9211424849));
#1630 = CARTESIAN_POINT('',(242.38288859286,-17.99516637798,
    529.6009628537));
#1631 = CARTESIAN_POINT('',(242.3409944681,-18.00132520797,
    529.26449252653));
#1632 = CARTESIAN_POINT('',(242.36063048467,-17.99843559203,
    528.60215067719));
#1633 = CARTESIAN_POINT('',(242.41475346143,-17.99047646282,
    528.29271966618));
#1634 = CARTESIAN_POINT('',(242.50898373986,-17.97671821497,
    528.00041366361));
#1635 = CARTESIAN_POINT('',(242.63755399901,-17.95876906257,
    527.73121052147));
#1636 = CARTESIAN_POINT('',(242.79350616503,-17.9386998042,
    527.4896696886));
#1637 = CARTESIAN_POINT('',(242.96874795474,-17.91841176727,
    527.27858284991));
#1638 = CARTESIAN_POINT('',(243.38144933957,-17.87585203824,
    526.87793523069));
#1639 = CARTESIAN_POINT('',(243.63004921037,-17.85354690913,
    526.69817676241));
#1640 = CARTESIAN_POINT('',(243.89248788987,-17.83429056088,
    526.55732737337));
#1641 = CARTESIAN_POINT('',(244.16382911237,-17.81923854344,
    526.45330474599));
#1642 = CARTESIAN_POINT('',(244.44059465129,-17.8089950458,
    526.38448692502));
#1643 = CARTESIAN_POINT('',(244.72011227482,-17.8038619406,526.35));
#1644 = CARTESIAN_POINT('',(245.26992048415,-17.8038619406,526.35));
#1645 = CARTESIAN_POINT('',(245.53953623545,-17.80863600734,
    526.38207456641));
#1646 = CARTESIAN_POINT('',(245.80666844642,-17.81816598717,
    526.44609962558));
#1647 = CARTESIAN_POINT('',(246.06890680259,-17.83218885633,
    526.54281526129));
#1648 = CARTESIAN_POINT('',(246.32318405032,-17.85017754791,
    526.67361069497));
#1649 = CARTESIAN_POINT('',(246.56523052873,-17.87115007038,
    526.84030343316));
#1650 = CARTESIAN_POINT('',(246.99202168562,-17.9138138257,
    527.23073957135));
#1651 = CARTESIAN_POINT('',(247.18541003938,-17.93581376966,
    527.45296112497));
#1652 = CARTESIAN_POINT('',(247.35728743361,-17.95785143368,
    527.7109570669));
#1653 = CARTESIAN_POINT('',(247.49748703839,-17.97754774359,
    528.00133861655));
#1654 = CARTESIAN_POINT('',(247.59738870724,-17.99225421299,
    528.31833225857));
#1655 = CARTESIAN_POINT('',(247.65,-18.,528.6543061806));
#1656 = CARTESIAN_POINT('',(247.65,-18.,529.));
#1657 = PCURVE('',#560,#1658);
#1658 = DEFINITIONAL_REPRESENTATION('',(#1659),#1710);
#1659 = B_SPLINE_CURVE_WITH_KNOTS('',7,(#1660,#1661,#1662,#1663,#1664,
    #1665,#1666,#1667,#1668,#1669,#1670,#1671,#1672,#1673,#1674,#1675,
    #1676,#1677,#1678,#1679,#1680,#1681,#1682,#1683,#1684,#1685,#1686,
    #1687,#1688,#1689,#1690,#1691,#1692,#1693,#1694,#1695,#1696,#1697,
    #1698,#1699,#1700,#1701,#1702,#1703,#1704,#1705,#1706,#1707,#1708,
    #1709),.UNSPECIFIED.,.F.,.F.,(8,6,6,6,6,6,6,6,8),(0.,0.119441761396,
    0.250717923849,0.386850194128,0.5053447659,0.615652364282,
    0.750900902315,0.881333027714,1.),.UNSPECIFIED.);
#1660 = CARTESIAN_POINT('',(0.,58.));
#1661 = CARTESIAN_POINT('',(0.130450497889,58.));
#1662 = CARTESIAN_POINT('',(0.257233008952,57.992254212994));
#1663 = CARTESIAN_POINT('',(0.380479470563,57.977547743592));
#1664 = CARTESIAN_POINT('',(0.500017548356,57.957851433689));
#1665 = CARTESIAN_POINT('',(0.615423160606,57.935813769668));
#1666 = CARTESIAN_POINT('',(0.725870067876,57.913813825708));
#1667 = CARTESIAN_POINT('',(0.944142149183,57.871151358157));
#1668 = CARTESIAN_POINT('',(1.053995813713,57.850178252547));
#1669 = CARTESIAN_POINT('',(1.160552057459,57.832188115386));
#1670 = CARTESIAN_POINT('',(1.264673203119,57.818164879586));
#1671 = CARTESIAN_POINT('',(1.367205954481,57.808635545381));
#1672 = CARTESIAN_POINT('',(1.468944735097,57.803861940602));
#1673 = CARTESIAN_POINT('',(1.676415566041,57.803861940602));
#1674 = CARTESIAN_POINT('',(1.78189717876,57.808995165558));
#1675 = CARTESIAN_POINT('',(1.888264462316,57.819239302567));
#1676 = CARTESIAN_POINT('',(1.996402644716,57.834291678301));
#1677 = CARTESIAN_POINT('',(2.10726588915,57.853546740627));
#1678 = CARTESIAN_POINT('',(2.221821275595,57.87585096117));
#1679 = CARTESIAN_POINT('',(2.445440219935,57.919698345684));
#1680 = CARTESIAN_POINT('',(2.556271131231,57.941549633136));
#1681 = CARTESIAN_POINT('',(2.672111651612,57.963088535474));
#1682 = CARTESIAN_POINT('',(2.791973270084,57.981838318676));
#1683 = CARTESIAN_POINT('',(2.915286153752,57.99516637798));
#1684 = CARTESIAN_POINT('',(3.04173162063,58.001325207974));
#1685 = CARTESIAN_POINT('',(3.291781754027,57.998435592038));
#1686 = CARTESIAN_POINT('',(3.409102064952,57.990476462827));
#1687 = CARTESIAN_POINT('',(3.523273164547,57.976718214975));
#1688 = CARTESIAN_POINT('',(3.634146634047,57.95876906257));
#1689 = CARTESIAN_POINT('',(3.741374445667,57.938699804201));
#1690 = CARTESIAN_POINT('',(3.844306557422,57.918411767274));
#1691 = CARTESIAN_POINT('',(4.06135853858,57.875852038243));
#1692 = CARTESIAN_POINT('',(4.175918448526,57.853546909132));
#1693 = CARTESIAN_POINT('',(4.286786983012,57.834290560881));
#1694 = CARTESIAN_POINT('',(4.394927265533,57.819238543447));
#1695 = CARTESIAN_POINT('',(4.501292944075,57.808995045802));
#1696 = CARTESIAN_POINT('',(4.606770970885,57.803861940602));
#1697 = CARTESIAN_POINT('',(4.81424576686,57.803861940602));
#1698 = CARTESIAN_POINT('',(4.915987317605,57.808636007346));
#1699 = CARTESIAN_POINT('',(5.018519053664,57.818165987173));
#1700 = CARTESIAN_POINT('',(5.122635282523,57.832188856334));
#1701 = CARTESIAN_POINT('',(5.22918556782,57.850177547913));
#1702 = CARTESIAN_POINT('',(5.339036569409,57.871150070382));
#1703 = CARTESIAN_POINT('',(5.5573152393,57.913813825707));
#1704 = CARTESIAN_POINT('',(5.667762146577,57.935813769669));
#1705 = CARTESIAN_POINT('',(5.783167758824,57.957851433689));
#1706 = CARTESIAN_POINT('',(5.902705836615,57.977547743591));
#1707 = CARTESIAN_POINT('',(6.025952298224,57.992254212994));
#1708 = CARTESIAN_POINT('',(6.152734809294,58.));
#1709 = CARTESIAN_POINT('',(6.28318530718,58.));
#1710 = ( GEOMETRIC_REPRESENTATION_CONTEXT(2) 
PARAMETRIC_REPRESENTATION_CONTEXT() REPRESENTATION_CONTEXT('2D SPACE',''
  ) );
#1711 = PCURVE('',#1155,#1712);
#1712 = DEFINITIONAL_REPRESENTATION('',(#1713),#1764);
#1713 = B_SPLINE_CURVE_WITH_KNOTS('',7,(#1714,#1715,#1716,#1717,#1718,
    #1719,#1720,#1721,#1722,#1723,#1724,#1725,#1726,#1727,#1728,#1729,
    #1730,#1731,#1732,#1733,#1734,#1735,#1736,#1737,#1738,#1739,#1740,
    #1741,#1742,#1743,#1744,#1745,#1746,#1747,#1748,#1749,#1750,#1751,
    #1752,#1753,#1754,#1755,#1756,#1757,#1758,#1759,#1760,#1761,#1762,
    #1763),.UNSPECIFIED.,.T.,.F.,(8,6,6,6,6,6,6,6,8),(0.,0.119441761396,
    0.250717923849,0.386850194128,0.5053447659,0.615652364282,
    0.750900902315,0.881333027714,1.),.UNSPECIFIED.);
#1714 = CARTESIAN_POINT('',(4.712388980385,13.65));
#1715 = CARTESIAN_POINT('',(4.693183768195,13.65));
#1716 = CARTESIAN_POINT('',(4.674518538957,13.59738870724));
#1717 = CARTESIAN_POINT('',(4.656896274618,13.497487038398));
#1718 = CARTESIAN_POINT('',(4.640731994351,13.357287433616));
#1719 = CARTESIAN_POINT('',(4.626348823548,13.185410039379));
#1720 = CARTESIAN_POINT('',(4.613943479379,12.992021685632));
#1721 = CARTESIAN_POINT('',(4.592124126937,12.565243411126));
#1722 = CARTESIAN_POINT('',(4.582791194399,12.323194914246));
#1723 = CARTESIAN_POINT('',(4.575456270777,12.0689031335));
#1724 = CARTESIAN_POINT('',(4.570026956874,11.80665090798));
#1725 = CARTESIAN_POINT('',(4.566431050753,11.539515027476));
#1726 = CARTESIAN_POINT('',(4.564629677965,11.269906717999));
#1727 = CARTESIAN_POINT('',(4.564629677965,10.720109015998));
#1728 = CARTESIAN_POINT('',(4.566566768757,10.440581856666));
#1729 = CARTESIAN_POINT('',(4.570432352632,10.163812382106));
#1730 = CARTESIAN_POINT('',(4.57627163991,9.892477963436));
#1731 = CARTESIAN_POINT('',(4.584168533007,9.630053878577));
#1732 = CARTESIAN_POINT('',(4.594229510228,9.381459783947));
#1733 = CARTESIAN_POINT('',(4.617290158985,8.956272013199));
#1734 = CARTESIAN_POINT('',(4.630047331588,8.768859627477));
#1735 = CARTESIAN_POINT('',(4.64476613704,8.604204088125));
#1736 = CARTESIAN_POINT('',(4.661208064201,8.472736165309));
#1737 = CARTESIAN_POINT('',(4.679003643383,8.382888592864));
#1738 = CARTESIAN_POINT('',(4.697694783616,8.340994468102));
#1739 = CARTESIAN_POINT('',(4.734491903206,8.360630484676));
#1740 = CARTESIAN_POINT('',(4.751684286593,8.414753461432));
#1741 = CARTESIAN_POINT('',(4.767935773464,8.508983739863));
#1742 = CARTESIAN_POINT('',(4.782920638024,8.637553999016));
#1743 = CARTESIAN_POINT('',(4.796383960753,8.793506165031));
#1744 = CARTESIAN_POINT('',(4.808164451786,8.968747954742));
#1745 = CARTESIAN_POINT('',(4.830547884076,9.381449339579));
#1746 = CARTESIAN_POINT('',(4.840609490824,9.630049210376));
#1747 = CARTESIAN_POINT('',(4.848506741364,9.892487889877));
#1748 = CARTESIAN_POINT('',(4.854345897367,10.163829112376));
#1749 = CARTESIAN_POINT('',(4.858211236846,10.440594651294));
#1750 = CARTESIAN_POINT('',(4.860148282805,10.720112274827));
#1751 = CARTESIAN_POINT('',(4.860148282805,11.269920484159));
#1752 = CARTESIAN_POINT('',(4.858346732944,11.539536235452));
#1753 = CARTESIAN_POINT('',(4.854750593006,11.806668446422));
#1754 = CARTESIAN_POINT('',(4.849321372548,12.068906802598));
#1755 = CARTESIAN_POINT('',(4.841986966718,12.323184050329));
#1756 = CARTESIAN_POINT('',(4.832654492454,12.565230528736));
#1757 = CARTESIAN_POINT('',(4.810834481391,12.992021685625));
#1758 = CARTESIAN_POINT('',(4.798429137221,13.185410039388));
#1759 = CARTESIAN_POINT('',(4.784045966418,13.357287433616));
#1760 = CARTESIAN_POINT('',(4.767881686152,13.497487038393));
#1761 = CARTESIAN_POINT('',(4.750259421813,13.597388707242));
#1762 = CARTESIAN_POINT('',(4.731594192573,13.65));
#1763 = CARTESIAN_POINT('',(4.712388980385,13.65));
#1764 = ( GEOMETRIC_REPRESENTATION_CONTEXT(2) 
PARAMETRIC_REPRESENTATION_CONTEXT() REPRESENTATION_CONTEXT('2D SPACE',''
  ) );
#1765 = ORIENTED_EDGE('',*,*,#1581,.T.);
#1766 = ADVANCED_FACE('',(#1767),#731,.F.);
#1767 = FACE_BOUND('',#1768,.F.);
#1768 = EDGE_LOOP('',(#1769,#1770,#1793,#1955));
#1769 = ORIENTED_EDGE('',*,*,#621,.F.);
#1770 = ORIENTED_EDGE('',*,*,#1771,.F.);
#1771 = EDGE_CURVE('',#1772,#622,#1774,.T.);
#1772 = VERTEX_POINT('',#1773);
#1773 = CARTESIAN_POINT('',(269.65,-18.,529.));
#1774 = SEAM_CURVE('',#1775,(#1779,#1786),.PCURVE_S1.);
#1775 = LINE('',#1776,#1777);
#1776 = CARTESIAN_POINT('',(269.65,40.,529.));
#1777 = VECTOR('',#1778,1.);
#1778 = DIRECTION('',(0.,-1.,2.22044604925E-16));
#1779 = PCURVE('',#731,#1780);
#1780 = DEFINITIONAL_REPRESENTATION('',(#1781),#1785);
#1781 = LINE('',#1782,#1783);
#1782 = CARTESIAN_POINT('',(6.28318530718,-0.));
#1783 = VECTOR('',#1784,1.);
#1784 = DIRECTION('',(0.,1.));
#1785 = ( GEOMETRIC_REPRESENTATION_CONTEXT(2) 
PARAMETRIC_REPRESENTATION_CONTEXT() REPRESENTATION_CONTEXT('2D SPACE',''
  ) );
#1786 = PCURVE('',#731,#1787);
#1787 = DEFINITIONAL_REPRESENTATION('',(#1788),#1792);
#1788 = LINE('',#1789,#1790);
#1789 = CARTESIAN_POINT('',(0.,-0.));
#1790 = VECTOR('',#1791,1.);
#1791 = DIRECTION('',(0.,1.));
#1792 = ( GEOMETRIC_REPRESENTATION_CONTEXT(2) 
PARAMETRIC_REPRESENTATION_CONTEXT() REPRESENTATION_CONTEXT('2D SPACE',''
  ) );
#1793 = ORIENTED_EDGE('',*,*,#1794,.T.);
#1794 = EDGE_CURVE('',#1772,#1772,#1795,.T.);
#1795 = SURFACE_CURVE('',#1796,(#1847,#1901),.PCURVE_S1.);
#1796 = B_SPLINE_CURVE_WITH_KNOTS('',7,(#1797,#1798,#1799,#1800,#1801,
    #1802,#1803,#1804,#1805,#1806,#1807,#1808,#1809,#1810,#1811,#1812,
    #1813,#1814,#1815,#1816,#1817,#1818,#1819,#1820,#1821,#1822,#1823,
    #1824,#1825,#1826,#1827,#1828,#1829,#1830,#1831,#1832,#1833,#1834,
    #1835,#1836,#1837,#1838,#1839,#1840,#1841,#1842,#1843,#1844,#1845,
    #1846),.UNSPECIFIED.,.T.,.F.,(8,6,6,6,6,6,6,6,8),(0.,0.119441761393,
    0.250717923846,0.386850194126,0.505344765898,0.615652364281,
    0.750900902314,0.881333027714,1.),.UNSPECIFIED.);
#1797 = CARTESIAN_POINT('',(269.65,-18.,529.));
#1798 = CARTESIAN_POINT('',(269.65,-18.,529.34569381939));
#1799 = CARTESIAN_POINT('',(269.59738870724,-17.99225421299,
    529.68166774143));
#1800 = CARTESIAN_POINT('',(269.49748703839,-17.97754774359,
    529.99866138344));
#1801 = CARTESIAN_POINT('',(269.35728743361,-17.95785143368,
    530.28904293309));
#1802 = CARTESIAN_POINT('',(269.18541003938,-17.93581376966,
    530.54703887502));
#1803 = CARTESIAN_POINT('',(268.99202168562,-17.9138138257,
    530.76926042864));
#1804 = CARTESIAN_POINT('',(268.56524341112,-17.87115135815,
    531.15968478179));
#1805 = CARTESIAN_POINT('',(268.32319491424,-17.85017825254,
    531.32638575402));
#1806 = CARTESIAN_POINT('',(268.0689031335,-17.83218811538,
    531.45719041309));
#1807 = CARTESIAN_POINT('',(267.80665090798,-17.81816487958,
    531.55390768154));
#1808 = CARTESIAN_POINT('',(267.53951502747,-17.80863554538,
    531.61792858946));
#1809 = CARTESIAN_POINT('',(267.269906718,-17.8038619406,531.65));
#1810 = CARTESIAN_POINT('',(266.72010901599,-17.8038619406,531.65));
#1811 = CARTESIAN_POINT('',(266.44058185666,-17.80899516555,
    531.6155122756));
#1812 = CARTESIAN_POINT('',(266.1638123821,-17.81923930256,
    531.54669010814));
#1813 = CARTESIAN_POINT('',(265.89247796343,-17.8342916783,
    531.4426651316));
#1814 = CARTESIAN_POINT('',(265.63005387857,-17.85354674062,
    531.3018220771));
#1815 = CARTESIAN_POINT('',(265.38145978394,-17.87585096117,
    531.12207490862));
#1816 = CARTESIAN_POINT('',(264.9562720132,-17.91969834568,
    530.70930559325));
#1817 = CARTESIAN_POINT('',(264.76885962747,-17.94154963313,
    530.48070549341));
#1818 = CARTESIAN_POINT('',(264.60420408812,-17.96308853547,
    530.21660216998));
#1819 = CARTESIAN_POINT('',(264.4727361653,-17.98183831867,
    529.9211424849));
#1820 = CARTESIAN_POINT('',(264.38288859286,-17.99516637798,
    529.6009628537));
#1821 = CARTESIAN_POINT('',(264.3409944681,-18.00132520797,
    529.26449252653));
#1822 = CARTESIAN_POINT('',(264.36063048467,-17.99843559203,
    528.60215067719));
#1823 = CARTESIAN_POINT('',(264.41475346143,-17.99047646282,
    528.29271966618));
#1824 = CARTESIAN_POINT('',(264.50898373986,-17.97671821497,
    528.00041366361));
#1825 = CARTESIAN_POINT('',(264.63755399901,-17.95876906257,
    527.73121052147));
#1826 = CARTESIAN_POINT('',(264.79350616503,-17.9386998042,
    527.4896696886));
#1827 = CARTESIAN_POINT('',(264.96874795474,-17.91841176727,
    527.27858284991));
#1828 = CARTESIAN_POINT('',(265.38144933957,-17.87585203824,
    526.87793523069));
#1829 = CARTESIAN_POINT('',(265.63004921037,-17.85354690913,
    526.69817676241));
#1830 = CARTESIAN_POINT('',(265.89248788987,-17.83429056088,
    526.55732737337));
#1831 = CARTESIAN_POINT('',(266.16382911237,-17.81923854344,
    526.45330474599));
#1832 = CARTESIAN_POINT('',(266.44059465129,-17.8089950458,
    526.38448692502));
#1833 = CARTESIAN_POINT('',(266.72011227482,-17.8038619406,526.35));
#1834 = CARTESIAN_POINT('',(267.26992048415,-17.8038619406,526.35));
#1835 = CARTESIAN_POINT('',(267.53953623545,-17.80863600734,
    526.38207456641));
#1836 = CARTESIAN_POINT('',(267.80666844642,-17.81816598717,
    526.44609962558));
#1837 = CARTESIAN_POINT('',(268.06890680259,-17.83218885633,
    526.5428152613));
#1838 = CARTESIAN_POINT('',(268.32318405032,-17.85017754791,
    526.67361069497));
#1839 = CARTESIAN_POINT('',(268.56523052873,-17.87115007038,
    526.84030343316));
#1840 = CARTESIAN_POINT('',(268.99202168562,-17.9138138257,
    527.23073957135));
#1841 = CARTESIAN_POINT('',(269.18541003938,-17.93581376966,
    527.45296112497));
#1842 = CARTESIAN_POINT('',(269.35728743361,-17.95785143368,
    527.7109570669));
#1843 = CARTESIAN_POINT('',(269.49748703839,-17.97754774359,
    528.00133861655));
#1844 = CARTESIAN_POINT('',(269.59738870724,-17.99225421299,
    528.31833225857));
#1845 = CARTESIAN_POINT('',(269.65,-18.,528.6543061806));
#1846 = CARTESIAN_POINT('',(269.65,-18.,529.));
#1847 = PCURVE('',#731,#1848);
#1848 = DEFINITIONAL_REPRESENTATION('',(#1849),#1900);
#1849 = B_SPLINE_CURVE_WITH_KNOTS('',7,(#1850,#1851,#1852,#1853,#1854,
    #1855,#1856,#1857,#1858,#1859,#1860,#1861,#1862,#1863,#1864,#1865,
    #1866,#1867,#1868,#1869,#1870,#1871,#1872,#1873,#1874,#1875,#1876,
    #1877,#1878,#1879,#1880,#1881,#1882,#1883,#1884,#1885,#1886,#1887,
    #1888,#1889,#1890,#1891,#1892,#1893,#1894,#1895,#1896,#1897,#1898,
    #1899),.UNSPECIFIED.,.F.,.F.,(8,6,6,6,6,6,6,6,8),(0.,0.119441761393,
    0.250717923846,0.386850194126,0.505344765898,0.615652364281,
    0.750900902314,0.881333027714,1.),.UNSPECIFIED.);
#1850 = CARTESIAN_POINT('',(0.,58.));
#1851 = CARTESIAN_POINT('',(0.130450497886,58.));
#1852 = CARTESIAN_POINT('',(0.257233008955,57.992254212994));
#1853 = CARTESIAN_POINT('',(0.380479470565,57.977547743591));
#1854 = CARTESIAN_POINT('',(0.500017548355,57.957851433689));
#1855 = CARTESIAN_POINT('',(0.615423160602,57.935813769669));
#1856 = CARTESIAN_POINT('',(0.72587006788,57.913813825707));
#1857 = CARTESIAN_POINT('',(0.944142149183,57.871151358157));
#1858 = CARTESIAN_POINT('',(1.053995813712,57.850178252547));
#1859 = CARTESIAN_POINT('',(1.160552057459,57.832188115386));
#1860 = CARTESIAN_POINT('',(1.264673203119,57.818164879586));
#1861 = CARTESIAN_POINT('',(1.367205954482,57.808635545381));
#1862 = CARTESIAN_POINT('',(1.468944735097,57.803861940602));
#1863 = CARTESIAN_POINT('',(1.676415566041,57.803861940602));
#1864 = CARTESIAN_POINT('',(1.78189717876,57.808995165558));
#1865 = CARTESIAN_POINT('',(1.888264462316,57.819239302567));
#1866 = CARTESIAN_POINT('',(1.996402644716,57.834291678301));
#1867 = CARTESIAN_POINT('',(2.10726588915,57.853546740627));
#1868 = CARTESIAN_POINT('',(2.221821275595,57.87585096117));
#1869 = CARTESIAN_POINT('',(2.445440219935,57.919698345684));
#1870 = CARTESIAN_POINT('',(2.556271131231,57.941549633136));
#1871 = CARTESIAN_POINT('',(2.672111651612,57.963088535474));
#1872 = CARTESIAN_POINT('',(2.791973270083,57.981838318676));
#1873 = CARTESIAN_POINT('',(2.915286153752,57.99516637798));
#1874 = CARTESIAN_POINT('',(3.04173162063,58.001325207974));
#1875 = CARTESIAN_POINT('',(3.291781754027,57.998435592038));
#1876 = CARTESIAN_POINT('',(3.409102064951,57.990476462827));
#1877 = CARTESIAN_POINT('',(3.523273164547,57.976718214975));
#1878 = CARTESIAN_POINT('',(3.634146634046,57.95876906257));
#1879 = CARTESIAN_POINT('',(3.741374445667,57.938699804201));
#1880 = CARTESIAN_POINT('',(3.844306557422,57.918411767274));
#1881 = CARTESIAN_POINT('',(4.06135853858,57.875852038243));
#1882 = CARTESIAN_POINT('',(4.175918448526,57.853546909132));
#1883 = CARTESIAN_POINT('',(4.286786983012,57.834290560881));
#1884 = CARTESIAN_POINT('',(4.394927265533,57.819238543447));
#1885 = CARTESIAN_POINT('',(4.501292944076,57.808995045802));
#1886 = CARTESIAN_POINT('',(4.606770970885,57.803861940602));
#1887 = CARTESIAN_POINT('',(4.81424576686,57.803861940602));
#1888 = CARTESIAN_POINT('',(4.915987317605,57.808636007346));
#1889 = CARTESIAN_POINT('',(5.018519053663,57.818165987173));
#1890 = CARTESIAN_POINT('',(5.122635282524,57.832188856335));
#1891 = CARTESIAN_POINT('',(5.22918556782,57.850177547913));
#1892 = CARTESIAN_POINT('',(5.339036569409,57.871150070382));
#1893 = CARTESIAN_POINT('',(5.5573152393,57.913813825707));
#1894 = CARTESIAN_POINT('',(5.667762146577,57.935813769669));
#1895 = CARTESIAN_POINT('',(5.783167758825,57.957851433689));
#1896 = CARTESIAN_POINT('',(5.902705836615,57.977547743591));
#1897 = CARTESIAN_POINT('',(6.025952298225,57.992254212994));
#1898 = CARTESIAN_POINT('',(6.152734809294,58.));
#1899 = CARTESIAN_POINT('',(6.28318530718,58.));
#1900 = ( GEOMETRIC_REPRESENTATION_CONTEXT(2) 
PARAMETRIC_REPRESENTATION_CONTEXT() REPRESENTATION_CONTEXT('2D SPACE',''
  ) );
#1901 = PCURVE('',#1155,#1902);
#1902 = DEFINITIONAL_REPRESENTATION('',(#1903),#1954);
#1903 = B_SPLINE_CURVE_WITH_KNOTS('',7,(#1904,#1905,#1906,#1907,#1908,
    #1909,#1910,#1911,#1912,#1913,#1914,#1915,#1916,#1917,#1918,#1919,
    #1920,#1921,#1922,#1923,#1924,#1925,#1926,#1927,#1928,#1929,#1930,
    #1931,#1932,#1933,#1934,#1935,#1936,#1937,#1938,#1939,#1940,#1941,
    #1942,#1943,#1944,#1945,#1946,#1947,#1948,#1949,#1950,#1951,#1952,
    #1953),.UNSPECIFIED.,.T.,.F.,(8,6,6,6,6,6,6,6,8),(0.,0.119441761393,
    0.250717923846,0.386850194126,0.505344765898,0.615652364281,
    0.750900902314,0.881333027714,1.),.UNSPECIFIED.);
#1904 = CARTESIAN_POINT('',(4.712388980385,35.65));
#1905 = CARTESIAN_POINT('',(4.693183768196,35.65));
#1906 = CARTESIAN_POINT('',(4.674518538956,35.597388707242));
#1907 = CARTESIAN_POINT('',(4.656896274618,35.497487038393));
#1908 = CARTESIAN_POINT('',(4.640731994352,35.357287433616));
#1909 = CARTESIAN_POINT('',(4.626348823548,35.185410039387));
#1910 = CARTESIAN_POINT('',(4.613943479379,34.992021685626));
#1911 = CARTESIAN_POINT('',(4.592124126937,34.565243411126));
#1912 = CARTESIAN_POINT('',(4.582791194399,34.323194914247));
#1913 = CARTESIAN_POINT('',(4.575456270777,34.0689031335));
#1914 = CARTESIAN_POINT('',(4.570026956874,33.80665090798));
#1915 = CARTESIAN_POINT('',(4.566431050753,33.539515027476));
#1916 = CARTESIAN_POINT('',(4.564629677965,33.269906717999));
#1917 = CARTESIAN_POINT('',(4.564629677965,32.720109015998));
#1918 = CARTESIAN_POINT('',(4.566566768757,32.440581856666));
#1919 = CARTESIAN_POINT('',(4.570432352632,32.163812382107));
#1920 = CARTESIAN_POINT('',(4.57627163991,31.892477963436));
#1921 = CARTESIAN_POINT('',(4.584168533007,31.630053878577));
#1922 = CARTESIAN_POINT('',(4.594229510228,31.381459783947));
#1923 = CARTESIAN_POINT('',(4.617290158985,30.9562720132));
#1924 = CARTESIAN_POINT('',(4.630047331588,30.768859627477));
#1925 = CARTESIAN_POINT('',(4.64476613704,30.604204088125));
#1926 = CARTESIAN_POINT('',(4.661208064201,30.472736165309));
#1927 = CARTESIAN_POINT('',(4.679003643383,30.382888592864));
#1928 = CARTESIAN_POINT('',(4.697694783616,30.340994468102));
#1929 = CARTESIAN_POINT('',(4.734491903206,30.360630484676));
#1930 = CARTESIAN_POINT('',(4.751684286593,30.414753461432));
#1931 = CARTESIAN_POINT('',(4.767935773464,30.508983739864));
#1932 = CARTESIAN_POINT('',(4.782920638024,30.637553999016));
#1933 = CARTESIAN_POINT('',(4.796383960753,30.793506165031));
#1934 = CARTESIAN_POINT('',(4.808164451786,30.968747954742));
#1935 = CARTESIAN_POINT('',(4.830547884076,31.381449339579));
#1936 = CARTESIAN_POINT('',(4.840609490824,31.630049210376));
#1937 = CARTESIAN_POINT('',(4.848506741364,31.892487889877));
#1938 = CARTESIAN_POINT('',(4.854345897367,32.163829112376));
#1939 = CARTESIAN_POINT('',(4.858211236846,32.440594651294));
#1940 = CARTESIAN_POINT('',(4.860148282805,32.720112274827));
#1941 = CARTESIAN_POINT('',(4.860148282805,33.269920484158));
#1942 = CARTESIAN_POINT('',(4.858346732944,33.539536235453));
#1943 = CARTESIAN_POINT('',(4.854750593006,33.806668446421));
#1944 = CARTESIAN_POINT('',(4.849321372548,34.068906802599));
#1945 = CARTESIAN_POINT('',(4.841986966718,34.323184050328));
#1946 = CARTESIAN_POINT('',(4.832654492454,34.565230528736));
#1947 = CARTESIAN_POINT('',(4.810834481391,34.992021685625));
#1948 = CARTESIAN_POINT('',(4.798429137221,35.185410039387));
#1949 = CARTESIAN_POINT('',(4.784045966418,35.357287433617));
#1950 = CARTESIAN_POINT('',(4.767881686152,35.497487038392));
#1951 = CARTESIAN_POINT('',(4.750259421813,35.597388707242));
#1952 = CARTESIAN_POINT('',(4.731594192573,35.65));
#1953 = CARTESIAN_POINT('',(4.712388980385,35.65));
#1954 = ( GEOMETRIC_REPRESENTATION_CONTEXT(2) 
PARAMETRIC_REPRESENTATION_CONTEXT() REPRESENTATION_CONTEXT('2D SPACE',''
  ) );
#1955 = ORIENTED_EDGE('',*,*,#1771,.T.);
#1956 = ADVANCED_FACE('',(#1957),#902,.F.);
#1957 = FACE_BOUND('',#1958,.F.);
#1958 = EDGE_LOOP('',(#1959,#2123,#2144,#2145));
#1959 = ORIENTED_EDGE('',*,*,#1960,.F.);
#1960 = EDGE_CURVE('',#1961,#1961,#1963,.T.);
#1961 = VERTEX_POINT('',#1962);
#1962 = CARTESIAN_POINT('',(622.65,18.,529.));
#1963 = SURFACE_CURVE('',#1964,(#2015,#2069),.PCURVE_S1.);
#1964 = B_SPLINE_CURVE_WITH_KNOTS('',7,(#1965,#1966,#1967,#1968,#1969,
    #1970,#1971,#1972,#1973,#1974,#1975,#1976,#1977,#1978,#1979,#1980,
    #1981,#1982,#1983,#1984,#1985,#1986,#1987,#1988,#1989,#1990,#1991,
    #1992,#1993,#1994,#1995,#1996,#1997,#1998,#1999,#2000,#2001,#2002,
    #2003,#2004,#2005,#2006,#2007,#2008,#2009,#2010,#2011,#2012,#2013,
    #2014),.UNSPECIFIED.,.T.,.F.,(8,6,6,6,6,6,6,6,8),(0.,0.119441761393,
    0.250717923846,0.386850194126,0.505344765899,0.615652364281,
    0.750900902314,0.881333027714,1.),.UNSPECIFIED.);
#1965 = CARTESIAN_POINT('',(622.65,18.,529.));
#1966 = CARTESIAN_POINT('',(622.65,18.,529.34569381939));
#1967 = CARTESIAN_POINT('',(622.59738870724,17.992254212994,
    529.68166774143));
#1968 = CARTESIAN_POINT('',(622.49748703839,17.977547743591,
    529.99866138344));
#1969 = CARTESIAN_POINT('',(622.35728743361,17.957851433689,
    530.28904293309));
#1970 = CARTESIAN_POINT('',(622.18541003938,17.935813769669,
    530.54703887502));
#1971 = CARTESIAN_POINT('',(621.99202168562,17.913813825707,
    530.76926042864));
#1972 = CARTESIAN_POINT('',(621.56524341112,17.871151358157,
    531.15968478179));
#1973 = CARTESIAN_POINT('',(621.32319491424,17.850178252547,
    531.32638575402));
#1974 = CARTESIAN_POINT('',(621.0689031335,17.832188115386,
    531.45719041309));
#1975 = CARTESIAN_POINT('',(620.80665090797,17.818164879586,
    531.55390768154));
#1976 = CARTESIAN_POINT('',(620.53951502747,17.808635545381,
    531.61792858946));
#1977 = CARTESIAN_POINT('',(620.26990671799,17.803861940602,531.65));
#1978 = CARTESIAN_POINT('',(619.72010901599,17.803861940602,531.65));
#1979 = CARTESIAN_POINT('',(619.44058185666,17.808995165558,
    531.6155122756));
#1980 = CARTESIAN_POINT('',(619.1638123821,17.819239302567,
    531.54669010814));
#1981 = CARTESIAN_POINT('',(618.89247796343,17.834291678301,
    531.4426651316));
#1982 = CARTESIAN_POINT('',(618.63005387857,17.853546740627,
    531.3018220771));
#1983 = CARTESIAN_POINT('',(618.38145978394,17.87585096117,
    531.12207490862));
#1984 = CARTESIAN_POINT('',(617.9562720132,17.919698345684,
    530.70930559325));
#1985 = CARTESIAN_POINT('',(617.76885962747,17.941549633136,
    530.48070549341));
#1986 = CARTESIAN_POINT('',(617.60420408812,17.963088535474,
    530.21660216998));
#1987 = CARTESIAN_POINT('',(617.4727361653,17.981838318676,
    529.9211424849));
#1988 = CARTESIAN_POINT('',(617.38288859286,17.99516637798,
    529.6009628537));
#1989 = CARTESIAN_POINT('',(617.3409944681,18.001325207974,
    529.26449252653));
#1990 = CARTESIAN_POINT('',(617.36063048467,17.998435592038,
    528.60215067719));
#1991 = CARTESIAN_POINT('',(617.41475346143,17.990476462827,
    528.29271966618));
#1992 = CARTESIAN_POINT('',(617.50898373986,17.976718214975,
    528.00041366361));
#1993 = CARTESIAN_POINT('',(617.63755399901,17.95876906257,
    527.73121052147));
#1994 = CARTESIAN_POINT('',(617.79350616503,17.938699804201,
    527.4896696886));
#1995 = CARTESIAN_POINT('',(617.96874795474,17.918411767274,
    527.27858284991));
#1996 = CARTESIAN_POINT('',(618.38144933957,17.875852038243,
    526.87793523069));
#1997 = CARTESIAN_POINT('',(618.63004921037,17.853546909132,
    526.69817676241));
#1998 = CARTESIAN_POINT('',(618.89248788987,17.834290560881,
    526.55732737337));
#1999 = CARTESIAN_POINT('',(619.16382911237,17.819238543447,
    526.45330474599));
#2000 = CARTESIAN_POINT('',(619.44059465129,17.808995045802,
    526.38448692502));
#2001 = CARTESIAN_POINT('',(619.72011227482,17.803861940602,526.35));
#2002 = CARTESIAN_POINT('',(620.26992048415,17.803861940602,526.35));
#2003 = CARTESIAN_POINT('',(620.53953623545,17.808636007346,
    526.38207456641));
#2004 = CARTESIAN_POINT('',(620.80666844641,17.818165987173,
    526.44609962558));
#2005 = CARTESIAN_POINT('',(621.0689068026,17.832188856334,
    526.5428152613));
#2006 = CARTESIAN_POINT('',(621.32318405032,17.850177547913,
    526.67361069497));
#2007 = CARTESIAN_POINT('',(621.56523052873,17.871150070382,
    526.84030343316));
#2008 = CARTESIAN_POINT('',(621.99202168562,17.913813825707,
    527.23073957135));
#2009 = CARTESIAN_POINT('',(622.18541003938,17.935813769669,
    527.45296112497));
#2010 = CARTESIAN_POINT('',(622.35728743361,17.957851433689,
    527.7109570669));
#2011 = CARTESIAN_POINT('',(622.49748703839,17.977547743591,
    528.00133861655));
#2012 = CARTESIAN_POINT('',(622.59738870724,17.992254212994,
    528.31833225857));
#2013 = CARTESIAN_POINT('',(622.65,18.,528.6543061806));
#2014 = CARTESIAN_POINT('',(622.65,18.,529.));
#2015 = PCURVE('',#902,#2016);
#2016 = DEFINITIONAL_REPRESENTATION('',(#2017),#2068);
#2017 = B_SPLINE_CURVE_WITH_KNOTS('',7,(#2018,#2019,#2020,#2021,#2022,
    #2023,#2024,#2025,#2026,#2027,#2028,#2029,#2030,#2031,#2032,#2033,
    #2034,#2035,#2036,#2037,#2038,#2039,#2040,#2041,#2042,#2043,#2044,
    #2045,#2046,#2047,#2048,#2049,#2050,#2051,#2052,#2053,#2054,#2055,
    #2056,#2057,#2058,#2059,#2060,#2061,#2062,#2063,#2064,#2065,#2066,
    #2067),.UNSPECIFIED.,.F.,.F.,(8,6,6,6,6,6,6,6,8),(0.,0.119441761393,
    0.250717923846,0.386850194126,0.505344765899,0.615652364281,
    0.750900902314,0.881333027714,1.),.UNSPECIFIED.);
#2018 = CARTESIAN_POINT('',(0.,22.));
#2019 = CARTESIAN_POINT('',(0.130450497886,22.));
#2020 = CARTESIAN_POINT('',(0.257233008955,22.007745787006));
#2021 = CARTESIAN_POINT('',(0.380479470565,22.022452256409));
#2022 = CARTESIAN_POINT('',(0.500017548355,22.042148566311));
#2023 = CARTESIAN_POINT('',(0.615423160602,22.064186230331));
#2024 = CARTESIAN_POINT('',(0.72587006788,22.086186174293));
#2025 = CARTESIAN_POINT('',(0.944142149183,22.128848641843));
#2026 = CARTESIAN_POINT('',(1.053995813713,22.149821747453));
#2027 = CARTESIAN_POINT('',(1.160552057459,22.167811884614));
#2028 = CARTESIAN_POINT('',(1.264673203119,22.181835120414));
#2029 = CARTESIAN_POINT('',(1.367205954481,22.191364454619));
#2030 = CARTESIAN_POINT('',(1.468944735097,22.196138059398));
#2031 = CARTESIAN_POINT('',(1.676415566041,22.196138059398));
#2032 = CARTESIAN_POINT('',(1.78189717876,22.191004834442));
#2033 = CARTESIAN_POINT('',(1.888264462316,22.180760697433));
#2034 = CARTESIAN_POINT('',(1.996402644715,22.165708321699));
#2035 = CARTESIAN_POINT('',(2.10726588915,22.146453259373));
#2036 = CARTESIAN_POINT('',(2.221821275595,22.12414903883));
#2037 = CARTESIAN_POINT('',(2.445440219934,22.080301654316));
#2038 = CARTESIAN_POINT('',(2.556271131232,22.058450366864));
#2039 = CARTESIAN_POINT('',(2.672111651611,22.036911464526));
#2040 = CARTESIAN_POINT('',(2.791973270084,22.018161681324));
#2041 = CARTESIAN_POINT('',(2.915286153751,22.00483362202));
#2042 = CARTESIAN_POINT('',(3.04173162063,21.998674792026));
#2043 = CARTESIAN_POINT('',(3.291781754027,22.001564407962));
#2044 = CARTESIAN_POINT('',(3.409102064951,22.009523537173));
#2045 = CARTESIAN_POINT('',(3.523273164547,22.023281785025));
#2046 = CARTESIAN_POINT('',(3.634146634047,22.04123093743));
#2047 = CARTESIAN_POINT('',(3.741374445666,22.061300195799));
#2048 = CARTESIAN_POINT('',(3.844306557422,22.081588232726));
#2049 = CARTESIAN_POINT('',(4.061358538579,22.124147961757));
#2050 = CARTESIAN_POINT('',(4.175918448527,22.146453090868));
#2051 = CARTESIAN_POINT('',(4.286786983011,22.165709439119));
#2052 = CARTESIAN_POINT('',(4.394927265533,22.180761456553));
#2053 = CARTESIAN_POINT('',(4.501292944075,22.191004954198));
#2054 = CARTESIAN_POINT('',(4.606770970885,22.196138059398));
#2055 = CARTESIAN_POINT('',(4.81424576686,22.196138059398));
#2056 = CARTESIAN_POINT('',(4.915987317605,22.191363992654));
#2057 = CARTESIAN_POINT('',(5.018519053663,22.181834012827));
#2058 = CARTESIAN_POINT('',(5.122635282525,22.167811143666));
#2059 = CARTESIAN_POINT('',(5.22918556782,22.149822452087));
#2060 = CARTESIAN_POINT('',(5.339036569409,22.128849929618));
#2061 = CARTESIAN_POINT('',(5.5573152393,22.086186174293));
#2062 = CARTESIAN_POINT('',(5.667762146577,22.064186230331));
#2063 = CARTESIAN_POINT('',(5.783167758825,22.042148566311));
#2064 = CARTESIAN_POINT('',(5.902705836615,22.022452256409));
#2065 = CARTESIAN_POINT('',(6.025952298225,22.007745787006));
#2066 = CARTESIAN_POINT('',(6.152734809294,22.));
#2067 = CARTESIAN_POINT('',(6.28318530718,22.));
#2068 = ( GEOMETRIC_REPRESENTATION_CONTEXT(2) 
PARAMETRIC_REPRESENTATION_CONTEXT() REPRESENTATION_CONTEXT('2D SPACE',''
  ) );
#2069 = PCURVE('',#1155,#2070);
#2070 = DEFINITIONAL_REPRESENTATION('',(#2071),#2122);
#2071 = B_SPLINE_CURVE_WITH_KNOTS('',7,(#2072,#2073,#2074,#2075,#2076,
    #2077,#2078,#2079,#2080,#2081,#2082,#2083,#2084,#2085,#2086,#2087,
    #2088,#2089,#2090,#2091,#2092,#2093,#2094,#2095,#2096,#2097,#2098,
    #2099,#2100,#2101,#2102,#2103,#2104,#2105,#2106,#2107,#2108,#2109,
    #2110,#2111,#2112,#2113,#2114,#2115,#2116,#2117,#2118,#2119,#2120,
    #2121),.UNSPECIFIED.,.T.,.F.,(8,6,6,6,6,6,6,6,8),(0.,0.119441761393,
    0.250717923846,0.386850194126,0.505344765899,0.615652364281,
    0.750900902314,0.881333027714,1.),.UNSPECIFIED.);
#2072 = CARTESIAN_POINT('',(1.570796326795,388.65));
#2073 = CARTESIAN_POINT('',(1.590001538984,388.65));
#2074 = CARTESIAN_POINT('',(1.608666768223,388.59738870724));
#2075 = CARTESIAN_POINT('',(1.626289032562,388.49748703839));
#2076 = CARTESIAN_POINT('',(1.642453312828,388.35728743361));
#2077 = CARTESIAN_POINT('',(1.656836483632,388.18541003938));
#2078 = CARTESIAN_POINT('',(1.669241827801,387.99202168562));
#2079 = CARTESIAN_POINT('',(1.691061180242,387.56524341112));
#2080 = CARTESIAN_POINT('',(1.700394112781,387.32319491424));
#2081 = CARTESIAN_POINT('',(1.707729036402,387.0689031335));
#2082 = CARTESIAN_POINT('',(1.713158350306,386.80665090797));
#2083 = CARTESIAN_POINT('',(1.716754256427,386.53951502747));
#2084 = CARTESIAN_POINT('',(1.718555629215,386.26990671799));
#2085 = CARTESIAN_POINT('',(1.718555629215,385.72010901599));
#2086 = CARTESIAN_POINT('',(1.716618538422,385.44058185666));
#2087 = CARTESIAN_POINT('',(1.712752954548,385.1638123821));
#2088 = CARTESIAN_POINT('',(1.70691366727,384.89247796343));
#2089 = CARTESIAN_POINT('',(1.699016774172,384.63005387857));
#2090 = CARTESIAN_POINT('',(1.688955796951,384.38145978394));
#2091 = CARTESIAN_POINT('',(1.665895148194,383.9562720132));
#2092 = CARTESIAN_POINT('',(1.653137975591,383.76885962747));
#2093 = CARTESIAN_POINT('',(1.63841917014,383.60420408812));
#2094 = CARTESIAN_POINT('',(1.621977242979,383.4727361653));
#2095 = CARTESIAN_POINT('',(1.604181663796,383.38288859286));
#2096 = CARTESIAN_POINT('',(1.585490523564,383.3409944681));
#2097 = CARTESIAN_POINT('',(1.548693403974,383.36063048467));
#2098 = CARTESIAN_POINT('',(1.531501020587,383.41475346143));
#2099 = CARTESIAN_POINT('',(1.515249533715,383.50898373986));
#2100 = CARTESIAN_POINT('',(1.500264669156,383.63755399901));
#2101 = CARTESIAN_POINT('',(1.486801346427,383.79350616503));
#2102 = CARTESIAN_POINT('',(1.475020855394,383.96874795474));
#2103 = CARTESIAN_POINT('',(1.452637423103,384.38144933957));
#2104 = CARTESIAN_POINT('',(1.442575816355,384.63004921037));
#2105 = CARTESIAN_POINT('',(1.434678565816,384.89248788987));
#2106 = CARTESIAN_POINT('',(1.428839409813,385.16382911237));
#2107 = CARTESIAN_POINT('',(1.424974070334,385.44059465129));
#2108 = CARTESIAN_POINT('',(1.423037024375,385.72011227482));
#2109 = CARTESIAN_POINT('',(1.423037024375,386.26992048415));
#2110 = CARTESIAN_POINT('',(1.424838574236,386.53953623545));
#2111 = CARTESIAN_POINT('',(1.428434714174,386.80666844642));
#2112 = CARTESIAN_POINT('',(1.433863934632,387.0689068026));
#2113 = CARTESIAN_POINT('',(1.441198340461,387.32318405032));
#2114 = CARTESIAN_POINT('',(1.450530814726,387.56523052873));
#2115 = CARTESIAN_POINT('',(1.472350825789,387.99202168562));
#2116 = CARTESIAN_POINT('',(1.484756169958,388.18541003938));
#2117 = CARTESIAN_POINT('',(1.499139340762,388.35728743361));
#2118 = CARTESIAN_POINT('',(1.515303621028,388.49748703839));
#2119 = CARTESIAN_POINT('',(1.532925885367,388.59738870724));
#2120 = CARTESIAN_POINT('',(1.551591114606,388.65));
#2121 = CARTESIAN_POINT('',(1.570796326795,388.65));
#2122 = ( GEOMETRIC_REPRESENTATION_CONTEXT(2) 
PARAMETRIC_REPRESENTATION_CONTEXT() REPRESENTATION_CONTEXT('2D SPACE',''
  ) );
#2123 = ORIENTED_EDGE('',*,*,#2124,.F.);
#2124 = EDGE_CURVE('',#793,#1961,#2125,.T.);
#2125 = SEAM_CURVE('',#2126,(#2130,#2137),.PCURVE_S1.);
#2126 = LINE('',#2127,#2128);
#2127 = CARTESIAN_POINT('',(622.65,40.,529.));
#2128 = VECTOR('',#2129,1.);
#2129 = DIRECTION('',(0.,-1.,2.22044604925E-16));
#2130 = PCURVE('',#902,#2131);
#2131 = DEFINITIONAL_REPRESENTATION('',(#2132),#2136);
#2132 = LINE('',#2133,#2134);
#2133 = CARTESIAN_POINT('',(6.28318530718,-0.));
#2134 = VECTOR('',#2135,1.);
#2135 = DIRECTION('',(0.,1.));
#2136 = ( GEOMETRIC_REPRESENTATION_CONTEXT(2) 
PARAMETRIC_REPRESENTATION_CONTEXT() REPRESENTATION_CONTEXT('2D SPACE',''
  ) );
#2137 = PCURVE('',#902,#2138);
#2138 = DEFINITIONAL_REPRESENTATION('',(#2139),#2143);
#2139 = LINE('',#2140,#2141);
#2140 = CARTESIAN_POINT('',(0.,-0.));
#2141 = VECTOR('',#2142,1.);
#2142 = DIRECTION('',(0.,1.));
#2143 = ( GEOMETRIC_REPRESENTATION_CONTEXT(2) 
PARAMETRIC_REPRESENTATION_CONTEXT() REPRESENTATION_CONTEXT('2D SPACE',''
  ) );
#2144 = ORIENTED_EDGE('',*,*,#792,.T.);
#2145 = ORIENTED_EDGE('',*,*,#2124,.T.);
#2146 = ADVANCED_FACE('',(#2147),#1073,.F.);
#2147 = FACE_BOUND('',#2148,.F.);
#2148 = EDGE_LOOP('',(#2149,#2150,#2173,#2335));
#2149 = ORIENTED_EDGE('',*,*,#963,.F.);
#2150 = ORIENTED_EDGE('',*,*,#2151,.F.);
#2151 = EDGE_CURVE('',#2152,#964,#2154,.T.);
#2152 = VERTEX_POINT('',#2153);
#2153 = CARTESIAN_POINT('',(622.65,-18.,529.));
#2154 = SEAM_CURVE('',#2155,(#2159,#2166),.PCURVE_S1.);
#2155 = LINE('',#2156,#2157);
#2156 = CARTESIAN_POINT('',(622.65,40.,529.));
#2157 = VECTOR('',#2158,1.);
#2158 = DIRECTION('',(0.,-1.,2.22044604925E-16));
#2159 = PCURVE('',#1073,#2160);
#2160 = DEFINITIONAL_REPRESENTATION('',(#2161),#2165);
#2161 = LINE('',#2162,#2163);
#2162 = CARTESIAN_POINT('',(6.28318530718,-0.));
#2163 = VECTOR('',#2164,1.);
#2164 = DIRECTION('',(0.,1.));
#2165 = ( GEOMETRIC_REPRESENTATION_CONTEXT(2) 
PARAMETRIC_REPRESENTATION_CONTEXT() REPRESENTATION_CONTEXT('2D SPACE',''
  ) );
#2166 = PCURVE('',#1073,#2167);
#2167 = DEFINITIONAL_REPRESENTATION('',(#2168),#2172);
#2168 = LINE('',#2169,#2170);
#2169 = CARTESIAN_POINT('',(0.,-0.));
#2170 = VECTOR('',#2171,1.);
#2171 = DIRECTION('',(0.,1.));
#2172 = ( GEOMETRIC_REPRESENTATION_CONTEXT(2) 
PARAMETRIC_REPRESENTATION_CONTEXT() REPRESENTATION_CONTEXT('2D SPACE',''
  ) );
#2173 = ORIENTED_EDGE('',*,*,#2174,.T.);
#2174 = EDGE_CURVE('',#2152,#2152,#2175,.T.);
#2175 = SURFACE_CURVE('',#2176,(#2227,#2281),.PCURVE_S1.);
#2176 = B_SPLINE_CURVE_WITH_KNOTS('',7,(#2177,#2178,#2179,#2180,#2181,
    #2182,#2183,#2184,#2185,#2186,#2187,#2188,#2189,#2190,#2191,#2192,
    #2193,#2194,#2195,#2196,#2197,#2198,#2199,#2200,#2201,#2202,#2203,
    #2204,#2205,#2206,#2207,#2208,#2209,#2210,#2211,#2212,#2213,#2214,
    #2215,#2216,#2217,#2218,#2219,#2220,#2221,#2222,#2223,#2224,#2225,
    #2226),.UNSPECIFIED.,.T.,.F.,(8,6,6,6,6,6,6,6,8),(0.,0.119441761396,
    0.250717923853,0.386850194136,0.505344765912,0.615652364284,
    0.750900902325,0.881333027733,1.),.UNSPECIFIED.);
#2177 = CARTESIAN_POINT('',(622.65,-18.,529.));
#2178 = CARTESIAN_POINT('',(622.65,-18.,529.34569381939));
#2179 = CARTESIAN_POINT('',(622.59738870724,-17.99225421299,
    529.68166774143));
#2180 = CARTESIAN_POINT('',(622.49748703839,-17.97754774359,
    529.99866138344));
#2181 = CARTESIAN_POINT('',(622.35728743361,-17.95785143368,
    530.28904293309));
#2182 = CARTESIAN_POINT('',(622.18541003938,-17.93581376966,
    530.54703887502));
#2183 = CARTESIAN_POINT('',(621.99202168562,-17.9138138257,
    530.76926042864));
#2184 = CARTESIAN_POINT('',(621.56524341112,-17.87115135815,
    531.15968478179));
#2185 = CARTESIAN_POINT('',(621.32319491424,-17.85017825254,
    531.32638575402));
#2186 = CARTESIAN_POINT('',(621.0689031335,-17.83218811538,
    531.45719041309));
#2187 = CARTESIAN_POINT('',(620.80665090797,-17.81816487958,
    531.55390768154));
#2188 = CARTESIAN_POINT('',(620.53951502747,-17.80863554538,
    531.61792858946));
#2189 = CARTESIAN_POINT('',(620.26990671799,-17.8038619406,531.65));
#2190 = CARTESIAN_POINT('',(619.72010901599,-17.8038619406,531.65));
#2191 = CARTESIAN_POINT('',(619.44058185666,-17.80899516555,
    531.6155122756));
#2192 = CARTESIAN_POINT('',(619.1638123821,-17.81923930256,
    531.54669010814));
#2193 = CARTESIAN_POINT('',(618.89247796343,-17.8342916783,
    531.4426651316));
#2194 = CARTESIAN_POINT('',(618.63005387857,-17.85354674062,
    531.3018220771));
#2195 = CARTESIAN_POINT('',(618.38145978394,-17.87585096117,
    531.12207490862));
#2196 = CARTESIAN_POINT('',(617.9562720132,-17.91969834568,
    530.70930559325));
#2197 = CARTESIAN_POINT('',(617.76885962747,-17.94154963313,
    530.48070549341));
#2198 = CARTESIAN_POINT('',(617.60420408812,-17.96308853547,
    530.21660216998));
#2199 = CARTESIAN_POINT('',(617.47273616531,-17.98183831867,
    529.9211424849));
#2200 = CARTESIAN_POINT('',(617.38288859286,-17.99516637798,
    529.6009628537));
#2201 = CARTESIAN_POINT('',(617.3409944681,-18.00132520797,
    529.26449252653));
#2202 = CARTESIAN_POINT('',(617.36063048467,-17.99843559203,
    528.60215067722));
#2203 = CARTESIAN_POINT('',(617.41475346142,-17.99047646282,
    528.29271966614));
#2204 = CARTESIAN_POINT('',(617.50898373988,-17.97671821497,
    528.00041366359));
#2205 = CARTESIAN_POINT('',(617.63755399901,-17.95876906257,
    527.7312105215));
#2206 = CARTESIAN_POINT('',(617.79350616499,-17.9386998042,
    527.48966968863));
#2207 = CARTESIAN_POINT('',(617.96874795477,-17.91841176727,
    527.27858284988));
#2208 = CARTESIAN_POINT('',(618.38144933957,-17.87585203824,
    526.87793523069));
#2209 = CARTESIAN_POINT('',(618.63004921037,-17.85354690913,
    526.69817676241));
#2210 = CARTESIAN_POINT('',(618.89248788987,-17.83429056088,
    526.55732737337));
#2211 = CARTESIAN_POINT('',(619.16382911237,-17.81923854344,
    526.45330474599));
#2212 = CARTESIAN_POINT('',(619.44059465129,-17.8089950458,
    526.38448692502));
#2213 = CARTESIAN_POINT('',(619.72011227482,-17.8038619406,526.35));
#2214 = CARTESIAN_POINT('',(620.26992048415,-17.8038619406,526.35));
#2215 = CARTESIAN_POINT('',(620.53953623545,-17.80863600734,
    526.38207456641));
#2216 = CARTESIAN_POINT('',(620.80666844642,-17.81816598717,
    526.44609962558));
#2217 = CARTESIAN_POINT('',(621.06890680259,-17.83218885633,
    526.54281526129));
#2218 = CARTESIAN_POINT('',(621.32318405033,-17.85017754791,
    526.67361069497));
#2219 = CARTESIAN_POINT('',(621.56523052873,-17.87115007038,
    526.84030343316));
#2220 = CARTESIAN_POINT('',(621.99202168558,-17.9138138257,
    527.23073957131));
#2221 = CARTESIAN_POINT('',(622.18541003945,-17.93581376967,
    527.45296112501));
#2222 = CARTESIAN_POINT('',(622.35728743361,-17.95785143369,
    527.71095706694));
#2223 = CARTESIAN_POINT('',(622.49748703835,-17.97754774358,
    528.00133861651));
#2224 = CARTESIAN_POINT('',(622.59738870725,-17.99225421299,
    528.31833225851));
#2225 = CARTESIAN_POINT('',(622.65,-18.,528.65430618066));
#2226 = CARTESIAN_POINT('',(622.65,-18.,529.));
#2227 = PCURVE('',#1073,#2228);
#2228 = DEFINITIONAL_REPRESENTATION('',(#2229),#2280);
#2229 = B_SPLINE_CURVE_WITH_KNOTS('',7,(#2230,#2231,#2232,#2233,#2234,
    #2235,#2236,#2237,#2238,#2239,#2240,#2241,#2242,#2243,#2244,#2245,
    #2246,#2247,#2248,#2249,#2250,#2251,#2252,#2253,#2254,#2255,#2256,
    #2257,#2258,#2259,#2260,#2261,#2262,#2263,#2264,#2265,#2266,#2267,
    #2268,#2269,#2270,#2271,#2272,#2273,#2274,#2275,#2276,#2277,#2278,
    #2279),.UNSPECIFIED.,.F.,.F.,(8,6,6,6,6,6,6,6,8),(0.,0.119441761396,
    0.250717923853,0.386850194136,0.505344765912,0.615652364284,
    0.750900902325,0.881333027733,1.),.UNSPECIFIED.);
#2230 = CARTESIAN_POINT('',(0.,58.));
#2231 = CARTESIAN_POINT('',(0.130450497886,58.));
#2232 = CARTESIAN_POINT('',(0.257233008955,57.992254212994));
#2233 = CARTESIAN_POINT('',(0.380479470565,57.977547743591));
#2234 = CARTESIAN_POINT('',(0.500017548355,57.957851433689));
#2235 = CARTESIAN_POINT('',(0.615423160602,57.935813769669));
#2236 = CARTESIAN_POINT('',(0.72587006788,57.913813825707));
#2237 = CARTESIAN_POINT('',(0.944142149183,57.871151358157));
#2238 = CARTESIAN_POINT('',(1.053995813713,57.850178252547));
#2239 = CARTESIAN_POINT('',(1.160552057459,57.832188115386));
#2240 = CARTESIAN_POINT('',(1.264673203119,57.818164879586));
#2241 = CARTESIAN_POINT('',(1.367205954481,57.808635545381));
#2242 = CARTESIAN_POINT('',(1.468944735097,57.803861940602));
#2243 = CARTESIAN_POINT('',(1.676415566041,57.803861940602));
#2244 = CARTESIAN_POINT('',(1.78189717876,57.808995165558));
#2245 = CARTESIAN_POINT('',(1.888264462316,57.819239302567));
#2246 = CARTESIAN_POINT('',(1.996402644715,57.834291678301));
#2247 = CARTESIAN_POINT('',(2.10726588915,57.853546740627));
#2248 = CARTESIAN_POINT('',(2.221821275595,57.875850961171));
#2249 = CARTESIAN_POINT('',(2.445440219934,57.919698345684));
#2250 = CARTESIAN_POINT('',(2.556271131232,57.941549633136));
#2251 = CARTESIAN_POINT('',(2.672111651611,57.963088535474));
#2252 = CARTESIAN_POINT('',(2.791973270084,57.981838318676));
#2253 = CARTESIAN_POINT('',(2.915286153751,57.99516637798));
#2254 = CARTESIAN_POINT('',(3.04173162063,58.001325207974));
#2255 = CARTESIAN_POINT('',(3.291781754013,57.998435592038));
#2256 = CARTESIAN_POINT('',(3.409102064965,57.990476462828));
#2257 = CARTESIAN_POINT('',(3.523273164557,57.976718214971));
#2258 = CARTESIAN_POINT('',(3.634146634039,57.958769062572));
#2259 = CARTESIAN_POINT('',(3.741374445649,57.938699804204));
#2260 = CARTESIAN_POINT('',(3.844306557437,57.918411767271));
#2261 = CARTESIAN_POINT('',(4.061358538579,57.875852038243));
#2262 = CARTESIAN_POINT('',(4.175918448527,57.853546909132));
#2263 = CARTESIAN_POINT('',(4.286786983012,57.834290560881));
#2264 = CARTESIAN_POINT('',(4.394927265533,57.819238543447));
#2265 = CARTESIAN_POINT('',(4.501292944076,57.808995045802));
#2266 = CARTESIAN_POINT('',(4.606770970885,57.803861940602));
#2267 = CARTESIAN_POINT('',(4.81424576686,57.803861940602));
#2268 = CARTESIAN_POINT('',(4.915987317604,57.808636007346));
#2269 = CARTESIAN_POINT('',(5.018519053665,57.818165987173));
#2270 = CARTESIAN_POINT('',(5.122635282523,57.832188856334));
#2271 = CARTESIAN_POINT('',(5.229185567821,57.850177547913));
#2272 = CARTESIAN_POINT('',(5.339036569409,57.871150070382));
#2273 = CARTESIAN_POINT('',(5.557315239277,57.913813825702));
#2274 = CARTESIAN_POINT('',(5.667762146605,57.935813769674));
#2275 = CARTESIAN_POINT('',(5.783167758834,57.957851433692));
#2276 = CARTESIAN_POINT('',(5.902705836601,57.977547743584));
#2277 = CARTESIAN_POINT('',(6.025952298202,57.992254212997));
#2278 = CARTESIAN_POINT('',(6.152734809316,58.));
#2279 = CARTESIAN_POINT('',(6.28318530718,58.));
#2280 = ( GEOMETRIC_REPRESENTATION_CONTEXT(2) 
PARAMETRIC_REPRESENTATION_CONTEXT() REPRESENTATION_CONTEXT('2D SPACE',''
  ) );
#2281 = PCURVE('',#1155,#2282);
#2282 = DEFINITIONAL_REPRESENTATION('',(#2283),#2334);
#2283 = B_SPLINE_CURVE_WITH_KNOTS('',7,(#2284,#2285,#2286,#2287,#2288,
    #2289,#2290,#2291,#2292,#2293,#2294,#2295,#2296,#2297,#2298,#2299,
    #2300,#2301,#2302,#2303,#2304,#2305,#2306,#2307,#2308,#2309,#2310,
    #2311,#2312,#2313,#2314,#2315,#2316,#2317,#2318,#2319,#2320,#2321,
    #2322,#2323,#2324,#2325,#2326,#2327,#2328,#2329,#2330,#2331,#2332,
    #2333),.UNSPECIFIED.,.T.,.F.,(8,6,6,6,6,6,6,6,8),(0.,0.119441761396,
    0.250717923853,0.386850194136,0.505344765912,0.615652364284,
    0.750900902325,0.881333027733,1.),.UNSPECIFIED.);
#2284 = CARTESIAN_POINT('',(4.712388980385,388.65));
#2285 = CARTESIAN_POINT('',(4.693183768196,388.65));
#2286 = CARTESIAN_POINT('',(4.674518538956,388.59738870724));
#2287 = CARTESIAN_POINT('',(4.656896274618,388.49748703839));
#2288 = CARTESIAN_POINT('',(4.640731994352,388.35728743361));
#2289 = CARTESIAN_POINT('',(4.626348823548,388.18541003938));
#2290 = CARTESIAN_POINT('',(4.613943479379,387.99202168562));
#2291 = CARTESIAN_POINT('',(4.592124126937,387.56524341112));
#2292 = CARTESIAN_POINT('',(4.582791194399,387.32319491424));
#2293 = CARTESIAN_POINT('',(4.575456270777,387.0689031335));
#2294 = CARTESIAN_POINT('',(4.570026956874,386.80665090797));
#2295 = CARTESIAN_POINT('',(4.566431050753,386.53951502747));
#2296 = CARTESIAN_POINT('',(4.564629677965,386.26990671799));
#2297 = CARTESIAN_POINT('',(4.564629677965,385.72010901599));
#2298 = CARTESIAN_POINT('',(4.566566768757,385.44058185666));
#2299 = CARTESIAN_POINT('',(4.570432352632,385.1638123821));
#2300 = CARTESIAN_POINT('',(4.57627163991,384.89247796343));
#2301 = CARTESIAN_POINT('',(4.584168533007,384.63005387857));
#2302 = CARTESIAN_POINT('',(4.594229510228,384.38145978394));
#2303 = CARTESIAN_POINT('',(4.617290158985,383.9562720132));
#2304 = CARTESIAN_POINT('',(4.630047331588,383.76885962747));
#2305 = CARTESIAN_POINT('',(4.64476613704,383.60420408812));
#2306 = CARTESIAN_POINT('',(4.661208064201,383.4727361653));
#2307 = CARTESIAN_POINT('',(4.679003643383,383.38288859286));
#2308 = CARTESIAN_POINT('',(4.697694783616,383.3409944681));
#2309 = CARTESIAN_POINT('',(4.734491903204,383.36063048467));
#2310 = CARTESIAN_POINT('',(4.751684286595,383.41475346142));
#2311 = CARTESIAN_POINT('',(4.767935773466,383.50898373988));
#2312 = CARTESIAN_POINT('',(4.782920638022,383.63755399901));
#2313 = CARTESIAN_POINT('',(4.796383960752,383.79350616499));
#2314 = CARTESIAN_POINT('',(4.808164451787,383.96874795477));
#2315 = CARTESIAN_POINT('',(4.830547884076,384.38144933957));
#2316 = CARTESIAN_POINT('',(4.840609490825,384.63004921037));
#2317 = CARTESIAN_POINT('',(4.848506741364,384.89248788987));
#2318 = CARTESIAN_POINT('',(4.854345897367,385.16382911237));
#2319 = CARTESIAN_POINT('',(4.858211236846,385.44059465129));
#2320 = CARTESIAN_POINT('',(4.860148282805,385.72011227482));
#2321 = CARTESIAN_POINT('',(4.860148282805,386.26992048415));
#2322 = CARTESIAN_POINT('',(4.858346732944,386.53953623545));
#2323 = CARTESIAN_POINT('',(4.854750593006,386.80666844642));
#2324 = CARTESIAN_POINT('',(4.849321372548,387.06890680259));
#2325 = CARTESIAN_POINT('',(4.841986966718,387.32318405033));
#2326 = CARTESIAN_POINT('',(4.832654492454,387.56523052873));
#2327 = CARTESIAN_POINT('',(4.810834481393,387.99202168558));
#2328 = CARTESIAN_POINT('',(4.798429137219,388.18541003945));
#2329 = CARTESIAN_POINT('',(4.784045966415,388.35728743361));
#2330 = CARTESIAN_POINT('',(4.767881686154,388.49748703835));
#2331 = CARTESIAN_POINT('',(4.750259421816,388.59738870725));
#2332 = CARTESIAN_POINT('',(4.73159419257,388.65));
#2333 = CARTESIAN_POINT('',(4.712388980385,388.65));
#2334 = ( GEOMETRIC_REPRESENTATION_CONTEXT(2) 
PARAMETRIC_REPRESENTATION_CONTEXT() REPRESENTATION_CONTEXT('2D SPACE',''
  ) );
#2335 = ORIENTED_EDGE('',*,*,#2151,.T.);
#2336 = ADVANCED_FACE('',(#2337,#2363,#2366,#2369,#2372,#2375,#2378),
  #1155,.F.);
#2337 = FACE_BOUND('',#2338,.F.);
#2338 = EDGE_LOOP('',(#2339,#2360,#2361,#2362));
#2339 = ORIENTED_EDGE('',*,*,#2340,.F.);
#2340 = EDGE_CURVE('',#1139,#1174,#2341,.T.);
#2341 = SEAM_CURVE('',#2342,(#2346,#2353),.PCURVE_S1.);
#2342 = LINE('',#2343,#2344);
#2343 = CARTESIAN_POINT('',(234.,-4.40872847693E-15,511.));
#2344 = VECTOR('',#2345,1.);
#2345 = DIRECTION('',(1.,0.,2.22044604925E-16));
#2346 = PCURVE('',#1155,#2347);
#2347 = DEFINITIONAL_REPRESENTATION('',(#2348),#2352);
#2348 = LINE('',#2349,#2350);
#2349 = CARTESIAN_POINT('',(0.,-0.));
#2350 = VECTOR('',#2351,1.);
#2351 = DIRECTION('',(0.,1.));
#2352 = ( GEOMETRIC_REPRESENTATION_CONTEXT(2) 
PARAMETRIC_REPRESENTATION_CONTEXT() REPRESENTATION_CONTEXT('2D SPACE',''
  ) );
#2353 = PCURVE('',#1155,#2354);
#2354 = DEFINITIONAL_REPRESENTATION('',(#2355),#2359);
#2355 = LINE('',#2356,#2357);
#2356 = CARTESIAN_POINT('',(6.28318530718,-0.));
#2357 = VECTOR('',#2358,1.);
#2358 = DIRECTION('',(0.,1.));
#2359 = ( GEOMETRIC_REPRESENTATION_CONTEXT(2) 
PARAMETRIC_REPRESENTATION_CONTEXT() REPRESENTATION_CONTEXT('2D SPACE',''
  ) );
#2360 = ORIENTED_EDGE('',*,*,#1138,.T.);
#2361 = ORIENTED_EDGE('',*,*,#2340,.T.);
#2362 = ORIENTED_EDGE('',*,*,#1173,.F.);
#2363 = FACE_BOUND('',#2364,.F.);
#2364 = EDGE_LOOP('',(#2365));
#2365 = ORIENTED_EDGE('',*,*,#1200,.T.);
#2366 = FACE_BOUND('',#2367,.F.);
#2367 = EDGE_LOOP('',(#2368));
#2368 = ORIENTED_EDGE('',*,*,#1390,.T.);
#2369 = FACE_BOUND('',#2370,.F.);
#2370 = EDGE_LOOP('',(#2371));
#2371 = ORIENTED_EDGE('',*,*,#1604,.F.);
#2372 = FACE_BOUND('',#2373,.F.);
#2373 = EDGE_LOOP('',(#2374));
#2374 = ORIENTED_EDGE('',*,*,#1794,.F.);
#2375 = FACE_BOUND('',#2376,.F.);
#2376 = EDGE_LOOP('',(#2377));
#2377 = ORIENTED_EDGE('',*,*,#1960,.T.);
#2378 = FACE_BOUND('',#2379,.F.);
#2379 = EDGE_LOOP('',(#2380));
#2380 = ORIENTED_EDGE('',*,*,#2174,.F.);
#2381 = ( GEOMETRIC_REPRESENTATION_CONTEXT(3) 
GLOBAL_UNCERTAINTY_ASSIGNED_CONTEXT((#2385)) 
GLOBAL_UNIT_ASSIGNED_CONTEXT((#2382,#2383,#2384)) REPRESENTATION_CONTEXT
('Context #1','3D Context with UNIT and UNCERTAINTY') );
#2382 = ( LENGTH_UNIT() NAMED_UNIT(*) SI_UNIT(.MILLI.,.METRE.) );
#2383 = ( NAMED_UNIT(*) PLANE_ANGLE_UNIT() SI_UNIT($,.RADIAN.) );
#2384 = ( NAMED_UNIT(*) SI_UNIT($,.STERADIAN.) SOLID_ANGLE_UNIT() );
#2385 = UNCERTAINTY_MEASURE_WITH_UNIT(LENGTH_MEASURE(1.E-07),#2382,
  'distance_accuracy_value','confusion accuracy');
#2386 = PRODUCT_RELATED_PRODUCT_CATEGORY('part',$,(#7));
ENDSEC;
END-ISO-10303-21;
