ISO-10303-21;
HEADER;
FILE_DESCRIPTION(('Open CASCADE Model'),'2;1');
FILE_NAME('Open CASCADE Shape Model','2026-10-03T23:11:42',('Author'),(
    'Open CASCADE'),'Open CASCADE STEP processor 8.0','build123d',
  'Unknown');
FILE_SCHEMA(('AUTOMOTIVE_DESIGN { 1 0 10303 214 1 1 1 1 }'));
ENDSEC;
DATA;
#1 = APPLICATION_PROTOCOL_DEFINITION('international standard',
  'automotive_design',2000,#2);
#2 = APPLICATION_CONTEXT(
  'core data for automotive mechanical design processes');
#3 = SHAPE_DEFINITION_REPRESENTATION(#4,#10);
#4 = PRODUCT_DEFINITION_SHAPE('','',#5);
#5 = PRODUCT_DEFINITION('design','',#6,#9);
#6 = PRODUCT_DEFINITION_FORMATION('','',#7);
#7 = PRODUCT('COMPOUND','COMPOUND','',(#8));
#8 = PRODUCT_CONTEXT('',#2,'mechanical');
#9 = PRODUCT_DEFINITION_CONTEXT('part definition',#2,'design');
#10 = ADVANCED_BREP_SHAPE_REPRESENTATION('',(#11,#15),#3063);
#11 = AXIS2_PLACEMENT_3D('',#12,#13,#14);
#12 = CARTESIAN_POINT('',(0.,0.,0.));
#13 = DIRECTION('',(0.,0.,1.));
#14 = DIRECTION('',(1.,0.,-0.));
#15 = MANIFOLD_SOLID_BREP('',#16);
#16 = CLOSED_SHELL('',(#17,#168,#1887,#2240,#2269,#2674,#2776,#2874,
    #2903,#2972,#3004,#3054));
#17 = ADVANCED_FACE('',(#18,#137),#32,.F.);
#18 = FACE_BOUND('',#19,.F.);
#19 = EDGE_LOOP('',(#20,#55,#83,#111));
#20 = ORIENTED_EDGE('',*,*,#21,.F.);
#21 = EDGE_CURVE('',#22,#24,#26,.T.);
#22 = VERTEX_POINT('',#23);
#23 = CARTESIAN_POINT('',(45.,210.,0.));
#24 = VERTEX_POINT('',#25);
#25 = CARTESIAN_POINT('',(45.,210.,50.));
#26 = SURFACE_CURVE('',#27,(#31,#43),.PCURVE_S1.);
#27 = LINE('',#28,#29);
#28 = CARTESIAN_POINT('',(45.,210.,0.));
#29 = VECTOR('',#30,1.);
#30 = DIRECTION('',(0.,0.,1.));
#31 = PCURVE('',#32,#37);
#32 = PLANE('',#33);
#33 = AXIS2_PLACEMENT_3D('',#34,#35,#36);
#34 = CARTESIAN_POINT('',(45.,210.,0.));
#35 = DIRECTION('',(1.,0.,-0.));
#36 = DIRECTION('',(0.,0.,1.));
#37 = DEFINITIONAL_REPRESENTATION('',(#38),#42);
#38 = LINE('',#39,#40);
#39 = CARTESIAN_POINT('',(0.,0.));
#40 = VECTOR('',#41,1.);
#41 = DIRECTION('',(1.,0.));
#42 = ( GEOMETRIC_REPRESENTATION_CONTEXT(2) 
PARAMETRIC_REPRESENTATION_CONTEXT() REPRESENTATION_CONTEXT('2D SPACE',''
  ) );
#43 = PCURVE('',#44,#49);
#44 = PLANE('',#45);
#45 = AXIS2_PLACEMENT_3D('',#46,#47,#48);
#46 = CARTESIAN_POINT('',(45.,210.,0.));
#47 = DIRECTION('',(-0.,1.,0.));
#48 = DIRECTION('',(0.,0.,1.));
#49 = DEFINITIONAL_REPRESENTATION('',(#50),#54);
#50 = LINE('',#51,#52);
#51 = CARTESIAN_POINT('',(0.,0.));
#52 = VECTOR('',#53,1.);
#53 = DIRECTION('',(1.,0.));
#54 = ( GEOMETRIC_REPRESENTATION_CONTEXT(2) 
PARAMETRIC_REPRESENTATION_CONTEXT() REPRESENTATION_CONTEXT('2D SPACE',''
  ) );
#55 = ORIENTED_EDGE('',*,*,#56,.T.);
#56 = EDGE_CURVE('',#22,#57,#59,.T.);
#57 = VERTEX_POINT('',#58);
#58 = CARTESIAN_POINT('',(45.,240.,0.));
#59 = SURFACE_CURVE('',#60,(#64,#71),.PCURVE_S1.);
#60 = LINE('',#61,#62);
#61 = CARTESIAN_POINT('',(45.,210.,0.));
#62 = VECTOR('',#63,1.);
#63 = DIRECTION('',(-0.,1.,0.));
#64 = PCURVE('',#32,#65);
#65 = DEFINITIONAL_REPRESENTATION('',(#66),#70);
#66 = LINE('',#67,#68);
#67 = CARTESIAN_POINT('',(0.,0.));
#68 = VECTOR('',#69,1.);
#69 = DIRECTION('',(0.,-1.));
#70 = ( GEOMETRIC_REPRESENTATION_CONTEXT(2) 
PARAMETRIC_REPRESENTATION_CONTEXT() REPRESENTATION_CONTEXT('2D SPACE',''
  ) );
#71 = PCURVE('',#72,#77);
#72 = PLANE('',#73);
#73 = AXIS2_PLACEMENT_3D('',#74,#75,#76);
#74 = CARTESIAN_POINT('',(45.,210.,0.));
#75 = DIRECTION('',(0.,0.,1.));
#76 = DIRECTION('',(1.,0.,-0.));
#77 = DEFINITIONAL_REPRESENTATION('',(#78),#82);
#78 = LINE('',#79,#80);
#79 = CARTESIAN_POINT('',(0.,0.));
#80 = VECTOR('',#81,1.);
#81 = DIRECTION('',(0.,1.));
#82 = ( GEOMETRIC_REPRESENTATION_CONTEXT(2) 
PARAMETRIC_REPRESENTATION_CONTEXT() REPRESENTATION_CONTEXT('2D SPACE',''
  ) );
#83 = ORIENTED_EDGE('',*,*,#84,.T.);
#84 = EDGE_CURVE('',#57,#85,#87,.T.);
#85 = VERTEX_POINT('',#86);
#86 = CARTESIAN_POINT('',(45.,240.,50.));
#87 = SURFACE_CURVE('',#88,(#92,#99),.PCURVE_S1.);
#88 = LINE('',#89,#90);
#89 = CARTESIAN_POINT('',(45.,240.,0.));
#90 = VECTOR('',#91,1.);
#91 = DIRECTION('',(0.,0.,1.));
#92 = PCURVE('',#32,#93);
#93 = DEFINITIONAL_REPRESENTATION('',(#94),#98);
#94 = LINE('',#95,#96);
#95 = CARTESIAN_POINT('',(0.,-30.));
#96 = VECTOR('',#97,1.);
#97 = DIRECTION('',(1.,0.));
#98 = ( GEOMETRIC_REPRESENTATION_CONTEXT(2) 
PARAMETRIC_REPRESENTATION_CONTEXT() REPRESENTATION_CONTEXT('2D SPACE',''
  ) );
#99 = PCURVE('',#100,#105);
#100 = PLANE('',#101);
#101 = AXIS2_PLACEMENT_3D('',#102,#103,#104);
#102 = CARTESIAN_POINT('',(45.,240.,0.));
#103 = DIRECTION('',(-0.,1.,0.));
#104 = DIRECTION('',(0.,0.,1.));
#105 = DEFINITIONAL_REPRESENTATION('',(#106),#110);
#106 = LINE('',#107,#108);
#107 = CARTESIAN_POINT('',(0.,0.));
#108 = VECTOR('',#109,1.);
#109 = DIRECTION('',(1.,0.));
#110 = ( GEOMETRIC_REPRESENTATION_CONTEXT(2) 
PARAMETRIC_REPRESENTATION_CONTEXT() REPRESENTATION_CONTEXT('2D SPACE',''
  ) );
#111 = ORIENTED_EDGE('',*,*,#112,.F.);
#112 = EDGE_CURVE('',#24,#85,#113,.T.);
#113 = SURFACE_CURVE('',#114,(#118,#125),.PCURVE_S1.);
#114 = LINE('',#115,#116);
#115 = CARTESIAN_POINT('',(45.,210.,50.));
#116 = VECTOR('',#117,1.);
#117 = DIRECTION('',(-0.,1.,0.));
#118 = PCURVE('',#32,#119);
#119 = DEFINITIONAL_REPRESENTATION('',(#120),#124);
#120 = LINE('',#121,#122);
#121 = CARTESIAN_POINT('',(50.,0.));
#122 = VECTOR('',#123,1.);
#123 = DIRECTION('',(0.,-1.));
#124 = ( GEOMETRIC_REPRESENTATION_CONTEXT(2) 
PARAMETRIC_REPRESENTATION_CONTEXT() REPRESENTATION_CONTEXT('2D SPACE',''
  ) );
#125 = PCURVE('',#126,#131);
#126 = PLANE('',#127);
#127 = AXIS2_PLACEMENT_3D('',#128,#129,#130);
#128 = CARTESIAN_POINT('',(45.,210.,50.));
#129 = DIRECTION('',(0.,0.,1.));
#130 = DIRECTION('',(1.,0.,-0.));
#131 = DEFINITIONAL_REPRESENTATION('',(#132),#136);
#132 = LINE('',#133,#134);
#133 = CARTESIAN_POINT('',(0.,0.));
#134 = VECTOR('',#135,1.);
#135 = DIRECTION('',(0.,1.));
#136 = ( GEOMETRIC_REPRESENTATION_CONTEXT(2) 
PARAMETRIC_REPRESENTATION_CONTEXT() REPRESENTATION_CONTEXT('2D SPACE',''
  ) );
#137 = FACE_BOUND('',#138,.F.);
#138 = EDGE_LOOP('',(#139));
#139 = ORIENTED_EDGE('',*,*,#140,.F.);
#140 = EDGE_CURVE('',#141,#141,#143,.T.);
#141 = VERTEX_POINT('',#142);
#142 = CARTESIAN_POINT('',(45.,225.,6.9));
#143 = SURFACE_CURVE('',#144,(#149,#156),.PCURVE_S1.);
#144 = CIRCLE('',#145,10.1);
#145 = AXIS2_PLACEMENT_3D('',#146,#147,#148);
#146 = CARTESIAN_POINT('',(45.,225.,17.));
#147 = DIRECTION('',(1.,0.,2.22044604925E-16));
#148 = DIRECTION('',(2.22044604925E-16,0.,-1.));
#149 = PCURVE('',#32,#150);
#150 = DEFINITIONAL_REPRESENTATION('',(#151),#155);
#151 = CIRCLE('',#152,10.1);
#152 = AXIS2_PLACEMENT_2D('',#153,#154);
#153 = CARTESIAN_POINT('',(17.,-15.));
#154 = DIRECTION('',(-1.,0.));
#155 = ( GEOMETRIC_REPRESENTATION_CONTEXT(2) 
PARAMETRIC_REPRESENTATION_CONTEXT() REPRESENTATION_CONTEXT('2D SPACE',''
  ) );
#156 = PCURVE('',#157,#162);
#157 = CYLINDRICAL_SURFACE('',#158,10.1);
#158 = AXIS2_PLACEMENT_3D('',#159,#160,#161);
#159 = CARTESIAN_POINT('',(30.,225.,17.));
#160 = DIRECTION('',(1.,0.,2.22044604925E-16));
#161 = DIRECTION('',(2.22044604925E-16,0.,-1.));
#162 = DEFINITIONAL_REPRESENTATION('',(#163),#167);
#163 = LINE('',#164,#165);
#164 = CARTESIAN_POINT('',(0.,15.));
#165 = VECTOR('',#166,1.);
#166 = DIRECTION('',(1.,0.));
#167 = ( GEOMETRIC_REPRESENTATION_CONTEXT(2) 
PARAMETRIC_REPRESENTATION_CONTEXT() REPRESENTATION_CONTEXT('2D SPACE',''
  ) );
#168 = ADVANCED_FACE('',(#169),#157,.F.);
#169 = FACE_BOUND('',#170,.F.);
#170 = EDGE_LOOP('',(#171,#258,#281,#308,#309,#383,#438,#715,#798,#1070,
    #1657,#1678,#1679,#1680));
#171 = ORIENTED_EDGE('',*,*,#172,.T.);
#172 = EDGE_CURVE('',#173,#175,#177,.T.);
#173 = VERTEX_POINT('',#174);
#174 = CARTESIAN_POINT('',(68.753272544991,222.9862769622,7.1027822324)
  );
#175 = VERTEX_POINT('',#176);
#176 = CARTESIAN_POINT('',(70.15,225.,6.9));
#177 = SURFACE_CURVE('',#178,(#205,#235),.PCURVE_S1.);
#178 = B_SPLINE_CURVE_WITH_KNOTS('',7,(#179,#180,#181,#182,#183,#184,
    #185,#186,#187,#188,#189,#190,#191,#192,#193,#194,#195,#196,#197,
    #198,#199,#200,#201,#202,#203,#204),.UNSPECIFIED.,.F.,.F.,(8,6,6,6,8
    ),(0.,0.235455465177,0.500049831533,0.764644023244,1.),
  .UNSPECIFIED.);
#179 = CARTESIAN_POINT('',(65.85,225.,6.9));
#180 = CARTESIAN_POINT('',(65.85,224.72555584487,6.9));
#181 = CARTESIAN_POINT('',(65.890870662018,224.45832890052,
    6.908700582603));
#182 = CARTESIAN_POINT('',(65.968745795162,224.2053847848,6.925275873887
    ));
#183 = CARTESIAN_POINT('',(66.078479288237,223.97265196652,
    6.947645941013));
#184 = CARTESIAN_POINT('',(66.213645308092,223.76474699457,
    6.972951205677));
#185 = CARTESIAN_POINT('',(66.366535538204,223.58455276231,
    6.998493517981));
#186 = CARTESIAN_POINT('',(66.709921703115,223.26209168983,
    7.049145454267));
#187 = CARTESIAN_POINT('',(66.907896591365,223.12242663474,7.07457213502
    ));
#188 = CARTESIAN_POINT('',(67.116821877583,223.01250160845,7.09657575139
    ));
#189 = CARTESIAN_POINT('',(67.333012039537,222.93103847717,
    7.113833870011));
#190 = CARTESIAN_POINT('',(67.553723402397,222.87704894842,
    7.125596505554));
#191 = CARTESIAN_POINT('',(67.776732226169,222.85,7.13148947409));
#192 = CARTESIAN_POINT('',(68.223267626464,222.85,7.13148947409));
#193 = CARTESIAN_POINT('',(68.446282095609,222.8770488848,7.125596519744
    ));
#194 = CARTESIAN_POINT('',(68.666996723643,222.93104095382,
    7.113833332975));
#195 = CARTESIAN_POINT('',(68.883182962988,223.01250550771,7.09657488833
    ));
#196 = CARTESIAN_POINT('',(69.092099590502,223.12242674529,7.07457239314
    ));
#197 = CARTESIAN_POINT('',(69.290071050239,223.26208488478,
    7.049146523199));
#198 = CARTESIAN_POINT('',(69.633402695262,223.58449475968,
    6.998502628991));
#199 = CARTESIAN_POINT('',(69.786329374253,223.76469520382,6.97295723474
    ));
#200 = CARTESIAN_POINT('',(69.921548728311,223.97266026177,
    6.947641818738));
#201 = CARTESIAN_POINT('',(70.031306961649,224.20547335118,
    6.925264618465));
#202 = CARTESIAN_POINT('',(70.109166096567,224.45847173988,
    6.908692762885));
#203 = CARTESIAN_POINT('',(70.15,224.72567926015,6.9));
#204 = CARTESIAN_POINT('',(70.15,225.,6.9));
#205 = PCURVE('',#157,#206);
#206 = DEFINITIONAL_REPRESENTATION('',(#207),#234);
#207 = B_SPLINE_CURVE_WITH_KNOTS('',7,(#208,#209,#210,#211,#212,#213,
    #214,#215,#216,#217,#218,#219,#220,#221,#222,#223,#224,#225,#226,
    #227,#228,#229,#230,#231,#232,#233),.UNSPECIFIED.,.F.,.F.,(8,6,6,6,8
    ),(0.,0.235455465177,0.500049831533,0.764644023244,1.),
  .UNSPECIFIED.);
#208 = CARTESIAN_POINT('',(6.28318530718,35.85));
#209 = CARTESIAN_POINT('',(6.256012618553,35.85));
#210 = CARTESIAN_POINT('',(6.229554475946,35.890870662018));
#211 = CARTESIAN_POINT('',(6.204477895479,35.968745795162));
#212 = CARTESIAN_POINT('',(6.181344022384,36.078479288237));
#213 = CARTESIAN_POINT('',(6.160614043568,36.213645308091));
#214 = CARTESIAN_POINT('',(6.142596734979,36.366535538204));
#215 = CARTESIAN_POINT('',(6.110278416678,36.709921703115));
#216 = CARTESIAN_POINT('',(6.096227041563,36.907896591365));
#217 = CARTESIAN_POINT('',(6.08512898231,37.116821877583));
#218 = CARTESIAN_POINT('',(6.076884478318,37.333012039537));
#219 = CARTESIAN_POINT('',(6.071413576377,37.553723402397));
#220 = CARTESIAN_POINT('',(6.06867264327,37.776732226169));
#221 = CARTESIAN_POINT('',(6.06867264327,38.223267626464));
#222 = CARTESIAN_POINT('',(6.07141356976,38.446282095609));
#223 = CARTESIAN_POINT('',(6.076884729804,38.666996723643));
#224 = CARTESIAN_POINT('',(6.085129376634,38.883182962988));
#225 = CARTESIAN_POINT('',(6.096227048287,39.092099590502));
#226 = CARTESIAN_POINT('',(6.110277734649,39.290071050239));
#227 = CARTESIAN_POINT('',(6.142590921727,39.633402695262));
#228 = CARTESIAN_POINT('',(6.160608884515,39.786329374253));
#229 = CARTESIAN_POINT('',(6.181344893677,39.921548728311));
#230 = CARTESIAN_POINT('',(6.204486711856,40.031306961649));
#231 = CARTESIAN_POINT('',(6.229568617774,40.109166096567));
#232 = CARTESIAN_POINT('',(6.256024837888,40.15));
#233 = CARTESIAN_POINT('',(6.28318530718,40.15));
#234 = ( GEOMETRIC_REPRESENTATION_CONTEXT(2) 
PARAMETRIC_REPRESENTATION_CONTEXT() REPRESENTATION_CONTEXT('2D SPACE',''
  ) );
#235 = PCURVE('',#236,#241);
#236 = CYLINDRICAL_SURFACE('',#237,2.15);
#237 = AXIS2_PLACEMENT_3D('',#238,#239,#240);
#238 = CARTESIAN_POINT('',(68.,225.,-1.));
#239 = DIRECTION('',(0.,0.,1.));
#240 = DIRECTION('',(1.,0.,-0.));
#241 = DEFINITIONAL_REPRESENTATION('',(#242),#257);
#242 = B_SPLINE_CURVE_WITH_KNOTS('',7,(#243,#244,#245,#246,#247,#248,
    #249,#250,#251,#252,#253,#254,#255,#256),.UNSPECIFIED.,.F.,.F.,(8,6,
    8),(0.629302988975,0.764644023244,1.),.UNSPECIFIED.);
#243 = CARTESIAN_POINT('',(5.070343690749,8.102782239056));
#244 = CARTESIAN_POINT('',(5.124822376168,8.094432645782));
#245 = CARTESIAN_POINT('',(5.179803361662,8.084794106556));
#246 = CARTESIAN_POINT('',(5.235399061226,8.073975360568));
#247 = CARTESIAN_POINT('',(5.291725318882,8.062118314426));
#248 = CARTESIAN_POINT('',(5.348904496495,8.049402948738));
#249 = CARTESIAN_POINT('',(5.407069221627,8.036053451841));
#250 = CARTESIAN_POINT('',(5.569496475435,7.998502628991));
#251 = CARTESIAN_POINT('',(5.678721880169,7.97295723474));
#252 = CARTESIAN_POINT('',(5.792574202126,7.947641818738));
#253 = CARTESIAN_POINT('',(5.910245064024,7.925264618465));
#254 = CARTESIAN_POINT('',(6.031311812233,7.908692762885));
#255 = CARTESIAN_POINT('',(6.155594265393,7.9));
#256 = CARTESIAN_POINT('',(6.28318530718,7.9));
#257 = ( GEOMETRIC_REPRESENTATION_CONTEXT(2) 
PARAMETRIC_REPRESENTATION_CONTEXT() REPRESENTATION_CONTEXT('2D SPACE',''
  ) );
#258 = ORIENTED_EDGE('',*,*,#259,.T.);
#259 = EDGE_CURVE('',#175,#260,#262,.T.);
#260 = VERTEX_POINT('',#261);
#261 = CARTESIAN_POINT('',(75.,225.,6.9));
#262 = SEAM_CURVE('',#263,(#267,#274),.PCURVE_S1.);
#263 = LINE('',#264,#265);
#264 = CARTESIAN_POINT('',(30.,225.,6.9));
#265 = VECTOR('',#266,1.);
#266 = DIRECTION('',(1.,0.,2.22044604925E-16));
#267 = PCURVE('',#157,#268);
#268 = DEFINITIONAL_REPRESENTATION('',(#269),#273);
#269 = LINE('',#270,#271);
#270 = CARTESIAN_POINT('',(6.28318530718,-0.));
#271 = VECTOR('',#272,1.);
#272 = DIRECTION('',(0.,1.));
#273 = ( GEOMETRIC_REPRESENTATION_CONTEXT(2) 
PARAMETRIC_REPRESENTATION_CONTEXT() REPRESENTATION_CONTEXT('2D SPACE',''
  ) );
#274 = PCURVE('',#157,#275);
#275 = DEFINITIONAL_REPRESENTATION('',(#276),#280);
#276 = LINE('',#277,#278);
#277 = CARTESIAN_POINT('',(0.,-0.));
#278 = VECTOR('',#279,1.);
#279 = DIRECTION('',(0.,1.));
#280 = ( GEOMETRIC_REPRESENTATION_CONTEXT(2) 
PARAMETRIC_REPRESENTATION_CONTEXT() REPRESENTATION_CONTEXT('2D SPACE',''
  ) );
#281 = ORIENTED_EDGE('',*,*,#282,.F.);
#282 = EDGE_CURVE('',#260,#260,#283,.T.);
#283 = SURFACE_CURVE('',#284,(#289,#296),.PCURVE_S1.);
#284 = CIRCLE('',#285,10.1);
#285 = AXIS2_PLACEMENT_3D('',#286,#287,#288);
#286 = CARTESIAN_POINT('',(75.,225.,17.));
#287 = DIRECTION('',(1.,0.,2.22044604925E-16));
#288 = DIRECTION('',(2.22044604925E-16,0.,-1.));
#289 = PCURVE('',#157,#290);
#290 = DEFINITIONAL_REPRESENTATION('',(#291),#295);
#291 = LINE('',#292,#293);
#292 = CARTESIAN_POINT('',(0.,45.));
#293 = VECTOR('',#294,1.);
#294 = DIRECTION('',(1.,0.));
#295 = ( GEOMETRIC_REPRESENTATION_CONTEXT(2) 
PARAMETRIC_REPRESENTATION_CONTEXT() REPRESENTATION_CONTEXT('2D SPACE',''
  ) );
#296 = PCURVE('',#297,#302);
#297 = PLANE('',#298);
#298 = AXIS2_PLACEMENT_3D('',#299,#300,#301);
#299 = CARTESIAN_POINT('',(75.,210.,0.));
#300 = DIRECTION('',(1.,0.,-0.));
#301 = DIRECTION('',(0.,0.,1.));
#302 = DEFINITIONAL_REPRESENTATION('',(#303),#307);
#303 = CIRCLE('',#304,10.1);
#304 = AXIS2_PLACEMENT_2D('',#305,#306);
#305 = CARTESIAN_POINT('',(17.,-15.));
#306 = DIRECTION('',(-1.,0.));
#307 = ( GEOMETRIC_REPRESENTATION_CONTEXT(2) 
PARAMETRIC_REPRESENTATION_CONTEXT() REPRESENTATION_CONTEXT('2D SPACE',''
  ) );
#308 = ORIENTED_EDGE('',*,*,#259,.F.);
#309 = ORIENTED_EDGE('',*,*,#310,.T.);
#310 = EDGE_CURVE('',#175,#311,#313,.T.);
#311 = VERTEX_POINT('',#312);
#312 = CARTESIAN_POINT('',(69.879531994096,226.04396335336,
    6.954098342269));
#313 = SURFACE_CURVE('',#314,(#341,#371),.PCURVE_S1.);
#314 = B_SPLINE_CURVE_WITH_KNOTS('',7,(#315,#316,#317,#318,#319,#320,
    #321,#322,#323,#324,#325,#326,#327,#328,#329,#330,#331,#332,#333,
    #334,#335,#336,#337,#338,#339,#340),.UNSPECIFIED.,.F.,.F.,(8,6,6,6,8
    ),(0.,0.235432349806,0.500006950282,0.764601471856,1.),
  .UNSPECIFIED.);
#315 = CARTESIAN_POINT('',(70.15,225.,6.9));
#316 = CARTESIAN_POINT('',(70.15,225.27444415512,6.9));
#317 = CARTESIAN_POINT('',(70.109129337982,225.54167109947,
    6.908700582603));
#318 = CARTESIAN_POINT('',(70.031254204837,225.79461521519,
    6.925275873887));
#319 = CARTESIAN_POINT('',(69.921520711764,226.02734803347,
    6.947645941013));
#320 = CARTESIAN_POINT('',(69.786354691908,226.23525300542,
    6.972951205677));
#321 = CARTESIAN_POINT('',(69.633464461796,226.41544723768,
    6.998493517981));
#322 = CARTESIAN_POINT('',(69.290074031935,226.73791231522,
    7.049146083378));
#323 = CARTESIAN_POINT('',(69.092104650202,226.87757007721,
    7.074571780403));
#324 = CARTESIAN_POINT('',(68.883185087318,226.98749522398,
    7.096574874979));
#325 = CARTESIAN_POINT('',(68.666990336471,227.06896348297,7.11383431722
    ));
#326 = CARTESIAN_POINT('',(68.44626660291,227.12295512571,7.125597387459
    ));
#327 = CARTESIAN_POINT('',(68.223250816833,227.15,7.13148947409));
#328 = CARTESIAN_POINT('',(67.776732373536,227.15,7.13148947409));
#329 = CARTESIAN_POINT('',(67.55371790439,227.12295111519,7.125596519744
    ));
#330 = CARTESIAN_POINT('',(67.333003276358,227.06895904617,
    7.113833332975));
#331 = CARTESIAN_POINT('',(67.116817037011,226.98749449229,
    7.096574888329));
#332 = CARTESIAN_POINT('',(66.907900409499,226.8775732547,7.07457239314)
  );
#333 = CARTESIAN_POINT('',(66.709928949761,226.73791511521,
    7.049146523199));
#334 = CARTESIAN_POINT('',(66.366568284881,226.41547798885,
    6.998498348352));
#335 = CARTESIAN_POINT('',(66.213663683621,226.23528513282,6.97295513205
    ));
#336 = CARTESIAN_POINT('',(66.07846935754,226.02735224808,6.947644822423
    ));
#337 = CARTESIAN_POINT('',(65.968718961985,225.79457545095,
    6.925270176826));
#338 = CARTESIAN_POINT('',(65.890849933634,225.54159595109,
    6.908696162708));
#339 = CARTESIAN_POINT('',(65.85,225.2743745666,6.9));
#340 = CARTESIAN_POINT('',(65.85,225.,6.9));
#341 = PCURVE('',#157,#342);
#342 = DEFINITIONAL_REPRESENTATION('',(#343),#370);
#343 = B_SPLINE_CURVE_WITH_KNOTS('',7,(#344,#345,#346,#347,#348,#349,
    #350,#351,#352,#353,#354,#355,#356,#357,#358,#359,#360,#361,#362,
    #363,#364,#365,#366,#367,#368,#369),.UNSPECIFIED.,.F.,.F.,(8,6,6,6,8
    ),(0.,0.235432349806,0.500006950282,0.764601471856,1.),
  .UNSPECIFIED.);
#344 = CARTESIAN_POINT('',(0.,40.15));
#345 = CARTESIAN_POINT('',(2.717268862625E-02,40.15));
#346 = CARTESIAN_POINT('',(5.363083123319E-02,40.109129337982));
#347 = CARTESIAN_POINT('',(7.870741170087E-02,40.031254204838));
#348 = CARTESIAN_POINT('',(0.101841284795,39.921520711763));
#349 = CARTESIAN_POINT('',(0.122571263612,39.786354691908));
#350 = CARTESIAN_POINT('',(0.1405885722,39.633464461796));
#351 = CARTESIAN_POINT('',(0.172907291904,39.290074031935));
#352 = CARTESIAN_POINT('',(0.186957938818,39.092104650202));
#353 = CARTESIAN_POINT('',(0.198056001012,38.883185087318));
#354 = CARTESIAN_POINT('',(0.20630102744,38.666990336471));
#355 = CARTESIAN_POINT('',(0.211772143626,38.44626660291));
#356 = CARTESIAN_POINT('',(0.21451266391,38.223250816833));
#357 = CARTESIAN_POINT('',(0.21451266391,37.776732373536));
#358 = CARTESIAN_POINT('',(0.211771737419,37.55371790439));
#359 = CARTESIAN_POINT('',(0.206300577375,37.333003276358));
#360 = CARTESIAN_POINT('',(0.198055930546,37.116817037011));
#361 = CARTESIAN_POINT('',(0.186958258893,36.907900409499));
#362 = CARTESIAN_POINT('',(0.172907572531,36.709928949761));
#363 = CARTESIAN_POINT('',(0.140591654204,36.366568284881));
#364 = CARTESIAN_POINT('',(0.122574467153,36.213663683621));
#365 = CARTESIAN_POINT('',(0.101841680292,36.07846935754));
#366 = CARTESIAN_POINT('',(7.870344855311E-02,35.968718961985));
#367 = CARTESIAN_POINT('',(5.362339073568E-02,35.890849933634));
#368 = CARTESIAN_POINT('',(2.716579867394E-02,35.85));
#369 = CARTESIAN_POINT('',(0.,35.85));
#370 = ( GEOMETRIC_REPRESENTATION_CONTEXT(2) 
PARAMETRIC_REPRESENTATION_CONTEXT() REPRESENTATION_CONTEXT('2D SPACE',''
  ) );
#371 = PCURVE('',#236,#372);
#372 = DEFINITIONAL_REPRESENTATION('',(#373),#382);
#373 = B_SPLINE_CURVE_WITH_KNOTS('',7,(#374,#375,#376,#377,#378,#379,
    #380,#381),.UNSPECIFIED.,.F.,.F.,(8,8),(0.,0.140287087527),
  .PIECEWISE_BEZIER_KNOTS.);
#374 = CARTESIAN_POINT('',(6.28318530718,7.9));
#375 = CARTESIAN_POINT('',(6.359247192834,7.9));
#376 = CARTESIAN_POINT('',(6.434117157998,7.903089238638));
#377 = CARTESIAN_POINT('',(6.50781878442,7.909092985528));
#378 = CARTESIAN_POINT('',(6.580340755832,7.917678413078));
#379 = CARTESIAN_POINT('',(6.651639492686,7.928390234618));
#380 = CARTESIAN_POINT('',(6.721633977837,7.940707231163));
#381 = CARTESIAN_POINT('',(6.790193919684,7.954098323657));
#382 = ( GEOMETRIC_REPRESENTATION_CONTEXT(2) 
PARAMETRIC_REPRESENTATION_CONTEXT() REPRESENTATION_CONTEXT('2D SPACE',''
  ) );
#383 = ORIENTED_EDGE('',*,*,#384,.F.);
#384 = EDGE_CURVE('',#385,#311,#387,.T.);
#385 = VERTEX_POINT('',#386);
#386 = CARTESIAN_POINT('',(70.1,228.098339792,7.386972873583));
#387 = SURFACE_CURVE('',#388,(#401,#417),.PCURVE_S1.);
#388 = B_SPLINE_CURVE_WITH_KNOTS('',6,(#389,#390,#391,#392,#393,#394,
    #395,#396,#397,#398,#399,#400),.UNSPECIFIED.,.F.,.F.,(7,5,7),(0.,
    0.120303667535,1.),.UNSPECIFIED.);
#389 = CARTESIAN_POINT('',(70.1,228.098339792,7.38697287358));
#390 = CARTESIAN_POINT('',(70.1,228.03599575521,7.366878993948));
#391 = CARTESIAN_POINT('',(70.099493335898,227.9734588712,7.347258546535
    ));
#392 = CARTESIAN_POINT('',(70.098477727177,227.91074716529,
    7.328118524732));
#393 = CARTESIAN_POINT('',(70.096951709853,227.84787903682,
    7.309465179652));
#394 = CARTESIAN_POINT('',(70.094914636474,227.78487325913,
    7.291304020136));
#395 = CARTESIAN_POINT('',(70.07373522937,227.26016540223,7.144473854832
    ));
#396 = CARTESIAN_POINT('',(70.027881720213,226.79459924654,
    7.042538671226));
#397 = CARTESIAN_POINT('',(69.95530547951,226.3302734598,6.968516245607)
  );
#398 = CARTESIAN_POINT('',(69.857935146252,225.87266009841,
    6.921698697761));
#399 = CARTESIAN_POINT('',(69.739141406252,225.42735796979,6.9));
#400 = CARTESIAN_POINT('',(69.603782561313,225.,6.9));
#401 = PCURVE('',#157,#402);
#402 = DEFINITIONAL_REPRESENTATION('',(#403),#416);
#403 = B_SPLINE_CURVE_WITH_KNOTS('',6,(#404,#405,#406,#407,#408,#409,
    #410,#411,#412,#413,#414,#415),.UNSPECIFIED.,.F.,.F.,(7,5,7),(0.,
    0.120303667535,1.),.UNSPECIFIED.);
#404 = CARTESIAN_POINT('',(0.311793669037,40.1));
#405 = CARTESIAN_POINT('',(0.305308299135,40.1));
#406 = CARTESIAN_POINT('',(0.298819136324,40.099493335898));
#407 = CARTESIAN_POINT('',(0.292327598396,40.098477727177));
#408 = CARTESIAN_POINT('',(0.28583511672,40.096951709853));
#409 = CARTESIAN_POINT('',(0.279343136241,40.094914636474));
#410 = CARTESIAN_POINT('',(0.225396146123,40.07373522937));
#411 = CARTESIAN_POINT('',(0.17828598098,40.027881720213));
#412 = CARTESIAN_POINT('',(0.131846540031,39.95530547951));
#413 = CARTESIAN_POINT('',(8.640200375075E-02,39.857935146252));
#414 = CARTESIAN_POINT('',(4.231267027627E-02,39.739141406252));
#415 = CARTESIAN_POINT('',(0.,39.603782561313));
#416 = ( GEOMETRIC_REPRESENTATION_CONTEXT(2) 
PARAMETRIC_REPRESENTATION_CONTEXT() REPRESENTATION_CONTEXT('2D SPACE',''
  ) );
#417 = PCURVE('',#418,#423);
#418 = CYLINDRICAL_SURFACE('',#419,10.1);
#419 = AXIS2_PLACEMENT_3D('',#420,#421,#422);
#420 = CARTESIAN_POINT('',(60.,102.73517890775,533.91224858741));
#421 = DIRECTION('',(0.,0.231620527306,-0.972806214685));
#422 = DIRECTION('',(1.,0.,0.));
#423 = DEFINITIONAL_REPRESENTATION('',(#424),#437);
#424 = B_SPLINE_CURVE_WITH_KNOTS('',6,(#425,#426,#427,#428,#429,#430,
    #431,#432,#433,#434,#435,#436),.UNSPECIFIED.,.F.,.F.,(7,5,7),(0.,
    0.120303667535,1.),.UNSPECIFIED.);
#425 = CARTESIAN_POINT('',(0.,541.2437418321));
#426 = CARTESIAN_POINT('',(6.465625884669E-03,541.24884912441));
#427 = CARTESIAN_POINT('',(1.293896848269E-02,541.25345119154));
#428 = CARTESIAN_POINT('',(1.941862002143E-02,541.25754540531));
#429 = CARTESIAN_POINT('',(2.590315583775E-02,541.26112994626));
#430 = CARTESIAN_POINT('',(3.239113437797E-02,541.26420380365));
#431 = CARTESIAN_POINT('',(8.633764285034E-02,541.28550799046));
#432 = CARTESIAN_POINT('',(0.133658268841,541.27683649209));
#433 = CARTESIAN_POINT('',(0.180515033981,541.24129858419));
#434 = CARTESIAN_POINT('',(0.226577217899,541.18085033763));
#435 = CARTESIAN_POINT('',(0.271474877027,541.09881785182));
#436 = CARTESIAN_POINT('',(0.314763704762,540.99983297351));
#437 = ( GEOMETRIC_REPRESENTATION_CONTEXT(2) 
PARAMETRIC_REPRESENTATION_CONTEXT() REPRESENTATION_CONTEXT('2D SPACE',''
  ) );
#438 = ORIENTED_EDGE('',*,*,#439,.F.);
#439 = EDGE_CURVE('',#440,#385,#442,.T.);
#440 = VERTEX_POINT('',#441);
#441 = CARTESIAN_POINT('',(69.700847908579,226.31514880978,
    27.014009374681));
#442 = SURFACE_CURVE('',#443,(#530,#620),.PCURVE_S1.);
#443 = B_SPLINE_CURVE_WITH_KNOTS('',8,(#444,#445,#446,#447,#448,#449,
    #450,#451,#452,#453,#454,#455,#456,#457,#458,#459,#460,#461,#462,
    #463,#464,#465,#466,#467,#468,#469,#470,#471,#472,#473,#474,#475,
    #476,#477,#478,#479,#480,#481,#482,#483,#484,#485,#486,#487,#488,
    #489,#490,#491,#492,#493,#494,#495,#496,#497,#498,#499,#500,#501,
    #502,#503,#504,#505,#506,#507,#508,#509,#510,#511,#512,#513,#514,
    #515,#516,#517,#518,#519,#520,#521,#522,#523,#524,#525,#526,#527,
    #528,#529),.UNSPECIFIED.,.F.,.F.,(9,7,7,7,7,7,7,7,7,7,7,7,9),(0.,
    4.970768858289E-02,8.776349604973E-02,0.142335430542,0.303985471728,
    0.437051994129,0.500000000001,0.562948005873,0.696014528273,
    0.857664569458,0.91223650395,0.950292311417,1.),.UNSPECIFIED.);
#444 = CARTESIAN_POINT('',(70.1,223.43384904919,26.977833993372));
#445 = CARTESIAN_POINT('',(70.1,223.68742104266,27.017635419105));
#446 = CARTESIAN_POINT('',(70.092590262483,223.94122905708,
    27.04992749419));
#447 = CARTESIAN_POINT('',(70.077924255631,224.19456158999,
    27.074695021967));
#448 = CARTESIAN_POINT('',(70.056235612567,224.44669775416,
    27.092004511088));
#449 = CARTESIAN_POINT('',(70.027837199464,224.69690746375,
    27.102005111717));
#450 = CARTESIAN_POINT('',(69.993120183642,224.94445162038,
    27.104929551746));
#451 = CARTESIAN_POINT('',(69.95255310167,225.18858229926,
    27.101095072996));
#452 = CARTESIAN_POINT('',(69.87156155903,225.61225487244,
    27.083102445033));
#453 = CARTESIAN_POINT('',(69.833299983827,225.7936941964,
    27.071567731133));
#454 = CARTESIAN_POINT('',(69.792081504643,225.97277014685,
    27.056458028823));
#455 = CARTESIAN_POINT('',(69.748089703529,226.14939733321,
    27.037931716826));
#456 = CARTESIAN_POINT('',(69.70150644181,226.32349573453,
    27.016147749488));
#457 = CARTESIAN_POINT('',(69.652511860076,226.49499069956,
    26.991265656784));
#458 = CARTESIAN_POINT('',(69.601284378188,226.66381294674,
    26.963445544316));
#459 = CARTESIAN_POINT('',(69.471592024773,227.06806493187,
    26.888971423682));
#460 = CARTESIAN_POINT('',(69.390929468896,227.30068360379,
    26.839368810001));
#461 = CARTESIAN_POINT('',(69.306453215607,227.52779549485,
    26.784463593567));
#462 = CARTESIAN_POINT('',(69.21856275935,227.74946692566,
    26.724644370001));
#463 = CARTESIAN_POINT('',(69.127618733031,227.96578665198,
    26.660265218027));
#464 = CARTESIAN_POINT('',(69.033944739987,228.17686289417,
    26.591645928247));
#465 = CARTESIAN_POINT('',(68.937829185962,228.38282036666,
    26.519072231925));
#466 = CARTESIAN_POINT('',(68.548342006491,229.17912036209,
    26.216854777423));
#467 = CARTESIAN_POINT('',(68.236984789968,229.73276093831,
    25.957660453395));
#468 = CARTESIAN_POINT('',(67.912291424328,230.24690400819,
    25.671714235528));
#469 = CARTESIAN_POINT('',(67.57927836066,230.72445205554,
    25.363665167592));
#470 = CARTESIAN_POINT('',(67.241557481062,231.16859204333,
    25.036519985962));
#471 = CARTESIAN_POINT('',(66.901749491259,231.58257660806,
    24.691670862535));
#472 = CARTESIAN_POINT('',(66.561859511597,231.96943096906,
    24.329011881377));
#473 = CARTESIAN_POINT('',(65.947222764729,232.62985938282,
    23.631983571394));
#474 = CARTESIAN_POINT('',(65.675393682663,232.90727592388,
    23.308270291882));
#475 = CARTESIAN_POINT('',(65.408555402521,233.16847859972,
    22.972681175384));
#476 = CARTESIAN_POINT('',(65.147560620669,233.41554597855,
    22.622463074337));
#477 = CARTESIAN_POINT('',(64.895800205715,233.64857224083,
    22.255839094666));
#478 = CARTESIAN_POINT('',(64.659744072644,233.86641990758,
    21.872206432297));
#479 = CARTESIAN_POINT('',(64.448900829634,234.06784078675,
    21.471451361625));
#480 = CARTESIAN_POINT('',(64.191712465121,234.33841457895,
    20.853689281492));
#481 = CARTESIAN_POINT('',(64.116382734484,234.42222987927,
    20.649097002765));
#482 = CARTESIAN_POINT('',(64.050418005912,234.50201016566,
    20.439531922728));
#483 = CARTESIAN_POINT('',(63.995574736445,234.57714531927,
    20.225896755032));
#484 = CARTESIAN_POINT('',(63.953250005277,234.64725809636,
    20.008792986058));
#485 = CARTESIAN_POINT('',(63.924476454871,234.71210956323,
    19.78857069472));
#486 = CARTESIAN_POINT('',(63.909926615879,234.77152535645,
    19.565400455653));
#487 = CARTESIAN_POINT('',(63.909926615879,234.87916018019,
    19.113334195929));
#488 = CARTESIAN_POINT('',(63.924476454871,234.92668975149,
    18.887333904027));
#489 = CARTESIAN_POINT('',(63.953250005277,234.96803840163,
    18.661515703941));
#490 = CARTESIAN_POINT('',(63.995574736445,235.00328491711,
    18.436110444108));
#491 = CARTESIAN_POINT('',(64.050418005912,235.03248483409,
    18.211538315311));
#492 = CARTESIAN_POINT('',(64.116382734484,235.05570386342,
    17.988506269308));
#493 = CARTESIAN_POINT('',(64.191712465121,235.07307985828,
    17.768095108324));
#494 = CARTESIAN_POINT('',(64.448900829631,235.10992822581,
    17.094684117566));
#495 = CARTESIAN_POINT('',(64.659744072641,235.11071680759,
    16.646159452272));
#496 = CARTESIAN_POINT('',(64.895800205738,235.08912502588,
    16.205517397368));
#497 = CARTESIAN_POINT('',(65.147560620637,235.04631839634,
    15.773218919749));
#498 = CARTESIAN_POINT('',(65.408555402541,234.98358400067,
    15.34923849134));
#499 = CARTESIAN_POINT('',(65.675393682659,234.90163850993,
    14.931947430465));
#500 = CARTESIAN_POINT('',(65.947222764729,234.79986706705,
    14.517951297626));
#501 = CARTESIAN_POINT('',(66.5618595116,234.52441154124,13.598093478215
    ));
#502 = CARTESIAN_POINT('',(66.901749491248,234.34249517186,
    13.100012894603));
#503 = CARTESIAN_POINT('',(67.241557481082,234.12833366324,
    12.605605182246));
#504 = CARTESIAN_POINT('',(67.579278360635,233.87927412084,
    12.113412493484));
#505 = CARTESIAN_POINT('',(67.912291424349,233.59178552974,
    11.62321184491));
#506 = CARTESIAN_POINT('',(68.236984789959,233.26166790892,
    11.13625117691));
#507 = CARTESIAN_POINT('',(68.548342006493,232.8842351371,
    10.655372722383));
#508 = CARTESIAN_POINT('',(68.937829185962,232.30956747046,
    10.026734395963));
#509 = CARTESIAN_POINT('',(69.033944739987,232.15841332384,
    9.869134123663));
#510 = CARTESIAN_POINT('',(69.127618733031,232.00090760302,
    9.712757223644));
#511 = CARTESIAN_POINT('',(69.21856275935,231.83681021196,9.55780256753)
  );
#512 = CARTESIAN_POINT('',(69.306453215607,231.66588043027,
    9.404506864796));
#513 = CARTESIAN_POINT('',(69.390929468896,231.48787946197,
    9.253146205657));
#514 = CARTESIAN_POINT('',(69.471592024773,231.30257298419,
    9.104037603952));
#515 = CARTESIAN_POINT('',(69.601284378188,230.97525697457,
    8.855380627428));
#516 = CARTESIAN_POINT('',(69.652511860076,230.83708566297,
    8.754466810487));
#517 = CARTESIAN_POINT('',(69.70150644181,230.69520440548,8.654971331468
    ));
#518 = CARTESIAN_POINT('',(69.748089703529,230.54960289946,
    8.557068338572));
#519 = CARTESIAN_POINT('',(69.792081504642,230.40027589516,
    8.460933885944));
#520 = CARTESIAN_POINT('',(69.833299983827,230.24722319579,
    8.366745933677));
#521 = CARTESIAN_POINT('',(69.87156155903,230.09044965749,8.274684347808
    ));
#522 = CARTESIAN_POINT('',(69.95255310167,229.72034378073,8.067696850814
    ));
#523 = CARTESIAN_POINT('',(69.993120183642,229.50413536469,
    7.954257825655));
#524 = CARTESIAN_POINT('',(70.027837199464,229.28183385918,
    7.845314250888));
#525 = CARTESIAN_POINT('',(70.056235612567,229.05396397652,
    7.741486377171));
#526 = CARTESIAN_POINT('',(70.077924255631,228.8210806353,7.643315031674
    ));
#527 = CARTESIAN_POINT('',(70.092590262483,228.58376837237,
    7.551262369968));
#528 = CARTESIAN_POINT('',(70.1,228.34264075484,7.46571262792));
#529 = CARTESIAN_POINT('',(70.1,228.098339792,7.38697287358));
#530 = PCURVE('',#157,#531);
#531 = DEFINITIONAL_REPRESENTATION('',(#532),#619);
#532 = B_SPLINE_CURVE_WITH_KNOTS('',8,(#533,#534,#535,#536,#537,#538,
    #539,#540,#541,#542,#543,#544,#545,#546,#547,#548,#549,#550,#551,
    #552,#553,#554,#555,#556,#557,#558,#559,#560,#561,#562,#563,#564,
    #565,#566,#567,#568,#569,#570,#571,#572,#573,#574,#575,#576,#577,
    #578,#579,#580,#581,#582,#583,#584,#585,#586,#587,#588,#589,#590,
    #591,#592,#593,#594,#595,#596,#597,#598,#599,#600,#601,#602,#603,
    #604,#605,#606,#607,#608,#609,#610,#611,#612,#613,#614,#615,#616,
    #617,#618),.UNSPECIFIED.,.F.,.F.,(9,7,7,7,7,7,7,7,7,7,7,7,9),(0.,
    4.970768858289E-02,8.776349604973E-02,0.142335430542,0.303985471728,
    0.437051994129,0.500000000001,0.562948005873,0.696014528273,
    0.857664569458,0.91223650395,0.950292311417,1.),.UNSPECIFIED.);
#533 = CARTESIAN_POINT('',(3.297285346291,40.1));
#534 = CARTESIAN_POINT('',(3.271871815295,40.1));
#535 = CARTESIAN_POINT('',(3.246550493432,40.092590262483));
#536 = CARTESIAN_POINT('',(3.221366182744,40.077924255631));
#537 = CARTESIAN_POINT('',(3.196364136829,40.056235612567));
#538 = CARTESIAN_POINT('',(3.171590961579,40.027837199464));
#539 = CARTESIAN_POINT('',(3.147095515911,39.993120183642));
#540 = CARTESIAN_POINT('',(3.122929812502,39.95255310167));
#541 = CARTESIAN_POINT('',(3.080944222534,39.87156155903));
#542 = CARTESIAN_POINT('',(3.06294762881,39.833299983827));
#543 = CARTESIAN_POINT('',(3.045160633793,39.792081504643));
#544 = CARTESIAN_POINT('',(3.027584039908,39.748089703529));
#545 = CARTESIAN_POINT('',(3.010218955564,39.70150644181));
#546 = CARTESIAN_POINT('',(2.993066795157,39.652511860076));
#547 = CARTESIAN_POINT('',(2.976129279067,39.601284378188));
#548 = CARTESIAN_POINT('',(2.935430782389,39.471592024773));
#549 = CARTESIAN_POINT('',(2.911890591446,39.390929468896));
#550 = CARTESIAN_POINT('',(2.888770502685,39.306453215607));
#551 = CARTESIAN_POINT('',(2.866053210417,39.21856275935));
#552 = CARTESIAN_POINT('',(2.843721303916,39.127618733031));
#553 = CARTESIAN_POINT('',(2.821757109939,39.033944739987));
#554 = CARTESIAN_POINT('',(2.800142535235,38.937829185962));
#555 = CARTESIAN_POINT('',(2.715813699484,38.548342006491));
#556 = CARTESIAN_POINT('',(2.655458674978,38.236984789968));
#557 = CARTESIAN_POINT('',(2.597438215861,37.912291424329));
#558 = CARTESIAN_POINT('',(2.541401679691,37.57927836066));
#559 = CARTESIAN_POINT('',(2.486986432422,37.241557481062));
#560 = CARTESIAN_POINT('',(2.433793781494,36.901749491259));
#561 = CARTESIAN_POINT('',(2.381384634947,36.561859511597));
#562 = CARTESIAN_POINT('',(2.286313775412,35.947222764729));
#563 = CARTESIAN_POINT('',(2.244156240861,35.675393682663));
#564 = CARTESIAN_POINT('',(2.202128927915,35.408555402522));
#565 = CARTESIAN_POINT('',(2.159789307396,35.147560620669));
#566 = CARTESIAN_POINT('',(2.116882593865,34.895800205715));
#567 = CARTESIAN_POINT('',(2.073294854985,34.659744072644));
#568 = CARTESIAN_POINT('',(2.028948513962,34.448900829634));
#569 = CARTESIAN_POINT('',(1.96217441595,34.191712465121));
#570 = CARTESIAN_POINT('',(1.940290149198,34.116382734484));
#571 = CARTESIAN_POINT('',(1.918100072429,34.050418005912));
#572 = CARTESIAN_POINT('',(1.895692806077,33.995574736445));
#573 = CARTESIAN_POINT('',(1.873119428703,33.953250005277));
#574 = CARTESIAN_POINT('',(1.850402358477,33.924476454871));
#575 = CARTESIAN_POINT('',(1.827544621601,33.909926615879));
#576 = CARTESIAN_POINT('',(1.781534393726,33.909926615879));
#577 = CARTESIAN_POINT('',(1.758676656851,33.924476454871));
#578 = CARTESIAN_POINT('',(1.735959586624,33.953250005277));
#579 = CARTESIAN_POINT('',(1.71338620925,33.995574736445));
#580 = CARTESIAN_POINT('',(1.690978942899,34.050418005912));
#581 = CARTESIAN_POINT('',(1.668788866129,34.116382734484));
#582 = CARTESIAN_POINT('',(1.646904599378,34.191712465122));
#583 = CARTESIAN_POINT('',(1.580130501366,34.448900829631));
#584 = CARTESIAN_POINT('',(1.535784160342,34.659744072641));
#585 = CARTESIAN_POINT('',(1.49219642146,34.895800205739));
#586 = CARTESIAN_POINT('',(1.449289707935,35.147560620635));
#587 = CARTESIAN_POINT('',(1.40695008741,35.408555402542));
#588 = CARTESIAN_POINT('',(1.364922774467,35.675393682659));
#589 = CARTESIAN_POINT('',(1.322765239915,35.947222764729));
#590 = CARTESIAN_POINT('',(1.22769438038,36.5618595116));
#591 = CARTESIAN_POINT('',(1.175285233835,36.901749491249));
#592 = CARTESIAN_POINT('',(1.122092582903,37.24155748108));
#593 = CARTESIAN_POINT('',(1.067677335639,37.579278360638));
#594 = CARTESIAN_POINT('',(1.011640799464,37.912291424347));
#595 = CARTESIAN_POINT('',(0.953620340351,38.23698478996));
#596 = CARTESIAN_POINT('',(0.893265315844,38.548342006493));
#597 = CARTESIAN_POINT('',(0.808936480092,38.937829185962));
#598 = CARTESIAN_POINT('',(0.787321905389,39.033944739987));
#599 = CARTESIAN_POINT('',(0.765357711412,39.127618733031));
#600 = CARTESIAN_POINT('',(0.743025804911,39.21856275935));
#601 = CARTESIAN_POINT('',(0.720308512643,39.306453215607));
#602 = CARTESIAN_POINT('',(0.697188423882,39.390929468896));
#603 = CARTESIAN_POINT('',(0.673648232938,39.471592024773));
#604 = CARTESIAN_POINT('',(0.632949736261,39.601284378188));
#605 = CARTESIAN_POINT('',(0.61601222017,39.652511860076));
#606 = CARTESIAN_POINT('',(0.598860059763,39.70150644181));
#607 = CARTESIAN_POINT('',(0.58149497542,39.748089703529));
#608 = CARTESIAN_POINT('',(0.563918381534,39.792081504642));
#609 = CARTESIAN_POINT('',(0.546131386517,39.833299983827));
#610 = CARTESIAN_POINT('',(0.528134792794,39.87156155903));
#611 = CARTESIAN_POINT('',(0.486149202826,39.95255310167));
#612 = CARTESIAN_POINT('',(0.461983499417,39.993120183642));
#613 = CARTESIAN_POINT('',(0.437488053748,40.027837199464));
#614 = CARTESIAN_POINT('',(0.412714878498,40.056235612567));
#615 = CARTESIAN_POINT('',(0.387712832584,40.077924255631));
#616 = CARTESIAN_POINT('',(0.362528521896,40.092590262483));
#617 = CARTESIAN_POINT('',(0.337207200033,40.1));
#618 = CARTESIAN_POINT('',(0.311793669037,40.1));
#619 = ( GEOMETRIC_REPRESENTATION_CONTEXT(2) 
PARAMETRIC_REPRESENTATION_CONTEXT() REPRESENTATION_CONTEXT('2D SPACE',''
  ) );
#620 = PCURVE('',#621,#626);
#621 = CYLINDRICAL_SURFACE('',#622,10.1);
#622 = AXIS2_PLACEMENT_3D('',#623,#624,#625);
#623 = CARTESIAN_POINT('',(60.,102.73517890775,533.91224858741));
#624 = DIRECTION('',(0.,0.231620527306,-0.972806214685));
#625 = DIRECTION('',(1.,0.,0.));
#626 = DEFINITIONAL_REPRESENTATION('',(#627),#714);
#627 = B_SPLINE_CURVE_WITH_KNOTS('',8,(#628,#629,#630,#631,#632,#633,
    #634,#635,#636,#637,#638,#639,#640,#641,#642,#643,#644,#645,#646,
    #647,#648,#649,#650,#651,#652,#653,#654,#655,#656,#657,#658,#659,
    #660,#661,#662,#663,#664,#665,#666,#667,#668,#669,#670,#671,#672,
    #673,#674,#675,#676,#677,#678,#679,#680,#681,#682,#683,#684,#685,
    #686,#687,#688,#689,#690,#691,#692,#693,#694,#695,#696,#697,#698,
    #699,#700,#701,#702,#703,#704,#705,#706,#707,#708,#709,#710,#711,
    #712,#713),.UNSPECIFIED.,.F.,.F.,(9,7,7,7,7,7,7,7,7,7,7,7,9),(0.,
    4.970768858289E-02,8.776349604973E-02,0.142335430542,0.303985471728,
    0.437051994129,0.500000000001,0.562948005873,0.696014528273,
    0.857664569458,0.91223650395,0.950292311417,1.),.UNSPECIFIED.);
#628 = CARTESIAN_POINT('',(6.28318530718,521.10523857827));
#629 = CARTESIAN_POINT('',(6.257849144969,521.1252519828));
#630 = CARTESIAN_POINT('',(6.232662474259,521.1526251976));
#631 = CARTESIAN_POINT('',(6.207669344255,521.18720820752));
#632 = CARTESIAN_POINT('',(6.182914144769,521.22876934022));
#633 = CARTESIAN_POINT('',(6.158442395273,521.27699439865));
#634 = CARTESIAN_POINT('',(6.134301533954,521.33148579331));
#635 = CARTESIAN_POINT('',(6.110541706767,521.39176167464));
#636 = CARTESIAN_POINT('',(6.069359008628,521.50739627975));
#637 = CARTESIAN_POINT('',(6.051739508207,521.560642393));
#638 = CARTESIAN_POINT('',(6.03435805882,521.61681887138));
#639 = CARTESIAN_POINT('',(6.017214995905,521.67575186487));
#640 = CARTESIAN_POINT('',(6.000310986743,521.73726820719));
#641 = CARTESIAN_POINT('',(5.983647030463,521.80119541584));
#642 = CARTESIAN_POINT('',(5.967224458041,521.86736169206));
#643 = CARTESIAN_POINT('',(5.927843532092,522.0334436374));
#644 = CARTESIAN_POINT('',(5.905134053847,522.13557662771));
#645 = CARTESIAN_POINT('',(5.882898830182,522.24159253944));
#646 = CARTESIAN_POINT('',(5.861120606787,522.35112870557));
#647 = CARTESIAN_POINT('',(5.839782407378,522.46386123379));
#648 = CARTESIAN_POINT('',(5.818867398663,522.57950409585));
#649 = CARTESIAN_POINT('',(5.798358755304,522.69780821704));
#650 = CARTESIAN_POINT('',(5.718643425594,523.1762466598));
#651 = CARTESIAN_POINT('',(5.66226227339,523.55662703123));
#652 = CARTESIAN_POINT('',(5.608786235755,523.95388337798));
#653 = CARTESIAN_POINT('',(5.557941385231,524.36416535625));
#654 = CARTESIAN_POINT('',(5.509475071525,524.7852861602));
#655 = CARTESIAN_POINT('',(5.463163241897,525.21664485379));
#656 = CARTESIAN_POINT('',(5.41882328172,525.65904517555));
#657 = CARTESIAN_POINT('',(5.341547258157,526.49008742476));
#658 = CARTESIAN_POINT('',(5.308459981871,526.86925308037));
#659 = CARTESIAN_POINT('',(5.276827491391,527.25621615999));
#660 = CARTESIAN_POINT('',(5.246594913553,527.65413638176));
#661 = CARTESIAN_POINT('',(5.218018952229,528.06476413337));
#662 = CARTESIAN_POINT('',(5.191675979496,528.48842236293));
#663 = CARTESIAN_POINT('',(5.168441109697,528.92493259649));
#664 = CARTESIAN_POINT('',(5.140336080882,529.58856583166));
#665 = CARTESIAN_POINT('',(5.132147690201,529.80700781594));
#666 = CARTESIAN_POINT('',(5.125010919445,530.02935278018));
#667 = CARTESIAN_POINT('',(5.119099401525,530.25458124289));
#668 = CARTESIAN_POINT('',(5.114548738532,530.48202069698));
#669 = CARTESIAN_POINT('',(5.111458933509,530.71127524156));
#670 = CARTESIAN_POINT('',(5.109896541771,530.94213855441));
#671 = CARTESIAN_POINT('',(5.109896541771,531.40684185595));
#672 = CARTESIAN_POINT('',(5.111458933509,531.63770516881));
#673 = CARTESIAN_POINT('',(5.114548738532,531.86695971338));
#674 = CARTESIAN_POINT('',(5.119099401525,532.09439916747));
#675 = CARTESIAN_POINT('',(5.125010919445,532.31962763018));
#676 = CARTESIAN_POINT('',(5.132147690201,532.54197259443));
#677 = CARTESIAN_POINT('',(5.140336080882,532.76041457871));
#678 = CARTESIAN_POINT('',(5.168441109697,533.42404781387));
#679 = CARTESIAN_POINT('',(5.191675979496,533.86055804744));
#680 = CARTESIAN_POINT('',(5.218018952232,534.28421627704));
#681 = CARTESIAN_POINT('',(5.246594913549,534.69484402854));
#682 = CARTESIAN_POINT('',(5.276827491393,535.09276425042));
#683 = CARTESIAN_POINT('',(5.308459981871,535.47972732999));
#684 = CARTESIAN_POINT('',(5.341547258157,535.85889298561));
#685 = CARTESIAN_POINT('',(5.418823281721,536.68993523482));
#686 = CARTESIAN_POINT('',(5.463163241896,537.13233555656));
#687 = CARTESIAN_POINT('',(5.509475071527,537.5636942502));
#688 = CARTESIAN_POINT('',(5.557941385229,537.98481505407));
#689 = CARTESIAN_POINT('',(5.608786235758,538.39509703241));
#690 = CARTESIAN_POINT('',(5.662262273388,538.79235337913));
#691 = CARTESIAN_POINT('',(5.718643425594,539.17273375057));
#692 = CARTESIAN_POINT('',(5.798358755304,539.65117219333));
#693 = CARTESIAN_POINT('',(5.818867398663,539.76947631451));
#694 = CARTESIAN_POINT('',(5.839782407378,539.88511917658));
#695 = CARTESIAN_POINT('',(5.861120606787,539.99785170479));
#696 = CARTESIAN_POINT('',(5.882898830182,540.10738787093));
#697 = CARTESIAN_POINT('',(5.905134053847,540.21340378266));
#698 = CARTESIAN_POINT('',(5.927843532092,540.31553677296));
#699 = CARTESIAN_POINT('',(5.967224458041,540.48161871831));
#700 = CARTESIAN_POINT('',(5.983647030463,540.54778499452));
#701 = CARTESIAN_POINT('',(6.000310986743,540.61171220317));
#702 = CARTESIAN_POINT('',(6.017214995905,540.6732285455));
#703 = CARTESIAN_POINT('',(6.03435805882,540.73216153898));
#704 = CARTESIAN_POINT('',(6.051739508207,540.78833801736));
#705 = CARTESIAN_POINT('',(6.069359008628,540.84158413062));
#706 = CARTESIAN_POINT('',(6.110541706767,540.95721873573));
#707 = CARTESIAN_POINT('',(6.134301533954,541.01749461706));
#708 = CARTESIAN_POINT('',(6.158442395273,541.07198601171));
#709 = CARTESIAN_POINT('',(6.182914144769,541.12021107014));
#710 = CARTESIAN_POINT('',(6.207669344255,541.16177220285));
#711 = CARTESIAN_POINT('',(6.232662474259,541.19635521276));
#712 = CARTESIAN_POINT('',(6.257849144969,541.22372842757));
#713 = CARTESIAN_POINT('',(6.28318530718,541.2437418321));
#714 = ( GEOMETRIC_REPRESENTATION_CONTEXT(2) 
PARAMETRIC_REPRESENTATION_CONTEXT() REPRESENTATION_CONTEXT('2D SPACE',''
  ) );
#715 = ORIENTED_EDGE('',*,*,#716,.F.);
#716 = EDGE_CURVE('',#717,#440,#719,.T.);
#717 = VERTEX_POINT('',#718);
#718 = CARTESIAN_POINT('',(70.056437385018,224.37265218459,
    27.080497770891));
#719 = SURFACE_CURVE('',#720,(#735,#764),.PCURVE_S1.);
#720 = B_SPLINE_CURVE_WITH_KNOTS('',7,(#721,#722,#723,#724,#725,#726,
    #727,#728,#729,#730,#731,#732,#733,#734),.UNSPECIFIED.,.F.,.F.,(8,6,
    8),(0.959925008232,1.,1.092735299641),.UNSPECIFIED.);
#721 = CARTESIAN_POINT('',(70.056437372049,224.37265218985,
    27.080497749876));
#722 = CARTESIAN_POINT('',(70.082240470082,224.45723441557,
    27.085761629765));
#723 = CARTESIAN_POINT('',(70.10423705784,224.54388153914,
    27.090322818358));
#724 = CARTESIAN_POINT('',(70.122205975539,224.63238028596,
    27.094096809411));
#725 = CARTESIAN_POINT('',(70.135943709994,224.72249862663,
    27.097007796283));
#726 = CARTESIAN_POINT('',(70.145264430581,224.81398732477,
    27.098991887167));
#727 = CARTESIAN_POINT('',(70.15,224.90658119698,27.1));
#728 = CARTESIAN_POINT('',(70.15,225.21617523318,27.1));
#729 = CARTESIAN_POINT('',(70.124641966418,225.42787257771,
    27.09460175943));
#730 = CARTESIAN_POINT('',(70.075815365524,225.63163895874,
    27.084208895432));
#731 = CARTESIAN_POINT('',(70.005902372856,225.82445905041,
    27.069707778994));
#732 = CARTESIAN_POINT('',(69.91777781307,226.00380827016,
    27.052323682667));
#733 = CARTESIAN_POINT('',(69.814809806719,226.16776475867,
    27.033365469928));
#734 = CARTESIAN_POINT('',(69.700847904868,226.31514880624,
    27.014009369595));
#735 = PCURVE('',#157,#736);
#736 = DEFINITIONAL_REPRESENTATION('',(#737),#763);
#737 = B_SPLINE_CURVE_WITH_KNOTS('',3,(#738,#739,#740,#741,#742,#743,
    #744,#745,#746,#747,#748,#749,#750,#751,#752,#753,#754,#755,#756,
    #757,#758,#759,#760,#761,#762),.UNSPECIFIED.,.F.,.F.,(4,1,1,1,1,1,1,
    1,1,1,1,1,1,1,1,1,1,1,1,1,1,1,4),(0.959925008232,0.965961839659,
    0.971998671087,0.978035502515,0.984072333942,0.99010916537,
    0.996145996798,1.002182828226,1.008219659653,1.014256491081,
    1.020293322509,1.026330153936,1.032366985364,1.038403816792,
    1.044440648219,1.050477479647,1.056514311075,1.062551142503,
    1.06858797393,1.074624805358,1.080661636786,1.086698468213,
    1.092735299641),.QUASI_UNIFORM_KNOTS.);
#738 = CARTESIAN_POINT('',(3.20374630777,40.056437372049));
#739 = CARTESIAN_POINT('',(3.200797126786,40.065507527512));
#740 = CARTESIAN_POINT('',(3.194835097856,40.082436139265));
#741 = CARTESIAN_POINT('',(3.185716984401,40.104047438879));
#742 = CARTESIAN_POINT('',(3.17643925735,40.121727482758));
#743 = CARTESIAN_POINT('',(3.167019033428,40.13533754344));
#744 = CARTESIAN_POINT('',(3.157471127086,40.144744234962));
#745 = CARTESIAN_POINT('',(3.147821666032,40.149827787454));
#746 = CARTESIAN_POINT('',(3.138057516313,40.150454542074));
#747 = CARTESIAN_POINT('',(3.128376387988,40.146588998728));
#748 = CARTESIAN_POINT('',(3.118800090244,40.138370423074));
#749 = CARTESIAN_POINT('',(3.109345441064,40.125915838681));
#750 = CARTESIAN_POINT('',(3.100029816183,40.109357652284));
#751 = CARTESIAN_POINT('',(3.09086965063,40.088833571294));
#752 = CARTESIAN_POINT('',(3.081880823366,40.064489303561));
#753 = CARTESIAN_POINT('',(3.073078532048,40.03647783086));
#754 = CARTESIAN_POINT('',(3.06447729921,40.004959598222));
#755 = CARTESIAN_POINT('',(3.056090937851,39.970102457148));
#756 = CARTESIAN_POINT('',(3.047932523598,39.932081666505));
#757 = CARTESIAN_POINT('',(3.04001435742,39.891079895845));
#758 = CARTESIAN_POINT('',(3.032347936735,39.847287146405));
#759 = CARTESIAN_POINT('',(3.024943880584,39.800900982081));
#760 = CARTESIAN_POINT('',(3.017812009661,39.752125583907));
#761 = CARTESIAN_POINT('',(3.013244559026,39.718158647746));
#762 = CARTESIAN_POINT('',(3.01100909692,39.700847904868));
#763 = ( GEOMETRIC_REPRESENTATION_CONTEXT(2) 
PARAMETRIC_REPRESENTATION_CONTEXT() REPRESENTATION_CONTEXT('2D SPACE',''
  ) );
#764 = PCURVE('',#765,#770);
#765 = CYLINDRICAL_SURFACE('',#766,2.15);
#766 = AXIS2_PLACEMENT_3D('',#767,#768,#769);
#767 = CARTESIAN_POINT('',(68.,225.,-1.));
#768 = DIRECTION('',(0.,0.,1.));
#769 = DIRECTION('',(1.,0.,-0.));
#770 = DEFINITIONAL_REPRESENTATION('',(#771),#797);
#771 = B_SPLINE_CURVE_WITH_KNOTS('',3,(#772,#773,#774,#775,#776,#777,
    #778,#779,#780,#781,#782,#783,#784,#785,#786,#787,#788,#789,#790,
    #791,#792,#793,#794,#795,#796),.UNSPECIFIED.,.F.,.F.,(4,1,1,1,1,1,1,
    1,1,1,1,1,1,1,1,1,1,1,1,1,1,1,4),(0.959925008232,0.965961839659,
    0.971998671087,0.978035502515,0.984072333942,0.99010916537,
    0.996145996798,1.002182828226,1.008219659653,1.014256491081,
    1.020293322509,1.026330153936,1.032366985364,1.038403816792,
    1.044440648219,1.050477479647,1.056514311075,1.062551142503,
    1.06858797393,1.074624805358,1.080661636786,1.086698468213,
    1.092735299641),.QUASI_UNIFORM_KNOTS.);
#772 = CARTESIAN_POINT('',(5.987087895143,28.080497749876));
#773 = CARTESIAN_POINT('',(6.001544962067,28.082348323515));
#774 = CARTESIAN_POINT('',(6.03058630911,28.085824826773));
#775 = CARTESIAN_POINT('',(6.074524342671,28.090311884377));
#776 = CARTESIAN_POINT('',(6.118833152681,28.094015550962));
#777 = CARTESIAN_POINT('',(6.163506137451,28.096886882559));
#778 = CARTESIAN_POINT('',(6.20855157121,28.098881699718));
#779 = CARTESIAN_POINT('',(6.253929165634,28.099963260583));
#780 = CARTESIAN_POINT('',(6.299787435734,28.100096781241));
#781 = CARTESIAN_POINT('',(6.345288792482,28.099273898027));
#782 = CARTESIAN_POINT('',(6.390419012002,28.097529126495));
#783 = CARTESIAN_POINT('',(6.435182580515,28.094897307012));
#784 = CARTESIAN_POINT('',(6.479576974848,28.091421149791));
#785 = CARTESIAN_POINT('',(6.523599536919,28.087148549558));
#786 = CARTESIAN_POINT('',(6.567245597215,28.082132602246));
#787 = CARTESIAN_POINT('',(6.610508925289,28.076430863249));
#788 = CARTESIAN_POINT('',(6.653381538867,28.070104779304));
#789 = CARTESIAN_POINT('',(6.69585366605,28.063219048707));
#790 = CARTESIAN_POINT('',(6.737913650187,28.05584098154));
#791 = CARTESIAN_POINT('',(6.779547844031,28.048039841053));
#792 = CARTESIAN_POINT('',(6.820740517019,28.039886192481));
#793 = CARTESIAN_POINT('',(6.861473634177,28.031451195615));
#794 = CARTESIAN_POINT('',(6.90172704975,28.022806092083));
#795 = CARTESIAN_POINT('',(6.928227074167,28.016949343893));
#796 = CARTESIAN_POINT('',(6.941389411829,28.014009369595));
#797 = ( GEOMETRIC_REPRESENTATION_CONTEXT(2) 
PARAMETRIC_REPRESENTATION_CONTEXT() REPRESENTATION_CONTEXT('2D SPACE',''
  ) );
#798 = ORIENTED_EDGE('',*,*,#799,.F.);
#799 = EDGE_CURVE('',#800,#717,#802,.T.);
#800 = VERTEX_POINT('',#801);
#801 = CARTESIAN_POINT('',(70.1,223.43384904919,26.97783399337));
#802 = SURFACE_CURVE('',#803,(#890,#980),.PCURVE_S1.);
#803 = B_SPLINE_CURVE_WITH_KNOTS('',8,(#804,#805,#806,#807,#808,#809,
    #810,#811,#812,#813,#814,#815,#816,#817,#818,#819,#820,#821,#822,
    #823,#824,#825,#826,#827,#828,#829,#830,#831,#832,#833,#834,#835,
    #836,#837,#838,#839,#840,#841,#842,#843,#844,#845,#846,#847,#848,
    #849,#850,#851,#852,#853,#854,#855,#856,#857,#858,#859,#860,#861,
    #862,#863,#864,#865,#866,#867,#868,#869,#870,#871,#872,#873,#874,
    #875,#876,#877,#878,#879,#880,#881,#882,#883,#884,#885,#886,#887,
    #888,#889),.UNSPECIFIED.,.F.,.F.,(9,7,7,7,7,7,7,7,7,7,7,7,9),(0.,
    4.970768858289E-02,8.776349604973E-02,0.142335430542,0.303985471728,
    0.437051994129,0.500000000001,0.562948005873,0.696014528273,
    0.857664569458,0.91223650395,0.950292311417,1.),.UNSPECIFIED.);
#804 = CARTESIAN_POINT('',(70.1,223.43384904919,26.977833993372));
#805 = CARTESIAN_POINT('',(70.1,223.68742104266,27.017635419105));
#806 = CARTESIAN_POINT('',(70.092590262483,223.94122905708,
    27.04992749419));
#807 = CARTESIAN_POINT('',(70.077924255631,224.19456158999,
    27.074695021967));
#808 = CARTESIAN_POINT('',(70.056235612567,224.44669775416,
    27.092004511088));
#809 = CARTESIAN_POINT('',(70.027837199464,224.69690746375,
    27.102005111717));
#810 = CARTESIAN_POINT('',(69.993120183642,224.94445162038,
    27.104929551746));
#811 = CARTESIAN_POINT('',(69.95255310167,225.18858229926,
    27.101095072996));
#812 = CARTESIAN_POINT('',(69.87156155903,225.61225487244,
    27.083102445033));
#813 = CARTESIAN_POINT('',(69.833299983827,225.7936941964,
    27.071567731133));
#814 = CARTESIAN_POINT('',(69.792081504643,225.97277014685,
    27.056458028823));
#815 = CARTESIAN_POINT('',(69.748089703529,226.14939733321,
    27.037931716826));
#816 = CARTESIAN_POINT('',(69.70150644181,226.32349573453,
    27.016147749488));
#817 = CARTESIAN_POINT('',(69.652511860076,226.49499069956,
    26.991265656784));
#818 = CARTESIAN_POINT('',(69.601284378188,226.66381294674,
    26.963445544316));
#819 = CARTESIAN_POINT('',(69.471592024773,227.06806493187,
    26.888971423682));
#820 = CARTESIAN_POINT('',(69.390929468896,227.30068360379,
    26.839368810001));
#821 = CARTESIAN_POINT('',(69.306453215607,227.52779549485,
    26.784463593567));
#822 = CARTESIAN_POINT('',(69.21856275935,227.74946692566,
    26.724644370001));
#823 = CARTESIAN_POINT('',(69.127618733031,227.96578665198,
    26.660265218027));
#824 = CARTESIAN_POINT('',(69.033944739987,228.17686289417,
    26.591645928247));
#825 = CARTESIAN_POINT('',(68.937829185962,228.38282036666,
    26.519072231925));
#826 = CARTESIAN_POINT('',(68.548342006491,229.17912036209,
    26.216854777423));
#827 = CARTESIAN_POINT('',(68.236984789968,229.73276093831,
    25.957660453395));
#828 = CARTESIAN_POINT('',(67.912291424328,230.24690400819,
    25.671714235528));
#829 = CARTESIAN_POINT('',(67.57927836066,230.72445205554,
    25.363665167592));
#830 = CARTESIAN_POINT('',(67.241557481062,231.16859204333,
    25.036519985962));
#831 = CARTESIAN_POINT('',(66.901749491259,231.58257660806,
    24.691670862535));
#832 = CARTESIAN_POINT('',(66.561859511597,231.96943096906,
    24.329011881377));
#833 = CARTESIAN_POINT('',(65.947222764729,232.62985938282,
    23.631983571394));
#834 = CARTESIAN_POINT('',(65.675393682663,232.90727592388,
    23.308270291882));
#835 = CARTESIAN_POINT('',(65.408555402521,233.16847859972,
    22.972681175384));
#836 = CARTESIAN_POINT('',(65.147560620669,233.41554597855,
    22.622463074337));
#837 = CARTESIAN_POINT('',(64.895800205715,233.64857224083,
    22.255839094666));
#838 = CARTESIAN_POINT('',(64.659744072644,233.86641990758,
    21.872206432297));
#839 = CARTESIAN_POINT('',(64.448900829634,234.06784078675,
    21.471451361625));
#840 = CARTESIAN_POINT('',(64.191712465121,234.33841457895,
    20.853689281492));
#841 = CARTESIAN_POINT('',(64.116382734484,234.42222987927,
    20.649097002765));
#842 = CARTESIAN_POINT('',(64.050418005912,234.50201016566,
    20.439531922728));
#843 = CARTESIAN_POINT('',(63.995574736445,234.57714531927,
    20.225896755032));
#844 = CARTESIAN_POINT('',(63.953250005277,234.64725809636,
    20.008792986058));
#845 = CARTESIAN_POINT('',(63.924476454871,234.71210956323,
    19.78857069472));
#846 = CARTESIAN_POINT('',(63.909926615879,234.77152535645,
    19.565400455653));
#847 = CARTESIAN_POINT('',(63.909926615879,234.87916018019,
    19.113334195929));
#848 = CARTESIAN_POINT('',(63.924476454871,234.92668975149,
    18.887333904027));
#849 = CARTESIAN_POINT('',(63.953250005277,234.96803840163,
    18.661515703941));
#850 = CARTESIAN_POINT('',(63.995574736445,235.00328491711,
    18.436110444108));
#851 = CARTESIAN_POINT('',(64.050418005912,235.03248483409,
    18.211538315311));
#852 = CARTESIAN_POINT('',(64.116382734484,235.05570386342,
    17.988506269308));
#853 = CARTESIAN_POINT('',(64.191712465121,235.07307985828,
    17.768095108324));
#854 = CARTESIAN_POINT('',(64.448900829631,235.10992822581,
    17.094684117566));
#855 = CARTESIAN_POINT('',(64.659744072641,235.11071680759,
    16.646159452272));
#856 = CARTESIAN_POINT('',(64.895800205738,235.08912502588,
    16.205517397368));
#857 = CARTESIAN_POINT('',(65.147560620637,235.04631839634,
    15.773218919749));
#858 = CARTESIAN_POINT('',(65.408555402541,234.98358400067,
    15.34923849134));
#859 = CARTESIAN_POINT('',(65.675393682659,234.90163850993,
    14.931947430465));
#860 = CARTESIAN_POINT('',(65.947222764729,234.79986706705,
    14.517951297626));
#861 = CARTESIAN_POINT('',(66.5618595116,234.52441154124,13.598093478215
    ));
#862 = CARTESIAN_POINT('',(66.901749491248,234.34249517186,
    13.100012894603));
#863 = CARTESIAN_POINT('',(67.241557481082,234.12833366324,
    12.605605182246));
#864 = CARTESIAN_POINT('',(67.579278360635,233.87927412084,
    12.113412493484));
#865 = CARTESIAN_POINT('',(67.912291424349,233.59178552974,
    11.62321184491));
#866 = CARTESIAN_POINT('',(68.236984789959,233.26166790892,
    11.13625117691));
#867 = CARTESIAN_POINT('',(68.548342006493,232.8842351371,
    10.655372722383));
#868 = CARTESIAN_POINT('',(68.937829185962,232.30956747046,
    10.026734395963));
#869 = CARTESIAN_POINT('',(69.033944739987,232.15841332384,
    9.869134123663));
#870 = CARTESIAN_POINT('',(69.127618733031,232.00090760302,
    9.712757223644));
#871 = CARTESIAN_POINT('',(69.21856275935,231.83681021196,9.55780256753)
  );
#872 = CARTESIAN_POINT('',(69.306453215607,231.66588043027,
    9.404506864796));
#873 = CARTESIAN_POINT('',(69.390929468896,231.48787946197,
    9.253146205657));
#874 = CARTESIAN_POINT('',(69.471592024773,231.30257298419,
    9.104037603952));
#875 = CARTESIAN_POINT('',(69.601284378188,230.97525697457,
    8.855380627428));
#876 = CARTESIAN_POINT('',(69.652511860076,230.83708566297,
    8.754466810487));
#877 = CARTESIAN_POINT('',(69.70150644181,230.69520440548,8.654971331468
    ));
#878 = CARTESIAN_POINT('',(69.748089703529,230.54960289946,
    8.557068338572));
#879 = CARTESIAN_POINT('',(69.792081504642,230.40027589516,
    8.460933885944));
#880 = CARTESIAN_POINT('',(69.833299983827,230.24722319579,
    8.366745933677));
#881 = CARTESIAN_POINT('',(69.87156155903,230.09044965749,8.274684347808
    ));
#882 = CARTESIAN_POINT('',(69.95255310167,229.72034378073,8.067696850814
    ));
#883 = CARTESIAN_POINT('',(69.993120183642,229.50413536469,
    7.954257825655));
#884 = CARTESIAN_POINT('',(70.027837199464,229.28183385918,
    7.845314250888));
#885 = CARTESIAN_POINT('',(70.056235612567,229.05396397652,
    7.741486377171));
#886 = CARTESIAN_POINT('',(70.077924255631,228.8210806353,7.643315031674
    ));
#887 = CARTESIAN_POINT('',(70.092590262483,228.58376837237,
    7.551262369968));
#888 = CARTESIAN_POINT('',(70.1,228.34264075484,7.46571262792));
#889 = CARTESIAN_POINT('',(70.1,228.098339792,7.38697287358));
#890 = PCURVE('',#157,#891);
#891 = DEFINITIONAL_REPRESENTATION('',(#892),#979);
#892 = B_SPLINE_CURVE_WITH_KNOTS('',8,(#893,#894,#895,#896,#897,#898,
    #899,#900,#901,#902,#903,#904,#905,#906,#907,#908,#909,#910,#911,
    #912,#913,#914,#915,#916,#917,#918,#919,#920,#921,#922,#923,#924,
    #925,#926,#927,#928,#929,#930,#931,#932,#933,#934,#935,#936,#937,
    #938,#939,#940,#941,#942,#943,#944,#945,#946,#947,#948,#949,#950,
    #951,#952,#953,#954,#955,#956,#957,#958,#959,#960,#961,#962,#963,
    #964,#965,#966,#967,#968,#969,#970,#971,#972,#973,#974,#975,#976,
    #977,#978),.UNSPECIFIED.,.F.,.F.,(9,7,7,7,7,7,7,7,7,7,7,7,9),(0.,
    4.970768858289E-02,8.776349604973E-02,0.142335430542,0.303985471728,
    0.437051994129,0.500000000001,0.562948005873,0.696014528273,
    0.857664569458,0.91223650395,0.950292311417,1.),.UNSPECIFIED.);
#893 = CARTESIAN_POINT('',(3.297285346291,40.1));
#894 = CARTESIAN_POINT('',(3.271871815295,40.1));
#895 = CARTESIAN_POINT('',(3.246550493432,40.092590262483));
#896 = CARTESIAN_POINT('',(3.221366182744,40.077924255631));
#897 = CARTESIAN_POINT('',(3.196364136829,40.056235612567));
#898 = CARTESIAN_POINT('',(3.171590961579,40.027837199464));
#899 = CARTESIAN_POINT('',(3.147095515911,39.993120183642));
#900 = CARTESIAN_POINT('',(3.122929812502,39.95255310167));
#901 = CARTESIAN_POINT('',(3.080944222534,39.87156155903));
#902 = CARTESIAN_POINT('',(3.06294762881,39.833299983827));
#903 = CARTESIAN_POINT('',(3.045160633793,39.792081504643));
#904 = CARTESIAN_POINT('',(3.027584039908,39.748089703529));
#905 = CARTESIAN_POINT('',(3.010218955564,39.70150644181));
#906 = CARTESIAN_POINT('',(2.993066795157,39.652511860076));
#907 = CARTESIAN_POINT('',(2.976129279067,39.601284378188));
#908 = CARTESIAN_POINT('',(2.935430782389,39.471592024773));
#909 = CARTESIAN_POINT('',(2.911890591446,39.390929468896));
#910 = CARTESIAN_POINT('',(2.888770502685,39.306453215607));
#911 = CARTESIAN_POINT('',(2.866053210417,39.21856275935));
#912 = CARTESIAN_POINT('',(2.843721303916,39.127618733031));
#913 = CARTESIAN_POINT('',(2.821757109939,39.033944739987));
#914 = CARTESIAN_POINT('',(2.800142535235,38.937829185962));
#915 = CARTESIAN_POINT('',(2.715813699484,38.548342006491));
#916 = CARTESIAN_POINT('',(2.655458674978,38.236984789968));
#917 = CARTESIAN_POINT('',(2.597438215861,37.912291424329));
#918 = CARTESIAN_POINT('',(2.541401679691,37.57927836066));
#919 = CARTESIAN_POINT('',(2.486986432422,37.241557481062));
#920 = CARTESIAN_POINT('',(2.433793781494,36.901749491259));
#921 = CARTESIAN_POINT('',(2.381384634947,36.561859511597));
#922 = CARTESIAN_POINT('',(2.286313775412,35.947222764729));
#923 = CARTESIAN_POINT('',(2.244156240861,35.675393682663));
#924 = CARTESIAN_POINT('',(2.202128927915,35.408555402522));
#925 = CARTESIAN_POINT('',(2.159789307396,35.147560620669));
#926 = CARTESIAN_POINT('',(2.116882593865,34.895800205715));
#927 = CARTESIAN_POINT('',(2.073294854985,34.659744072644));
#928 = CARTESIAN_POINT('',(2.028948513962,34.448900829634));
#929 = CARTESIAN_POINT('',(1.96217441595,34.191712465121));
#930 = CARTESIAN_POINT('',(1.940290149198,34.116382734484));
#931 = CARTESIAN_POINT('',(1.918100072429,34.050418005912));
#932 = CARTESIAN_POINT('',(1.895692806077,33.995574736445));
#933 = CARTESIAN_POINT('',(1.873119428703,33.953250005277));
#934 = CARTESIAN_POINT('',(1.850402358477,33.924476454871));
#935 = CARTESIAN_POINT('',(1.827544621601,33.909926615879));
#936 = CARTESIAN_POINT('',(1.781534393726,33.909926615879));
#937 = CARTESIAN_POINT('',(1.758676656851,33.924476454871));
#938 = CARTESIAN_POINT('',(1.735959586624,33.953250005277));
#939 = CARTESIAN_POINT('',(1.71338620925,33.995574736445));
#940 = CARTESIAN_POINT('',(1.690978942899,34.050418005912));
#941 = CARTESIAN_POINT('',(1.668788866129,34.116382734484));
#942 = CARTESIAN_POINT('',(1.646904599378,34.191712465122));
#943 = CARTESIAN_POINT('',(1.580130501366,34.448900829631));
#944 = CARTESIAN_POINT('',(1.535784160342,34.659744072641));
#945 = CARTESIAN_POINT('',(1.49219642146,34.895800205739));
#946 = CARTESIAN_POINT('',(1.449289707935,35.147560620635));
#947 = CARTESIAN_POINT('',(1.40695008741,35.408555402542));
#948 = CARTESIAN_POINT('',(1.364922774467,35.675393682659));
#949 = CARTESIAN_POINT('',(1.322765239915,35.947222764729));
#950 = CARTESIAN_POINT('',(1.22769438038,36.5618595116));
#951 = CARTESIAN_POINT('',(1.175285233835,36.901749491249));
#952 = CARTESIAN_POINT('',(1.122092582903,37.24155748108));
#953 = CARTESIAN_POINT('',(1.067677335639,37.579278360638));
#954 = CARTESIAN_POINT('',(1.011640799464,37.912291424347));
#955 = CARTESIAN_POINT('',(0.953620340351,38.23698478996));
#956 = CARTESIAN_POINT('',(0.893265315844,38.548342006493));
#957 = CARTESIAN_POINT('',(0.808936480092,38.937829185962));
#958 = CARTESIAN_POINT('',(0.787321905389,39.033944739987));
#959 = CARTESIAN_POINT('',(0.765357711412,39.127618733031));
#960 = CARTESIAN_POINT('',(0.743025804911,39.21856275935));
#961 = CARTESIAN_POINT('',(0.720308512643,39.306453215607));
#962 = CARTESIAN_POINT('',(0.697188423882,39.390929468896));
#963 = CARTESIAN_POINT('',(0.673648232938,39.471592024773));
#964 = CARTESIAN_POINT('',(0.632949736261,39.601284378188));
#965 = CARTESIAN_POINT('',(0.61601222017,39.652511860076));
#966 = CARTESIAN_POINT('',(0.598860059763,39.70150644181));
#967 = CARTESIAN_POINT('',(0.58149497542,39.748089703529));
#968 = CARTESIAN_POINT('',(0.563918381534,39.792081504642));
#969 = CARTESIAN_POINT('',(0.546131386517,39.833299983827));
#970 = CARTESIAN_POINT('',(0.528134792794,39.87156155903));
#971 = CARTESIAN_POINT('',(0.486149202826,39.95255310167));
#972 = CARTESIAN_POINT('',(0.461983499417,39.993120183642));
#973 = CARTESIAN_POINT('',(0.437488053748,40.027837199464));
#974 = CARTESIAN_POINT('',(0.412714878498,40.056235612567));
#975 = CARTESIAN_POINT('',(0.387712832584,40.077924255631));
#976 = CARTESIAN_POINT('',(0.362528521896,40.092590262483));
#977 = CARTESIAN_POINT('',(0.337207200033,40.1));
#978 = CARTESIAN_POINT('',(0.311793669037,40.1));
#979 = ( GEOMETRIC_REPRESENTATION_CONTEXT(2) 
PARAMETRIC_REPRESENTATION_CONTEXT() REPRESENTATION_CONTEXT('2D SPACE',''
  ) );
#980 = PCURVE('',#621,#981);
#981 = DEFINITIONAL_REPRESENTATION('',(#982),#1069);
#982 = B_SPLINE_CURVE_WITH_KNOTS('',8,(#983,#984,#985,#986,#987,#988,
    #989,#990,#991,#992,#993,#994,#995,#996,#997,#998,#999,#1000,#1001,
    #1002,#1003,#1004,#1005,#1006,#1007,#1008,#1009,#1010,#1011,#1012,
    #1013,#1014,#1015,#1016,#1017,#1018,#1019,#1020,#1021,#1022,#1023,
    #1024,#1025,#1026,#1027,#1028,#1029,#1030,#1031,#1032,#1033,#1034,
    #1035,#1036,#1037,#1038,#1039,#1040,#1041,#1042,#1043,#1044,#1045,
    #1046,#1047,#1048,#1049,#1050,#1051,#1052,#1053,#1054,#1055,#1056,
    #1057,#1058,#1059,#1060,#1061,#1062,#1063,#1064,#1065,#1066,#1067,
    #1068),.UNSPECIFIED.,.F.,.F.,(9,7,7,7,7,7,7,7,7,7,7,7,9),(0.,
    4.970768858289E-02,8.776349604973E-02,0.142335430542,0.303985471728,
    0.437051994129,0.500000000001,0.562948005873,0.696014528273,
    0.857664569458,0.91223650395,0.950292311417,1.),.UNSPECIFIED.);
#983 = CARTESIAN_POINT('',(6.28318530718,521.10523857827));
#984 = CARTESIAN_POINT('',(6.257849144969,521.1252519828));
#985 = CARTESIAN_POINT('',(6.232662474259,521.1526251976));
#986 = CARTESIAN_POINT('',(6.207669344255,521.18720820752));
#987 = CARTESIAN_POINT('',(6.182914144769,521.22876934022));
#988 = CARTESIAN_POINT('',(6.158442395273,521.27699439865));
#989 = CARTESIAN_POINT('',(6.134301533954,521.33148579331));
#990 = CARTESIAN_POINT('',(6.110541706767,521.39176167464));
#991 = CARTESIAN_POINT('',(6.069359008628,521.50739627975));
#992 = CARTESIAN_POINT('',(6.051739508207,521.560642393));
#993 = CARTESIAN_POINT('',(6.03435805882,521.61681887138));
#994 = CARTESIAN_POINT('',(6.017214995905,521.67575186487));
#995 = CARTESIAN_POINT('',(6.000310986743,521.73726820719));
#996 = CARTESIAN_POINT('',(5.983647030463,521.80119541584));
#997 = CARTESIAN_POINT('',(5.967224458041,521.86736169206));
#998 = CARTESIAN_POINT('',(5.927843532092,522.0334436374));
#999 = CARTESIAN_POINT('',(5.905134053847,522.13557662771));
#1000 = CARTESIAN_POINT('',(5.882898830182,522.24159253944));
#1001 = CARTESIAN_POINT('',(5.861120606787,522.35112870557));
#1002 = CARTESIAN_POINT('',(5.839782407378,522.46386123379));
#1003 = CARTESIAN_POINT('',(5.818867398663,522.57950409585));
#1004 = CARTESIAN_POINT('',(5.798358755304,522.69780821704));
#1005 = CARTESIAN_POINT('',(5.718643425594,523.1762466598));
#1006 = CARTESIAN_POINT('',(5.66226227339,523.55662703123));
#1007 = CARTESIAN_POINT('',(5.608786235755,523.95388337798));
#1008 = CARTESIAN_POINT('',(5.557941385231,524.36416535625));
#1009 = CARTESIAN_POINT('',(5.509475071525,524.7852861602));
#1010 = CARTESIAN_POINT('',(5.463163241897,525.21664485379));
#1011 = CARTESIAN_POINT('',(5.41882328172,525.65904517555));
#1012 = CARTESIAN_POINT('',(5.341547258157,526.49008742476));
#1013 = CARTESIAN_POINT('',(5.308459981871,526.86925308037));
#1014 = CARTESIAN_POINT('',(5.276827491391,527.25621615999));
#1015 = CARTESIAN_POINT('',(5.246594913553,527.65413638176));
#1016 = CARTESIAN_POINT('',(5.218018952229,528.06476413337));
#1017 = CARTESIAN_POINT('',(5.191675979496,528.48842236293));
#1018 = CARTESIAN_POINT('',(5.168441109697,528.92493259649));
#1019 = CARTESIAN_POINT('',(5.140336080882,529.58856583166));
#1020 = CARTESIAN_POINT('',(5.132147690201,529.80700781594));
#1021 = CARTESIAN_POINT('',(5.125010919445,530.02935278018));
#1022 = CARTESIAN_POINT('',(5.119099401525,530.25458124289));
#1023 = CARTESIAN_POINT('',(5.114548738532,530.48202069698));
#1024 = CARTESIAN_POINT('',(5.111458933509,530.71127524156));
#1025 = CARTESIAN_POINT('',(5.109896541771,530.94213855441));
#1026 = CARTESIAN_POINT('',(5.109896541771,531.40684185595));
#1027 = CARTESIAN_POINT('',(5.111458933509,531.63770516881));
#1028 = CARTESIAN_POINT('',(5.114548738532,531.86695971338));
#1029 = CARTESIAN_POINT('',(5.119099401525,532.09439916747));
#1030 = CARTESIAN_POINT('',(5.125010919445,532.31962763018));
#1031 = CARTESIAN_POINT('',(5.132147690201,532.54197259443));
#1032 = CARTESIAN_POINT('',(5.140336080882,532.76041457871));
#1033 = CARTESIAN_POINT('',(5.168441109697,533.42404781387));
#1034 = CARTESIAN_POINT('',(5.191675979496,533.86055804744));
#1035 = CARTESIAN_POINT('',(5.218018952232,534.28421627704));
#1036 = CARTESIAN_POINT('',(5.246594913549,534.69484402854));
#1037 = CARTESIAN_POINT('',(5.276827491393,535.09276425042));
#1038 = CARTESIAN_POINT('',(5.308459981871,535.47972732999));
#1039 = CARTESIAN_POINT('',(5.341547258157,535.85889298561));
#1040 = CARTESIAN_POINT('',(5.418823281721,536.68993523482));
#1041 = CARTESIAN_POINT('',(5.463163241896,537.13233555656));
#1042 = CARTESIAN_POINT('',(5.509475071527,537.5636942502));
#1043 = CARTESIAN_POINT('',(5.557941385229,537.98481505407));
#1044 = CARTESIAN_POINT('',(5.608786235758,538.39509703241));
#1045 = CARTESIAN_POINT('',(5.662262273388,538.79235337913));
#1046 = CARTESIAN_POINT('',(5.718643425594,539.17273375057));
#1047 = CARTESIAN_POINT('',(5.798358755304,539.65117219333));
#1048 = CARTESIAN_POINT('',(5.818867398663,539.76947631451));
#1049 = CARTESIAN_POINT('',(5.839782407378,539.88511917658));
#1050 = CARTESIAN_POINT('',(5.861120606787,539.99785170479));
#1051 = CARTESIAN_POINT('',(5.882898830182,540.10738787093));
#1052 = CARTESIAN_POINT('',(5.905134053847,540.21340378266));
#1053 = CARTESIAN_POINT('',(5.927843532092,540.31553677296));
#1054 = CARTESIAN_POINT('',(5.967224458041,540.48161871831));
#1055 = CARTESIAN_POINT('',(5.983647030463,540.54778499452));
#1056 = CARTESIAN_POINT('',(6.000310986743,540.61171220317));
#1057 = CARTESIAN_POINT('',(6.017214995905,540.6732285455));
#1058 = CARTESIAN_POINT('',(6.03435805882,540.73216153898));
#1059 = CARTESIAN_POINT('',(6.051739508207,540.78833801736));
#1060 = CARTESIAN_POINT('',(6.069359008628,540.84158413062));
#1061 = CARTESIAN_POINT('',(6.110541706767,540.95721873573));
#1062 = CARTESIAN_POINT('',(6.134301533954,541.01749461706));
#1063 = CARTESIAN_POINT('',(6.158442395273,541.07198601171));
#1064 = CARTESIAN_POINT('',(6.182914144769,541.12021107014));
#1065 = CARTESIAN_POINT('',(6.207669344255,541.16177220285));
#1066 = CARTESIAN_POINT('',(6.232662474259,541.19635521276));
#1067 = CARTESIAN_POINT('',(6.257849144969,541.22372842757));
#1068 = CARTESIAN_POINT('',(6.28318530718,541.2437418321));
#1069 = ( GEOMETRIC_REPRESENTATION_CONTEXT(2) 
PARAMETRIC_REPRESENTATION_CONTEXT() REPRESENTATION_CONTEXT('2D SPACE',''
  ) );
#1070 = ORIENTED_EDGE('',*,*,#1071,.T.);
#1071 = EDGE_CURVE('',#800,#1072,#1074,.T.);
#1072 = VERTEX_POINT('',#1073);
#1073 = CARTESIAN_POINT('',(50.396217438688,225.,6.9));
#1074 = SURFACE_CURVE('',#1075,(#1267,#1462),.PCURVE_S1.);
#1075 = B_SPLINE_CURVE_WITH_KNOTS('',8,(#1076,#1077,#1078,#1079,#1080,
    #1081,#1082,#1083,#1084,#1085,#1086,#1087,#1088,#1089,#1090,#1091,
    #1092,#1093,#1094,#1095,#1096,#1097,#1098,#1099,#1100,#1101,#1102,
    #1103,#1104,#1105,#1106,#1107,#1108,#1109,#1110,#1111,#1112,#1113,
    #1114,#1115,#1116,#1117,#1118,#1119,#1120,#1121,#1122,#1123,#1124,
    #1125,#1126,#1127,#1128,#1129,#1130,#1131,#1132,#1133,#1134,#1135,
    #1136,#1137,#1138,#1139,#1140,#1141,#1142,#1143,#1144,#1145,#1146,
    #1147,#1148,#1149,#1150,#1151,#1152,#1153,#1154,#1155,#1156,#1157,
    #1158,#1159,#1160,#1161,#1162,#1163,#1164,#1165,#1166,#1167,#1168,
    #1169,#1170,#1171,#1172,#1173,#1174,#1175,#1176,#1177,#1178,#1179,
    #1180,#1181,#1182,#1183,#1184,#1185,#1186,#1187,#1188,#1189,#1190,
    #1191,#1192,#1193,#1194,#1195,#1196,#1197,#1198,#1199,#1200,#1201,
    #1202,#1203,#1204,#1205,#1206,#1207,#1208,#1209,#1210,#1211,#1212,
    #1213,#1214,#1215,#1216,#1217,#1218,#1219,#1220,#1221,#1222,#1223,
    #1224,#1225,#1226,#1227,#1228,#1229,#1230,#1231,#1232,#1233,#1234,
    #1235,#1236,#1237,#1238,#1239,#1240,#1241,#1242,#1243,#1244,#1245,
    #1246,#1247,#1248,#1249,#1250,#1251,#1252,#1253,#1254,#1255,#1256,
    #1257,#1258,#1259,#1260,#1261,#1262,#1263,#1264,#1265,#1266),
  .UNSPECIFIED.,.F.,.F.,(9,7,7,7,7,7,7,7,7,7,7,7,7,7,7,7,7,7,7,7,7,7,7,7
    ,7,7,7,9),(0.,4.488769472191E-03,3.197813267387E-02,
    5.028683979712E-02,7.567671943155E-02,0.151624641648,0.215482203696,
    0.245203906442,0.263849545532,0.298452764358,0.338432640075,
    0.414183362592,0.440056205051,0.458409100185,0.486049622209,
    0.504313195206,0.532892128769,0.558317325665,0.63414871897,
    0.697052585422,0.74634919601,0.793142374206,0.820670864264,
    0.895946196042,0.921184953348,0.940071915116,0.967709685829,1.),
  .UNSPECIFIED.);
#1076 = CARTESIAN_POINT('',(70.1,223.43384904919,26.977833993372));
#1077 = CARTESIAN_POINT('',(70.1,223.38531659099,26.970216192194));
#1078 = CARTESIAN_POINT('',(70.099728572802,223.33680620091,
    26.962325423067));
#1079 = CARTESIAN_POINT('',(70.099184903937,223.28832475139,
    26.95416235741));
#1080 = CARTESIAN_POINT('',(70.098368353905,223.23987911471,
    26.945727844753));
#1081 = CARTESIAN_POINT('',(70.097278458178,223.19147616304,
    26.937022912734));
#1082 = CARTESIAN_POINT('',(70.0959149272,223.14312276841,
    26.928048767098));
#1083 = CARTESIAN_POINT('',(70.094277646387,223.09482580271,
    26.918806791703));
#1084 = CARTESIAN_POINT('',(70.080663835076,222.75120768014,
    26.851069772885));
#1085 = CARTESIAN_POINT('',(70.058719762445,222.45878276481,
    26.782970430752));
#1086 = CARTESIAN_POINT('',(70.026605652689,222.17048880702,
    26.705352446425));
#1087 = CARTESIAN_POINT('',(69.984566407623,221.88745061633,
    26.618734745233));
#1088 = CARTESIAN_POINT('',(69.933022201001,221.61074206065,
    26.523799543333));
#1089 = CARTESIAN_POINT('',(69.872570043091,221.34138173046,
    26.421388637528));
#1090 = CARTESIAN_POINT('',(69.803985345259,221.08032860291,
    26.312499695079));
#1091 = CARTESIAN_POINT('',(69.677763904643,220.66073775953,
    26.122210633047));
#1092 = CARTESIAN_POINT('',(69.624046544631,220.4968338038,
    26.043663503997));
#1093 = CARTESIAN_POINT('',(69.567256172934,220.33678178863,
    25.962846247301));
#1094 = CARTESIAN_POINT('',(69.507577780287,220.18059225518,
    25.879961673183));
#1095 = CARTESIAN_POINT('',(69.445196579739,220.02827033592,
    25.795210311159));
#1096 = CARTESIAN_POINT('',(69.380298006652,219.87981575459,
    25.70879041004));
#1097 = CARTESIAN_POINT('',(69.313067718699,219.73522282627,
    25.620897937927));
#1098 = CARTESIAN_POINT('',(69.147483196419,219.3993038245,
    25.408066840805));
#1099 = CARTESIAN_POINT('',(69.047103033562,219.21144040554,
    25.281889647359));
#1100 = CARTESIAN_POINT('',(68.94293419302,219.0306605084,
    25.153571864185));
#1101 = CARTESIAN_POINT('',(68.835325108401,218.85673232065,
    25.023452677804));
#1102 = CARTESIAN_POINT('',(68.724589075821,218.68942194603,
    24.89183425625));
#1103 = CARTESIAN_POINT('',(68.611003768538,218.52849344102,
    24.758982406376));
#1104 = CARTESIAN_POINT('',(68.494810751585,218.37370885143,
    24.625127231165));
#1105 = CARTESIAN_POINT('',(68.021463366221,217.77948653909,
    24.087649400843));
#1106 = CARTESIAN_POINT('',(67.644040572031,217.38550386332,
    23.676272958383));
#1107 = CARTESIAN_POINT('',(67.249748909525,217.03780719831,
    23.262116844703));
#1108 = CARTESIAN_POINT('',(66.842442764347,216.73147761767,
    22.849142590271));
#1109 = CARTESIAN_POINT('',(66.42432795188,216.46201204265,
    22.439971962169));
#1110 = CARTESIAN_POINT('',(65.996040755491,216.22542936605,
    22.036325722622));
#1111 = CARTESIAN_POINT('',(65.556822045749,216.01843096298,
    21.639434403716));
#1112 = CARTESIAN_POINT('',(64.723908435374,215.68701554577,
    20.925257565657));
#1113 = CARTESIAN_POINT('',(64.339741555433,215.55694372455,
    20.610197874389));
#1114 = CARTESIAN_POINT('',(63.94776508458,215.44436044467,
    20.30451068389));
#1115 = CARTESIAN_POINT('',(63.544575062124,215.34758278003,
    20.008542734046));
#1116 = CARTESIAN_POINT('',(63.128253447756,215.26610613616,
    19.725662766597));
#1117 = CARTESIAN_POINT('',(62.698430505648,215.19966149508,
    19.462667182969));
#1118 = CARTESIAN_POINT('',(62.255306771699,215.14721228148,
    19.229538128064));
#1119 = CARTESIAN_POINT('',(61.584674095428,215.08937001338,
    18.948769593851));
#1120 = CARTESIAN_POINT('',(61.366392436121,215.07362523571,
    18.867697350311));
#1121 = CARTESIAN_POINT('',(61.144231045887,215.06064615337,
    18.796905574432));
#1122 = CARTESIAN_POINT('',(60.919196198241,215.05039882864,
    18.738180794506));
#1123 = CARTESIAN_POINT('',(60.6919507245,215.04278125326,
    18.692928269834));
#1124 = CARTESIAN_POINT('',(60.462883339862,215.03770198918,
    18.662185188223));
#1125 = CARTESIAN_POINT('',(60.232194673115,215.03513238778,
    18.646637018576));
#1126 = CARTESIAN_POINT('',(59.854334789954,215.03513238778,
    18.646637018576));
#1127 = CARTESIAN_POINT('',(59.708868589336,215.03614354046,
    18.652756067871));
#1128 = CARTESIAN_POINT('',(59.563754870569,215.03816095762,
    18.664964981728));
#1129 = CARTESIAN_POINT('',(59.419156664152,215.04118803339,
    18.683152897746));
#1130 = CARTESIAN_POINT('',(59.275260673121,215.0452353371,
    18.707125349749));
#1131 = CARTESIAN_POINT('',(59.132291328588,215.05031631981,
    18.736602295294));
#1132 = CARTESIAN_POINT('',(58.990524786361,215.05643983439,
    18.771216096787));
#1133 = CARTESIAN_POINT('',(58.590074195721,215.07688656584,
    18.883431425179));
#1134 = CARTESIAN_POINT('',(58.335310701096,215.09373460705,
    18.972429868586));
#1135 = CARTESIAN_POINT('',(58.085453089643,215.11423671829,
    19.075314496982));
#1136 = CARTESIAN_POINT('',(57.840181850679,215.13855780663,
    19.190028690253));
#1137 = CARTESIAN_POINT('',(57.599336719249,215.16686107026,
    19.314691886361));
#1138 = CARTESIAN_POINT('',(57.362835709967,215.19927278507,
    19.44763880971));
#1139 = CARTESIAN_POINT('',(57.130593719451,215.23588536837,
    19.58745553913));
#1140 = CARTESIAN_POINT('',(56.638837200923,215.32406919795,
    19.901185956109));
#1141 = CARTESIAN_POINT('',(56.379641521911,215.37726893476,
    20.077692963245));
#1142 = CARTESIAN_POINT('',(56.124795954099,215.43660800611,
    20.260818335021));
#1143 = CARTESIAN_POINT('',(55.87416255007,215.50227915463,
    20.449227354795));
#1144 = CARTESIAN_POINT('',(55.627493028069,215.57448975042,
    20.641969663059));
#1145 = CARTESIAN_POINT('',(55.384424666581,215.65351676752,
    20.838443078299));
#1146 = CARTESIAN_POINT('',(55.144508162015,215.73976105461,
    21.038328153403));
#1147 = CARTESIAN_POINT('',(54.457779712957,216.01191153199,
    21.6264666317));
#1148 = CARTESIAN_POINT('',(54.021335938105,216.21659010177,
    22.020311934394));
#1149 = CARTESIAN_POINT('',(53.595681230785,216.45036955225,
    22.420883175262));
#1150 = CARTESIAN_POINT('',(53.180060880008,216.7164575251,
    22.82695251132));
#1151 = CARTESIAN_POINT('',(52.775069934157,217.01872263191,
    23.236837317638));
#1152 = CARTESIAN_POINT('',(52.382819220428,217.36154053106,
    23.647995539922));
#1153 = CARTESIAN_POINT('',(52.007010293732,217.74969233277,
    24.056603093113));
#1154 = CARTESIAN_POINT('',(51.532380564413,218.33786148643,
    24.593882080047));
#1155 = CARTESIAN_POINT('',(51.413976471781,218.49363745807,
    24.729875632821));
#1156 = CARTESIAN_POINT('',(51.298217000603,218.65569096686,
    24.864873307898));
#1157 = CARTESIAN_POINT('',(51.185348549316,218.82427113328,
    24.998640604184));
#1158 = CARTESIAN_POINT('',(51.075654426326,218.99962743375,
    25.130907014522));
#1159 = CARTESIAN_POINT('',(50.969455762029,219.1820073749,
    25.261363586003));
#1160 = CARTESIAN_POINT('',(50.867112420832,219.37165416774,
    25.389660480281));
#1161 = CARTESIAN_POINT('',(50.699444851742,219.70865287741,
    25.604601050776));
#1162 = CARTESIAN_POINT('',(50.631988947623,219.85231256264,
    25.692535789612));
#1163 = CARTESIAN_POINT('',(50.566835356307,219.99980188626,
    25.779022934619));
#1164 = CARTESIAN_POINT('',(50.504164053521,220.15113418389,
    25.863873481786));
#1165 = CARTESIAN_POINT('',(50.444155835229,220.30631769813,
    25.946895238859));
#1166 = CARTESIAN_POINT('',(50.386992317631,220.46535557862,
    26.027892825347));
#1167 = CARTESIAN_POINT('',(50.332855937164,220.62824588195,
    26.106667672518));
#1168 = CARTESIAN_POINT('',(50.205232467857,221.04609516838,
    26.298006069678));
#1169 = CARTESIAN_POINT('',(50.135653518323,221.30646552178,
    26.407739747979));
#1170 = CARTESIAN_POINT('',(50.074153787063,221.57521650034,
    26.51106778433));
#1171 = CARTESIAN_POINT('',(50.021516940306,221.85140832189,
    26.606988057026));
#1172 = CARTESIAN_POINT('',(49.978351150023,222.13404179934,
    26.694651257675));
#1173 = CARTESIAN_POINT('',(49.945090618608,222.42206258633,
    26.773364552251));
#1174 = CARTESIAN_POINT('',(49.921997103563,222.71436542299,
    26.842595242149));
#1175 = CARTESIAN_POINT('',(49.900680233373,223.20500675713,
    26.941209431133));
#1176 = CARTESIAN_POINT('',(49.896692512706,223.40123717127,
    26.976074009619));
#1177 = CARTESIAN_POINT('',(49.897199317057,223.59808423616,
    27.00647554005));
#1178 = CARTESIAN_POINT('',(49.902160621019,223.7951348497,
    27.032361617848));
#1179 = CARTESIAN_POINT('',(49.911495696908,223.99196823719,
    27.053720425722));
#1180 = CARTESIAN_POINT('',(49.925083474773,224.18815599305,
    27.07058110491));
#1181 = CARTESIAN_POINT('',(49.942762902412,224.38326212254,
    27.083014126408));
#1182 = CARTESIAN_POINT('',(49.99808678358,224.87975957315,
    27.103834024244));
#1183 = CARTESIAN_POINT('',(50.041318783228,225.17850465439,
    27.105951267096));
#1184 = CARTESIAN_POINT('',(50.093335102944,225.4724973859,
    27.098013059977));
#1185 = CARTESIAN_POINT('',(50.153419084694,225.76118308384,
    27.080585885786));
#1186 = CARTESIAN_POINT('',(50.220831966779,226.04403330859,
    27.054273370314));
#1187 = CARTESIAN_POINT('',(50.294813236843,226.32054585133,
    27.01971661145));
#1188 = CARTESIAN_POINT('',(50.374580984869,226.59024472073,
    26.977594508388));
#1189 = CARTESIAN_POINT('',(50.534731072433,227.08615531966,
    26.885057646853));
#1190 = CARTESIAN_POINT('',(50.61420141487,227.31427562251,26.8359976106
    ));
#1191 = CARTESIAN_POINT('',(50.697330709473,227.53708764836,
    26.781841770352));
#1192 = CARTESIAN_POINT('',(50.783742144337,227.7546561036,
    26.722956927892));
#1193 = CARTESIAN_POINT('',(50.87309404372,227.96706372426,
    26.659678387161));
#1194 = CARTESIAN_POINT('',(50.965079242094,228.17441120957,
    26.592309442919));
#1195 = CARTESIAN_POINT('',(51.059424458185,228.37681715541,
    26.521120869395));
#1196 = CARTESIAN_POINT('',(51.443599981489,229.16376824922,
    26.223345323978));
#1197 = CARTESIAN_POINT('',(51.751097590168,229.71227447259,
    25.967756597316));
#1198 = CARTESIAN_POINT('',(52.071751822087,230.22206621308,
    25.685895830881));
#1199 = CARTESIAN_POINT('',(52.400684498109,230.6959601077,
    25.382292721123));
#1200 = CARTESIAN_POINT('',(52.734372679895,231.13704821803,
    25.059895843917));
#1201 = CARTESIAN_POINT('',(53.070255555625,231.54848644577,
    24.720105585169));
#1202 = CARTESIAN_POINT('',(53.406376418642,231.93322088115,
    24.362883572057));
#1203 = CARTESIAN_POINT('',(54.016831969138,232.59277095895,
    23.674333196808));
#1204 = CARTESIAN_POINT('',(54.288256097891,232.8711736737,
    23.353117049816));
#1205 = CARTESIAN_POINT('',(54.554935980907,233.1333595742,
    23.020179791245));
#1206 = CARTESIAN_POINT('',(54.816066383139,233.38140701439,
    22.672885785468));
#1207 = CARTESIAN_POINT('',(55.068448527514,233.61548827606,
    22.309485342277));
#1208 = CARTESIAN_POINT('',(55.305925874779,233.83454234026,
    21.929358543894));
#1209 = CARTESIAN_POINT('',(55.519356179628,234.03735259316,
    21.532423147946));
#1210 = CARTESIAN_POINT('',(55.838081115055,234.3678612797,
    20.792105062124));
#1211 = CARTESIAN_POINT('',(55.961626449616,234.50734307096,
    20.444456591632));
#1212 = CARTESIAN_POINT('',(56.056335924462,234.63440057287,
    20.083144424989));
#1213 = CARTESIAN_POINT('',(56.11355526489,234.74610545087,
    19.713704199246));
#1214 = CARTESIAN_POINT('',(56.128656227796,234.84170775126,
    19.33901506849));
#1215 = CARTESIAN_POINT('',(56.101311154027,234.92063691118,
    18.960814872445));
#1216 = CARTESIAN_POINT('',(56.035248620775,234.98243741297,
    18.581995083237));
#1217 = CARTESIAN_POINT('',(55.845475852819,235.07022957288,
    17.853351371571));
#1218 = CARTESIAN_POINT('',(55.725531079698,235.09757255172,
    17.505591138218));
#1219 = CARTESIAN_POINT('',(55.583566367697,235.11091617051,
    17.163666409634));
#1220 = CARTESIAN_POINT('',(55.424670426523,235.11110907251,
    16.827100597215));
#1221 = CARTESIAN_POINT('',(55.253142419142,235.09884256876,
    16.49573025567));
#1222 = CARTESIAN_POINT('',(55.072296889424,235.07472944039,
    16.169297575063));
#1223 = CARTESIAN_POINT('',(54.884400912096,235.03917290984,
    15.847121436693));
#1224 = CARTESIAN_POINT('',(54.576750309403,234.96447251832,
    15.340083197149));
#1225 = CARTESIAN_POINT('',(54.460779569569,234.93282972255,
    15.15328034666));
#1226 = CARTESIAN_POINT('',(54.343183898019,234.8972388808,
    14.967442864003));
#1227 = CARTESIAN_POINT('',(54.22428326415,234.85770889666,
    14.782510238937));
#1228 = CARTESIAN_POINT('',(54.104334776706,234.81422791604,
    14.598401585829));
#1229 = CARTESIAN_POINT('',(53.98354293774,234.7667596476,
    14.415018778452));
#1230 = CARTESIAN_POINT('',(53.862069896576,234.71523968334,
    14.232249584777));
#1231 = CARTESIAN_POINT('',(53.406376418646,234.50735072251,
    13.551538238347));
#1232 = CARTESIAN_POINT('',(53.070255555615,234.3248766831,
    13.059266588361));
#1233 = CARTESIAN_POINT('',(52.734372679913,234.11070855351,
    12.570522435042));
#1234 = CARTESIAN_POINT('',(52.400684498085,233.86223363996,
    12.083943885442));
#1235 = CARTESIAN_POINT('',(52.071751822105,233.57600358184,
    11.599358882216));
#1236 = CARTESIAN_POINT('',(51.751097590161,233.24792932624,
    11.118006211924));
#1237 = CARTESIAN_POINT('',(51.44359998149,232.87345517105,
    10.64266025228));
#1238 = CARTESIAN_POINT('',(51.059424458185,232.30513158631,
    10.022200259588));
#1239 = CARTESIAN_POINT('',(50.965079242094,232.15652370428,
    9.867436965145));
#1240 = CARTESIAN_POINT('',(50.87309404372,232.00178319871,9.7138565945)
  );
#1241 = CARTESIAN_POINT('',(50.783742144337,231.84068217586,
    9.561647424363));
#1242 = CARTESIAN_POINT('',(50.697330709473,231.67299406329,
    9.41103482766));
#1243 = CARTESIAN_POINT('',(50.614201414871,231.49849389954,
    9.262280847034));
#1244 = CARTESIAN_POINT('',(50.534731072433,231.31695862408,
    9.115683768325));
#1245 = CARTESIAN_POINT('',(50.402908933013,230.98688888754,
    8.86373855279));
#1246 = CARTESIAN_POINT('',(50.34874878059,230.84150450531,
    8.757262002383));
#1247 = CARTESIAN_POINT('',(50.297059482698,230.69199734365,
    8.652351108531));
#1248 = CARTESIAN_POINT('',(50.248050609836,230.53835683288,
    8.549211044255));
#1249 = CARTESIAN_POINT('',(50.201933619215,230.38057871031,
    8.448049089913));
#1250 = CARTESIAN_POINT('',(50.158921854762,230.21866502023,
    8.349074633204));
#1251 = CARTESIAN_POINT('',(50.119230547116,230.05262411393,
    8.252499169164));
#1252 = CARTESIAN_POINT('',(50.030172137443,229.63348076499,
    8.02103804817));
#1253 = CARTESIAN_POINT('',(49.984732128844,229.37516539151,
    7.888847460517));
#1254 = CARTESIAN_POINT('',(49.947692897074,229.10844468412,
    7.763193204474));
#1255 = CARTESIAN_POINT('',(49.91981973562,228.83430952186,
    7.645126891072));
#1256 = CARTESIAN_POINT('',(49.901704378124,228.55381588702,
    7.535523448185));
#1257 = CARTESIAN_POINT('',(49.893762254289,228.26807924428,
    7.435081493609));
#1258 = CARTESIAN_POINT('',(49.896229745789,227.97826891987,
    7.344323708139));
#1259 = CARTESIAN_POINT('',(49.924270060865,227.34366856119,
    7.169281206912));
#1260 = CARTESIAN_POINT('',(49.953573783585,226.99984734361,
    7.089212891667));
#1261 = CARTESIAN_POINT('',(49.996875177641,226.65592372726,
    7.023596747604));
#1262 = CARTESIAN_POINT('',(50.053689392166,226.31373127033,
    6.972357943282));
#1263 = CARTESIAN_POINT('',(50.123242909135,225.97514015954,
    6.93514352329));
#1264 = CARTESIAN_POINT('',(50.204471207962,225.642046124,6.911324665009
    ));
#1265 = CARTESIAN_POINT('',(50.296015343676,225.31636029335,6.9));
#1266 = CARTESIAN_POINT('',(50.396217438687,225.,6.9));
#1267 = PCURVE('',#157,#1268);
#1268 = DEFINITIONAL_REPRESENTATION('',(#1269),#1461);
#1269 = B_SPLINE_CURVE_WITH_KNOTS('',8,(#1270,#1271,#1272,#1273,#1274,
    #1275,#1276,#1277,#1278,#1279,#1280,#1281,#1282,#1283,#1284,#1285,
    #1286,#1287,#1288,#1289,#1290,#1291,#1292,#1293,#1294,#1295,#1296,
    #1297,#1298,#1299,#1300,#1301,#1302,#1303,#1304,#1305,#1306,#1307,
    #1308,#1309,#1310,#1311,#1312,#1313,#1314,#1315,#1316,#1317,#1318,
    #1319,#1320,#1321,#1322,#1323,#1324,#1325,#1326,#1327,#1328,#1329,
    #1330,#1331,#1332,#1333,#1334,#1335,#1336,#1337,#1338,#1339,#1340,
    #1341,#1342,#1343,#1344,#1345,#1346,#1347,#1348,#1349,#1350,#1351,
    #1352,#1353,#1354,#1355,#1356,#1357,#1358,#1359,#1360,#1361,#1362,
    #1363,#1364,#1365,#1366,#1367,#1368,#1369,#1370,#1371,#1372,#1373,
    #1374,#1375,#1376,#1377,#1378,#1379,#1380,#1381,#1382,#1383,#1384,
    #1385,#1386,#1387,#1388,#1389,#1390,#1391,#1392,#1393,#1394,#1395,
    #1396,#1397,#1398,#1399,#1400,#1401,#1402,#1403,#1404,#1405,#1406,
    #1407,#1408,#1409,#1410,#1411,#1412,#1413,#1414,#1415,#1416,#1417,
    #1418,#1419,#1420,#1421,#1422,#1423,#1424,#1425,#1426,#1427,#1428,
    #1429,#1430,#1431,#1432,#1433,#1434,#1435,#1436,#1437,#1438,#1439,
    #1440,#1441,#1442,#1443,#1444,#1445,#1446,#1447,#1448,#1449,#1450,
    #1451,#1452,#1453,#1454,#1455,#1456,#1457,#1458,#1459,#1460),
  .UNSPECIFIED.,.F.,.F.,(9,7,7,7,7,7,7,7,7,7,7,7,7,7,7,7,7,7,7,7,7,7,7,7
    ,7,7,7,9),(0.,4.488769472191E-03,3.197813267387E-02,
    5.028683979712E-02,7.567671943155E-02,0.151624641648,0.215482203696,
    0.245203906442,0.263849545532,0.298452764358,0.338432640075,
    0.414183362592,0.440056205051,0.458409100185,0.486049622209,
    0.504313195206,0.532892128769,0.558317325665,0.63414871897,
    0.697052585422,0.74634919601,0.793142374206,0.820670864264,
    0.895946196042,0.921184953348,0.940071915116,0.967709685829,1.),
  .UNSPECIFIED.);
#1270 = CARTESIAN_POINT('',(3.297285346291,40.1));
#1271 = CARTESIAN_POINT('',(3.302149373717,40.1));
#1272 = CARTESIAN_POINT('',(3.307015433059,40.099728572802));
#1273 = CARTESIAN_POINT('',(3.311883017962,40.099184903937));
#1274 = CARTESIAN_POINT('',(3.316751619163,40.098368353905));
#1275 = CARTESIAN_POINT('',(3.321620724489,40.097278458178));
#1276 = CARTESIAN_POINT('',(3.326489818857,40.0959149272));
#1277 = CARTESIAN_POINT('',(3.331358384278,40.094277646387));
#1278 = CARTESIAN_POINT('',(3.366034715896,40.080663835076));
#1279 = CARTESIAN_POINT('',(3.395745012528,40.058719762445));
#1280 = CARTESIAN_POINT('',(3.425276748744,40.026605652689));
#1281 = CARTESIAN_POINT('',(3.454549874746,39.984566407623));
#1282 = CARTESIAN_POINT('',(3.483482680443,39.933022201001));
#1283 = CARTESIAN_POINT('',(3.511990143952,39.872570043091));
#1284 = CARTESIAN_POINT('',(3.539982280101,39.803985345259));
#1285 = CARTESIAN_POINT('',(3.585598496105,39.677763904643));
#1286 = CARTESIAN_POINT('',(3.603589860578,39.624046544631));
#1287 = CARTESIAN_POINT('',(3.621335929034,39.567256172934));
#1288 = CARTESIAN_POINT('',(3.638835664269,39.507577780287));
#1289 = CARTESIAN_POINT('',(3.656087645186,39.445196579739));
#1290 = CARTESIAN_POINT('',(3.673090066798,39.380298006652));
#1291 = CARTESIAN_POINT('',(3.689840740227,39.313067718699));
#1292 = CARTESIAN_POINT('',(3.72921366182,39.147483196419));
#1293 = CARTESIAN_POINT('',(3.751611996756,39.047103033562));
#1294 = CARTESIAN_POINT('',(3.773549531547,38.94293419302));
#1295 = CARTESIAN_POINT('',(3.79504276476,38.835325108401));
#1296 = CARTESIAN_POINT('',(3.816107651384,38.724589075821));
#1297 = CARTESIAN_POINT('',(3.836759994709,38.611003768538));
#1298 = CARTESIAN_POINT('',(3.857015838217,38.494810751585));
#1299 = CARTESIAN_POINT('',(3.936346348214,38.021463366221));
#1300 = CARTESIAN_POINT('',(3.992598269143,37.644040572031));
#1301 = CARTESIAN_POINT('',(4.045956367812,37.249748909526));
#1302 = CARTESIAN_POINT('',(4.096693911399,36.842442764345));
#1303 = CARTESIAN_POINT('',(4.145063667769,36.424327951882));
#1304 = CARTESIAN_POINT('',(4.191291269875,35.996040755491));
#1305 = CARTESIAN_POINT('',(4.23556348344,35.556822045749));
#1306 = CARTESIAN_POINT('',(4.313516710224,34.723908435374));
#1307 = CARTESIAN_POINT('',(4.347233498872,34.339741555433));
#1308 = CARTESIAN_POINT('',(4.379448391807,33.947765084583));
#1309 = CARTESIAN_POINT('',(4.410238854764,33.544575062121));
#1310 = CARTESIAN_POINT('',(4.439352141259,33.12825344776));
#1311 = CARTESIAN_POINT('',(4.466194217838,32.698430505647));
#1312 = CARTESIAN_POINT('',(4.489849366684,32.255306771699));
#1313 = CARTESIAN_POINT('',(4.518232018461,31.584674095428));
#1314 = CARTESIAN_POINT('',(4.526408392286,31.36639243612));
#1315 = CARTESIAN_POINT('',(4.533533792158,31.144231045887));
#1316 = CARTESIAN_POINT('',(4.539435692239,30.919196198241));
#1317 = CARTESIAN_POINT('',(4.543979126215,30.6919507245));
#1318 = CARTESIAN_POINT('',(4.547064318864,30.462883339862));
#1319 = CARTESIAN_POINT('',(4.548624599868,30.232194673115));
#1320 = CARTESIAN_POINT('',(4.548624599868,29.854334789954));
#1321 = CARTESIAN_POINT('',(4.548010538309,29.708868589336));
#1322 = CARTESIAN_POINT('',(4.546785340723,29.563754870569));
#1323 = CARTESIAN_POINT('',(4.54495978866,29.419156664152));
#1324 = CARTESIAN_POINT('',(4.542552705982,29.275260673121));
#1325 = CARTESIAN_POINT('',(4.539591194089,29.132291328588));
#1326 = CARTESIAN_POINT('',(4.536110916073,28.990524786361));
#1327 = CARTESIAN_POINT('',(4.524817558076,28.590074195721));
#1328 = CARTESIAN_POINT('',(4.515849524297,28.335310701096));
#1329 = CARTESIAN_POINT('',(4.505463481221,28.085453089643));
#1330 = CARTESIAN_POINT('',(4.493855016937,27.840181850679));
#1331 = CARTESIAN_POINT('',(4.481200836219,27.599336719249));
#1332 = CARTESIAN_POINT('',(4.46765542556,27.362835709967));
#1333 = CARTESIAN_POINT('',(4.453347701892,27.130593719451));
#1334 = CARTESIAN_POINT('',(4.421081536878,26.638837200923));
#1335 = CARTESIAN_POINT('',(4.402832257945,26.379641521911));
#1336 = CARTESIAN_POINT('',(4.383779787491,26.124795954099));
#1337 = CARTESIAN_POINT('',(4.364034604132,25.87416255007));
#1338 = CARTESIAN_POINT('',(4.343667188817,25.627493028069));
#1339 = CARTESIAN_POINT('',(4.322710355272,25.384424666581));
#1340 = CARTESIAN_POINT('',(4.301163483765,25.144508162015));
#1341 = CARTESIAN_POINT('',(4.236999815725,24.457779712957));
#1342 = CARTESIAN_POINT('',(4.193100016196,24.021335938105));
#1343 = CARTESIAN_POINT('',(4.1472729557,23.595681230786));
#1344 = CARTESIAN_POINT('',(4.099339871455,23.180060880006));
#1345 = CARTESIAN_POINT('',(4.049082762091,22.775069934158));
#1346 = CARTESIAN_POINT('',(3.99625676532,22.382819220427));
#1347 = CARTESIAN_POINT('',(3.940596822282,22.007010293732));
#1348 = CARTESIAN_POINT('',(3.861723042972,21.532380564413));
#1349 = CARTESIAN_POINT('',(3.841254396369,21.413976471781));
#1350 = CARTESIAN_POINT('',(3.820380980635,21.298217000603));
#1351 = CARTESIAN_POINT('',(3.79908593938,21.185348549316));
#1352 = CARTESIAN_POINT('',(3.777352412065,21.075654426326));
#1353 = CARTESIAN_POINT('',(3.755163400919,20.969455762029));
#1354 = CARTESIAN_POINT('',(3.732501637837,20.867112420832));
#1355 = CARTESIAN_POINT('',(3.69292645285,20.699444851742));
#1356 = CARTESIAN_POINT('',(3.67625244453,20.631988947623));
#1357 = CARTESIAN_POINT('',(3.659329117074,20.566835356307));
#1358 = CARTESIAN_POINT('',(3.642157806997,20.504164053521));
#1359 = CARTESIAN_POINT('',(3.624739496587,20.444155835229));
#1360 = CARTESIAN_POINT('',(3.607074813915,20.386992317631));
#1361 = CARTESIAN_POINT('',(3.589164032828,20.332855937164));
#1362 = CARTESIAN_POINT('',(3.543661640764,20.205232467857));
#1363 = CARTESIAN_POINT('',(3.515699455747,20.135653518323));
#1364 = CARTESIAN_POINT('',(3.487215838165,20.074153787063));
#1365 = CARTESIAN_POINT('',(3.458299501761,20.021516940306));
#1366 = CARTESIAN_POINT('',(3.429034166387,19.978351150023));
#1367 = CARTESIAN_POINT('',(3.399500170634,19.945090618608));
#1368 = CARTESIAN_POINT('',(3.369776084462,19.921997103563));
#1369 = CARTESIAN_POINT('',(3.320226235808,19.900680233373));
#1370 = CARTESIAN_POINT('',(3.300498208402,19.896692512706));
#1371 = CARTESIAN_POINT('',(3.280785721852,19.897199317057));
#1372 = CARTESIAN_POINT('',(3.261118153237,19.902160621019));
#1373 = CARTESIAN_POINT('',(3.24152514458,19.911495696908));
#1374 = CARTESIAN_POINT('',(3.222036972943,19.925083474773));
#1375 = CARTESIAN_POINT('',(3.202684920538,19.942762902412));
#1376 = CARTESIAN_POINT('',(3.153483555693,19.99808678358));
#1377 = CARTESIAN_POINT('',(3.123922020304,20.041318783228));
#1378 = CARTESIAN_POINT('',(3.09483110511,20.093335102944));
#1379 = CARTESIAN_POINT('',(3.066227365698,20.153419084694));
#1380 = CARTESIAN_POINT('',(3.038130060922,20.220831966779));
#1381 = CARTESIAN_POINT('',(3.010561367033,20.294813236843));
#1382 = CARTESIAN_POINT('',(2.983546591803,20.374580984869));
#1383 = CARTESIAN_POINT('',(2.933599026622,20.534731072433));
#1384 = CARTESIAN_POINT('',(2.910505072554,20.614201414871));
#1385 = CARTESIAN_POINT('',(2.887815431822,20.697330709473));
#1386 = CARTESIAN_POINT('',(2.865513605901,20.783742144337));
#1387 = CARTESIAN_POINT('',(2.843583275523,20.87309404372));
#1388 = CARTESIAN_POINT('',(2.822007883822,20.965079242094));
#1389 = CARTESIAN_POINT('',(2.800770219479,21.059424458185));
#1390 = CARTESIAN_POINT('',(2.717462798122,21.443599981489));
#1391 = CARTESIAN_POINT('',(2.657714107814,21.751097590168));
#1392 = CARTESIAN_POINT('',(2.600259912709,22.071751822087));
#1393 = CARTESIAN_POINT('',(2.544759322684,22.400684498109));
#1394 = CARTESIAN_POINT('',(2.490860262997,22.734372679895));
#1395 = CARTESIAN_POINT('',(2.438177058393,23.070255555625));
#1396 = CARTESIAN_POINT('',(2.38628569792,23.406376418642));
#1397 = CARTESIAN_POINT('',(2.291882577911,24.016831969138));
#1398 = CARTESIAN_POINT('',(2.2498481442,24.288256097891));
#1399 = CARTESIAN_POINT('',(2.207966956915,24.554935980907));
#1400 = CARTESIAN_POINT('',(2.16580611713,24.81606638314));
#1401 = CARTESIAN_POINT('',(2.123110289162,25.068448527513));
#1402 = CARTESIAN_POINT('',(2.079763008624,25.305925874779));
#1403 = CARTESIAN_POINT('',(2.035690432148,25.519356179628));
#1404 = CARTESIAN_POINT('',(1.955418686298,25.838081115055));
#1405 = CARTESIAN_POINT('',(1.918358178373,25.961626449615));
#1406 = CARTESIAN_POINT('',(1.880497276265,26.056335924464));
#1407 = CARTESIAN_POINT('',(1.842357844751,26.113555264887));
#1408 = CARTESIAN_POINT('',(1.804144096798,26.128656227798));
#1409 = CARTESIAN_POINT('',(1.76595390999,26.101311154026));
#1410 = CARTESIAN_POINT('',(1.727984323353,26.035248620775));
#1411 = CARTESIAN_POINT('',(1.65531961388,25.845475852819));
#1412 = CARTESIAN_POINT('',(1.62081127857,25.725531079698));
#1413 = CARTESIAN_POINT('',(1.586974974039,25.583566367697));
#1414 = CARTESIAN_POINT('',(1.553699924195,25.424670426523));
#1415 = CARTESIAN_POINT('',(1.520913805832,25.253142419142));
#1416 = CARTESIAN_POINT('',(1.488541123039,25.072296889424));
#1417 = CARTESIAN_POINT('',(1.456470049324,24.884400912096));
#1418 = CARTESIAN_POINT('',(1.405726347346,24.576750309403));
#1419 = CARTESIAN_POINT('',(1.386971904236,24.460779569569));
#1420 = CARTESIAN_POINT('',(1.36824489798,24.343183898019));
#1421 = CARTESIAN_POINT('',(1.349529631947,24.22428326415));
#1422 = CARTESIAN_POINT('',(1.330808144777,24.104334776706));
#1423 = CARTESIAN_POINT('',(1.312060229741,23.98354293774));
#1424 = CARTESIAN_POINT('',(1.293263454094,23.862069896576));
#1425 = CARTESIAN_POINT('',(1.222793317408,23.406376418646));
#1426 = CARTESIAN_POINT('',(1.170901956933,23.070255555614));
#1427 = CARTESIAN_POINT('',(1.118218752334,22.734372679913));
#1428 = CARTESIAN_POINT('',(1.064319692639,22.400684498085));
#1429 = CARTESIAN_POINT('',(1.008819102622,22.071751822106));
#1430 = CARTESIAN_POINT('',(0.951364907512,21.751097590161));
#1431 = CARTESIAN_POINT('',(0.891616217206,21.44359998149));
#1432 = CARTESIAN_POINT('',(0.808308795848,21.059424458185));
#1433 = CARTESIAN_POINT('',(0.787071131505,20.965079242094));
#1434 = CARTESIAN_POINT('',(0.765495739805,20.87309404372));
#1435 = CARTESIAN_POINT('',(0.743565409427,20.783742144337));
#1436 = CARTESIAN_POINT('',(0.721263583506,20.697330709473));
#1437 = CARTESIAN_POINT('',(0.698573942773,20.614201414871));
#1438 = CARTESIAN_POINT('',(0.675479988705,20.534731072433));
#1439 = CARTESIAN_POINT('',(0.634367336186,20.402908933013));
#1440 = CARTESIAN_POINT('',(0.616528730966,20.34874878059));
#1441 = CARTESIAN_POINT('',(0.598451431858,20.297059482698));
#1442 = CARTESIAN_POINT('',(0.580137674364,20.248050609836));
#1443 = CARTESIAN_POINT('',(0.561589308643,20.201933619215));
#1444 = CARTESIAN_POINT('',(0.542807799505,20.158921854762));
#1445 = CARTESIAN_POINT('',(0.523794226413,20.119230547116));
#1446 = CARTESIAN_POINT('',(0.476387669856,20.030172137443));
#1447 = CARTESIAN_POINT('',(0.447671812936,19.984732128844));
#1448 = CARTESIAN_POINT('',(0.418506303222,19.947692897074));
#1449 = CARTESIAN_POINT('',(0.388987629941,19.91981973562));
#1450 = CARTESIAN_POINT('',(0.359206165911,19.901704378124));
#1451 = CARTESIAN_POINT('',(0.329248152406,19.893762254289));
#1452 = CARTESIAN_POINT('',(0.299197684013,19.896229745789));
#1453 = CARTESIAN_POINT('',(0.234019571287,19.924270060865));
#1454 = CARTESIAN_POINT('',(0.199095402915,19.953573783585));
#1455 = CARTESIAN_POINT('',(0.164475967213,19.996875177641));
#1456 = CARTESIAN_POINT('',(0.130271321576,20.053689392166));
#1457 = CARTESIAN_POINT('',(9.659534598778E-02,20.123242909135));
#1458 = CARTESIAN_POINT('',(6.356892981139E-02,20.204471207962));
#1459 = CARTESIAN_POINT('',(3.132280132192E-02,20.296015343676));
#1460 = CARTESIAN_POINT('',(0.,20.396217438687));
#1461 = ( GEOMETRIC_REPRESENTATION_CONTEXT(2) 
PARAMETRIC_REPRESENTATION_CONTEXT() REPRESENTATION_CONTEXT('2D SPACE',''
  ) );
#1462 = PCURVE('',#621,#1463);
#1463 = DEFINITIONAL_REPRESENTATION('',(#1464),#1656);
#1464 = B_SPLINE_CURVE_WITH_KNOTS('',8,(#1465,#1466,#1467,#1468,#1469,
    #1470,#1471,#1472,#1473,#1474,#1475,#1476,#1477,#1478,#1479,#1480,
    #1481,#1482,#1483,#1484,#1485,#1486,#1487,#1488,#1489,#1490,#1491,
    #1492,#1493,#1494,#1495,#1496,#1497,#1498,#1499,#1500,#1501,#1502,
    #1503,#1504,#1505,#1506,#1507,#1508,#1509,#1510,#1511,#1512,#1513,
    #1514,#1515,#1516,#1517,#1518,#1519,#1520,#1521,#1522,#1523,#1524,
    #1525,#1526,#1527,#1528,#1529,#1530,#1531,#1532,#1533,#1534,#1535,
    #1536,#1537,#1538,#1539,#1540,#1541,#1542,#1543,#1544,#1545,#1546,
    #1547,#1548,#1549,#1550,#1551,#1552,#1553,#1554,#1555,#1556,#1557,
    #1558,#1559,#1560,#1561,#1562,#1563,#1564,#1565,#1566,#1567,#1568,
    #1569,#1570,#1571,#1572,#1573,#1574,#1575,#1576,#1577,#1578,#1579,
    #1580,#1581,#1582,#1583,#1584,#1585,#1586,#1587,#1588,#1589,#1590,
    #1591,#1592,#1593,#1594,#1595,#1596,#1597,#1598,#1599,#1600,#1601,
    #1602,#1603,#1604,#1605,#1606,#1607,#1608,#1609,#1610,#1611,#1612,
    #1613,#1614,#1615,#1616,#1617,#1618,#1619,#1620,#1621,#1622,#1623,
    #1624,#1625,#1626,#1627,#1628,#1629,#1630,#1631,#1632,#1633,#1634,
    #1635,#1636,#1637,#1638,#1639,#1640,#1641,#1642,#1643,#1644,#1645,
    #1646,#1647,#1648,#1649,#1650,#1651,#1652,#1653,#1654,#1655),
  .UNSPECIFIED.,.F.,.F.,(9,7,7,7,7,7,7,7,7,7,7,7,7,7,7,7,7,7,7,7,7,7,7,7
    ,7,7,7,9),(0.,4.488769472191E-03,3.197813267387E-02,
    5.028683979712E-02,7.567671943155E-02,0.151624641648,0.215482203696,
    0.245203906442,0.263849545532,0.298452764358,0.338432640075,
    0.414183362592,0.440056205051,0.458409100185,0.486049622209,
    0.504313195206,0.532892128769,0.558317325665,0.63414871897,
    0.697052585422,0.74634919601,0.793142374206,0.820670864264,
    0.895946196042,0.921184953348,0.940071915116,0.967709685829,1.),
  .UNSPECIFIED.);
#1465 = CARTESIAN_POINT('',(0.,521.10523857827));
#1466 = CARTESIAN_POINT('',(4.849219413506E-03,521.10140810903));
#1467 = CARTESIAN_POINT('',(9.702572780585E-03,521.09784829615));
#1468 = CARTESIAN_POINT('',(1.45595573253E-02,521.09456007825));
#1469 = CARTESIAN_POINT('',(1.941966665233E-02,521.09154422067));
#1470 = CARTESIAN_POINT('',(2.428239074694E-02,521.08880131544));
#1471 = CARTESIAN_POINT('',(2.914721597499E-02,521.08633178133));
#1472 = CARTESIAN_POINT('',(3.401362508295E-02,521.08413586377));
#1473 = CARTESIAN_POINT('',(6.868964710682E-02,521.07044184589));
#1474 = CARTESIAN_POINT('',(9.847894896398E-02,521.06895769605));
#1475 = CARTESIAN_POINT('',(0.128168312971,521.07769015505));
#1476 = CARTESIAN_POINT('',(0.157676774321,521.0963949381));
#1477 = CARTESIAN_POINT('',(0.186921218354,521.12465711092));
#1478 = CARTESIAN_POINT('',(0.215814505709,521.16189369483));
#1479 = CARTESIAN_POINT('',(0.244263597484,521.20735627169));
#1480 = CARTESIAN_POINT('',(0.290752602765,521.29528480143));
#1481 = CARTESIAN_POINT('',(0.309123050374,521.33373241606));
#1482 = CARTESIAN_POINT('',(0.327277841998,521.37528061348));
#1483 = CARTESIAN_POINT('',(0.345215433989,521.41973454019));
#1484 = CARTESIAN_POINT('',(0.362933920261,521.46690030861));
#1485 = CARTESIAN_POINT('',(0.380431032295,521.51658499708));
#1486 = CARTESIAN_POINT('',(0.397704139136,521.56859664987));
#1487 = CARTESIAN_POINT('',(0.438389198735,521.69783432751));
#1488 = CARTESIAN_POINT('',(0.461602768875,521.77706726128));
#1489 = CARTESIAN_POINT('',(0.484408107582,521.86002326311));
#1490 = CARTESIAN_POINT('',(0.506821746305,521.94631867771));
#1491 = CARTESIAN_POINT('',(0.528860021357,522.03560537897));
#1492 = CARTESIAN_POINT('',(0.550539497096,522.12757013897));
#1493 = CARTESIAN_POINT('',(0.571877389105,522.22193399703));
#1494 = CARTESIAN_POINT('',(0.655752272584,522.6071616853));
#1495 = CARTESIAN_POINT('',(0.715927146961,522.91609676999));
#1496 = CARTESIAN_POINT('',(0.773769274743,523.23845672633));
#1497 = CARTESIAN_POINT('',(0.829625979387,523.56924842855));
#1498 = CARTESIAN_POINT('',(0.883856341096,523.90487839985));
#1499 = CARTESIAN_POINT('',(0.936854677496,524.24275056592));
#1500 = CARTESIAN_POINT('',(0.989055396941,524.58090382823));
#1501 = CARTESIAN_POINT('',(1.084625054746,525.19889688099));
#1502 = CARTESIAN_POINT('',(1.127429459495,525.47526160284));
#1503 = CARTESIAN_POINT('',(1.170067729958,525.74655940285));
#1504 = CARTESIAN_POINT('',(1.213015496532,526.0120631701));
#1505 = CARTESIAN_POINT('',(1.256547773438,526.26837889721));
#1506 = CARTESIAN_POINT('',(1.300786144778,526.5088326926));
#1507 = CARTESIAN_POINT('',(1.345809991993,526.72347377153));
#1508 = CARTESIAN_POINT('',(1.413286684116,526.98320968986));
#1509 = CARTESIAN_POINT('',(1.435154457827,527.05843045851));
#1510 = CARTESIAN_POINT('',(1.457325921672,527.12429091614));
#1511 = CARTESIAN_POINT('',(1.479713759378,527.17904525625));
#1512 = CARTESIAN_POINT('',(1.502267808505,527.22130280665));
#1513 = CARTESIAN_POINT('',(1.524966310165,527.25003340568));
#1514 = CARTESIAN_POINT('',(1.547806755199,527.2645635893));
#1515 = CARTESIAN_POINT('',(1.585218624819,527.2645635893));
#1516 = CARTESIAN_POINT('',(1.599621217418,527.25884514384));
#1517 = CARTESIAN_POINT('',(1.61399348762,527.24743551179));
#1518 = CARTESIAN_POINT('',(1.628323800287,527.23044332694));
#1519 = CARTESIAN_POINT('',(1.642598070128,527.20806021527));
#1520 = CARTESIAN_POINT('',(1.656798260255,527.18056171935));
#1521 = CARTESIAN_POINT('',(1.670900811281,527.14830752982));
#1522 = CARTESIAN_POINT('',(1.710808783166,527.0438796437));
#1523 = CARTESIAN_POINT('',(1.736286021788,526.96120375704));
#1524 = CARTESIAN_POINT('',(1.761383442886,526.86586566096));
#1525 = CARTESIAN_POINT('',(1.786151864434,526.75990424414));
#1526 = CARTESIAN_POINT('',(1.810624351305,526.64518672907));
#1527 = CARTESIAN_POINT('',(1.834824620092,526.52336235429));
#1528 = CARTESIAN_POINT('',(1.858775693756,526.39582799684));
#1529 = CARTESIAN_POINT('',(1.909929575437,526.11105428258));
#1530 = CARTESIAN_POINT('',(1.937168718182,525.95166932019));
#1531 = CARTESIAN_POINT('',(1.96425722353,525.78726796746));
#1532 = CARTESIAN_POINT('',(1.991234092255,525.61919328817));
#1533 = CARTESIAN_POINT('',(2.018150765216,525.44841782913));
#1534 = CARTESIAN_POINT('',(2.045074176052,525.27559154913));
#1535 = CARTESIAN_POINT('',(2.072087393856,525.1011180531));
#1536 = CARTESIAN_POINT('',(2.150822156911,524.5920089234));
#1537 = CARTESIAN_POINT('',(2.202633572903,524.25628152357));
#1538 = CARTESIAN_POINT('',(2.255222119076,523.92075145063));
#1539 = CARTESIAN_POINT('',(2.309012075581,523.5873561135));
#1540 = CARTESIAN_POINT('',(2.364388700302,523.25862843003));
#1541 = CARTESIAN_POINT('',(2.421702933894,522.93805481875));
#1542 = CARTESIAN_POINT('',(2.481293884292,522.63046277662));
#1543 = CARTESIAN_POINT('',(2.564753536588,522.24402648863));
#1544 = CARTESIAN_POINT('',(2.586331222302,522.14781202802));
#1545 = CARTESIAN_POINT('',(2.60825692046,522.0540203699));
#1546 = CARTESIAN_POINT('',(2.630548778318,521.96293733979));
#1547 = CARTESIAN_POINT('',(2.65322451736,521.8748838726));
#1548 = CARTESIAN_POINT('',(2.67630158974,521.79021784726));
#1549 = CARTESIAN_POINT('',(2.699797334719,521.70933592134));
#1550 = CARTESIAN_POINT('',(2.740705152466,521.57829621741));
#1551 = CARTESIAN_POINT('',(2.757904944303,521.52602728903));
#1552 = CARTESIAN_POINT('',(2.775326444147,521.47605361178));
#1553 = CARTESIAN_POINT('',(2.792967911371,521.42856213875));
#1554 = CARTESIAN_POINT('',(2.810827931192,521.38374174492));
#1555 = CARTESIAN_POINT('',(2.828905414668,521.34178322715));
#1556 = CARTESIAN_POINT('',(2.847199598698,521.30287930421));
#1557 = CARTESIAN_POINT('',(2.893587850768,521.2135265944));
#1558 = CARTESIAN_POINT('',(2.922015619036,521.16708410874));
#1559 = CARTESIAN_POINT('',(2.950893793976,521.12881419619));
#1560 = CARTESIAN_POINT('',(2.980130582024,521.09947405415));
#1561 = CARTESIAN_POINT('',(3.009640112194,521.07965846284));
#1562 = CARTESIAN_POINT('',(3.03934059536,521.06979720725));
#1563 = CARTESIAN_POINT('',(3.069152483548,521.07015249903));
#1564 = CARTESIAN_POINT('',(3.11871625435,521.08786260766));
#1565 = CARTESIAN_POINT('',(3.138415146814,521.09939712104));
#1566 = CARTESIAN_POINT('',(3.158063865305,521.11541614427));
#1567 = CARTESIAN_POINT('',(3.177633198766,521.13587497393));
#1568 = CARTESIAN_POINT('',(3.197093818135,521.16068764589));
#1569 = CARTESIAN_POINT('',(3.216415928109,521.18972658386));
#1570 = CARTESIAN_POINT('',(3.235568918902,521.22282224787));
#1571 = CARTESIAN_POINT('',(3.284177360781,521.31756752318));
#1572 = CARTESIAN_POINT('',(3.313299040083,521.38470334942));
#1573 = CARTESIAN_POINT('',(3.341874518324,521.46052043814));
#1574 = CARTESIAN_POINT('',(3.36988936349,521.54433923508));
#1575 = CARTESIAN_POINT('',(3.397326250265,521.63545013186));
#1576 = CARTESIAN_POINT('',(3.424164961148,521.7331131426));
#1577 = CARTESIAN_POINT('',(3.450382387571,521.83655758058));
#1578 = CARTESIAN_POINT('',(3.498700963197,522.04144108899));
#1579 = CARTESIAN_POINT('',(3.520975488029,522.14200434198));
#1580 = CARTESIAN_POINT('',(3.542793447974,522.24629531885));
#1581 = CARTESIAN_POINT('',(3.564171275752,522.35397217987));
#1582 = CARTESIAN_POINT('',(3.585124878704,522.46472790266));
#1583 = CARTESIAN_POINT('',(3.605670023142,522.57829076418));
#1584 = CARTESIAN_POINT('',(3.625822718708,522.69442482282));
#1585 = CARTESIAN_POINT('',(3.704584737701,523.16637675129));
#1586 = CARTESIAN_POINT('',(3.760416874456,523.54206035368));
#1587 = CARTESIAN_POINT('',(3.813398076432,523.93433449069));
#1588 = CARTESIAN_POINT('',(3.863795769261,524.33944503643));
#1589 = CARTESIAN_POINT('',(3.911856709313,524.75523978286));
#1590 = CARTESIAN_POINT('',(3.957800334682,525.18108739753));
#1591 = CARTESIAN_POINT('',(4.001806834367,525.6177075847));
#1592 = CARTESIAN_POINT('',(4.078825290217,526.44029900567));
#1593 = CARTESIAN_POINT('',(4.111968971762,526.81726385332));
#1594 = CARTESIAN_POINT('',(4.143674169046,527.20187492407));
#1595 = CARTESIAN_POINT('',(4.174002363011,527.59717757014));
#1596 = CARTESIAN_POINT('',(4.202717942114,528.00491380492));
#1597 = CARTESIAN_POINT('',(4.229276115256,528.42544093464));
#1598 = CARTESIAN_POINT('',(4.252838195817,528.85855717236));
#1599 = CARTESIAN_POINT('',(4.287717235109,529.65529580334));
#1600 = CARTESIAN_POINT('',(4.301110864704,530.02579724201));
#1601 = CARTESIAN_POINT('',(4.31128346252,530.40671308875));
#1602 = CARTESIAN_POINT('',(4.317394565256,530.79197997905));
#1603 = CARTESIAN_POINT('',(4.319010724817,531.17862334925));
#1604 = CARTESIAN_POINT('',(4.316099350681,531.564820464));
#1605 = CARTESIAN_POINT('',(4.309010904367,531.947652974));
#1606 = CARTESIAN_POINT('',(4.288488544026,532.67681657137));
#1607 = CARTESIAN_POINT('',(4.275467371841,533.02145308278));
#1608 = CARTESIAN_POINT('',(4.259960055039,533.35717023972));
#1609 = CARTESIAN_POINT('',(4.242451176588,533.68462823375));
#1610 = CARTESIAN_POINT('',(4.22334256933,534.0041461873));
#1611 = CARTESIAN_POINT('',(4.202937076969,534.31611683217));
#1612 = CARTESIAN_POINT('',(4.181427121736,534.62129615944));
#1613 = CARTESIAN_POINT('',(4.145620220989,535.09724396588));
#1614 = CARTESIAN_POINT('',(4.131998389704,535.27163781871));
#1615 = CARTESIAN_POINT('',(4.118047842722,535.44417810723));
#1616 = CARTESIAN_POINT('',(4.103790931028,535.61492575842));
#1617 = CARTESIAN_POINT('',(4.089242675171,535.78395671268));
#1618 = CARTESIAN_POINT('',(4.074411446654,535.951358022));
#1619 = CARTESIAN_POINT('',(4.059299649336,536.11722394817));
#1620 = CARTESIAN_POINT('',(4.001806834368,536.73127282566));
#1621 = CARTESIAN_POINT('',(3.95780033468,537.16789301285));
#1622 = CARTESIAN_POINT('',(3.911856709316,537.59374062748));
#1623 = CARTESIAN_POINT('',(3.863795769256,538.00953537396));
#1624 = CARTESIAN_POINT('',(3.813398076436,538.41464591966));
#1625 = CARTESIAN_POINT('',(3.760416874454,538.80692005669));
#1626 = CARTESIAN_POINT('',(3.704584737701,539.18260365907));
#1627 = CARTESIAN_POINT('',(3.625822718708,539.65455558755));
#1628 = CARTESIAN_POINT('',(3.605670023142,539.77068964619));
#1629 = CARTESIAN_POINT('',(3.585124878704,539.88425250771));
#1630 = CARTESIAN_POINT('',(3.564171275752,539.99500823049));
#1631 = CARTESIAN_POINT('',(3.542793447974,540.10268509152));
#1632 = CARTESIAN_POINT('',(3.520975488029,540.20697606839));
#1633 = CARTESIAN_POINT('',(3.498700963197,540.30753932138));
#1634 = CARTESIAN_POINT('',(3.458929158451,540.47618226639));
#1635 = CARTESIAN_POINT('',(3.441635219784,540.54608930907));
#1636 = CARTESIAN_POINT('',(3.42407290457,540.61351835098));
#1637 = CARTESIAN_POINT('',(3.406243986612,540.67826735037));
#1638 = CARTESIAN_POINT('',(3.388149823971,540.74013367629));
#1639 = CARTESIAN_POINT('',(3.369791358965,540.7989141086));
#1640 = CARTESIAN_POINT('',(3.351169118165,540.85440483793));
#1641 = CARTESIAN_POINT('',(3.304646986964,540.9824894514));
#1642 = CARTESIAN_POINT('',(3.276388381442,541.05125413357));
#1643 = CARTESIAN_POINT('',(3.247607647735,541.11171338386));
#1644 = CARTESIAN_POINT('',(3.218398144922,541.16307369645));
#1645 = CARTESIAN_POINT('',(3.188848093792,541.20472852323));
#1646 = CARTESIAN_POINT('',(3.159042331375,541.236256609));
#1647 = CARTESIAN_POINT('',(3.129064065479,541.25742032658));
#1648 = CARTESIAN_POINT('',(3.063867639489,541.2807162899));
#1649 = CARTESIAN_POINT('',(3.028823621232,541.27897119285));
#1650 = CARTESIAN_POINT('',(2.993975823717,541.26314321621));
#1651 = CARTESIAN_POINT('',(2.959436264664,541.23372984617));
#1652 = CARTESIAN_POINT('',(2.925321348331,541.19150761359));
#1653 = CARTESIAN_POINT('',(2.891755436202,541.1375273308));
#1654 = CARTESIAN_POINT('',(2.858874370253,541.07310851147));
#1655 = CARTESIAN_POINT('',(2.826828948828,540.99983297351));
#1656 = ( GEOMETRIC_REPRESENTATION_CONTEXT(2) 
PARAMETRIC_REPRESENTATION_CONTEXT() REPRESENTATION_CONTEXT('2D SPACE',''
  ) );
#1657 = ORIENTED_EDGE('',*,*,#1658,.F.);
#1658 = EDGE_CURVE('',#141,#1072,#1659,.T.);
#1659 = SEAM_CURVE('',#1660,(#1664,#1671),.PCURVE_S1.);
#1660 = LINE('',#1661,#1662);
#1661 = CARTESIAN_POINT('',(30.,225.,6.9));
#1662 = VECTOR('',#1663,1.);
#1663 = DIRECTION('',(1.,0.,2.22044604925E-16));
#1664 = PCURVE('',#157,#1665);
#1665 = DEFINITIONAL_REPRESENTATION('',(#1666),#1670);
#1666 = LINE('',#1667,#1668);
#1667 = CARTESIAN_POINT('',(0.,-0.));
#1668 = VECTOR('',#1669,1.);
#1669 = DIRECTION('',(0.,1.));
#1670 = ( GEOMETRIC_REPRESENTATION_CONTEXT(2) 
PARAMETRIC_REPRESENTATION_CONTEXT() REPRESENTATION_CONTEXT('2D SPACE',''
  ) );
#1671 = PCURVE('',#157,#1672);
#1672 = DEFINITIONAL_REPRESENTATION('',(#1673),#1677);
#1673 = LINE('',#1674,#1675);
#1674 = CARTESIAN_POINT('',(6.28318530718,-0.));
#1675 = VECTOR('',#1676,1.);
#1676 = DIRECTION('',(0.,1.));
#1677 = ( GEOMETRIC_REPRESENTATION_CONTEXT(2) 
PARAMETRIC_REPRESENTATION_CONTEXT() REPRESENTATION_CONTEXT('2D SPACE',''
  ) );
#1678 = ORIENTED_EDGE('',*,*,#140,.T.);
#1679 = ORIENTED_EDGE('',*,*,#1658,.T.);
#1680 = ORIENTED_EDGE('',*,*,#1681,.F.);
#1681 = EDGE_CURVE('',#173,#1072,#1682,.T.);
#1682 = SURFACE_CURVE('',#1683,(#1749,#1818),.PCURVE_S1.);
#1683 = B_SPLINE_CURVE_WITH_KNOTS('',8,(#1684,#1685,#1686,#1687,#1688,
    #1689,#1690,#1691,#1692,#1693,#1694,#1695,#1696,#1697,#1698,#1699,
    #1700,#1701,#1702,#1703,#1704,#1705,#1706,#1707,#1708,#1709,#1710,
    #1711,#1712,#1713,#1714,#1715,#1716,#1717,#1718,#1719,#1720,#1721,
    #1722,#1723,#1724,#1725,#1726,#1727,#1728,#1729,#1730,#1731,#1732,
    #1733,#1734,#1735,#1736,#1737,#1738,#1739,#1740,#1741,#1742,#1743,
    #1744,#1745,#1746,#1747,#1748),.UNSPECIFIED.,.F.,.F.,(9,7,7,7,7,7,7,
    7,7,9),(0.,7.048728527202E-02,0.274825076379,0.428110774361,
    0.499455683319,0.544213261129,0.627275914634,0.723244864244,
    0.931539807981,1.),.UNSPECIFIED.);
#1684 = CARTESIAN_POINT('',(69.603782561313,225.,6.9));
#1685 = CARTESIAN_POINT('',(69.512902565693,224.71307164714,6.9));
#1686 = CARTESIAN_POINT('',(69.414611962821,224.432903612,6.909315682454
    ));
#1687 = CARTESIAN_POINT('',(69.309637547231,224.15965301597,
    6.927179068344));
#1688 = CARTESIAN_POINT('',(69.198655911561,223.89342517115,
    6.95286654397));
#1689 = CARTESIAN_POINT('',(69.082294844434,223.63427920341,
    6.985697598359));
#1690 = CARTESIAN_POINT('',(68.961134728351,223.38223367549,
    7.025033560673));
#1691 = CARTESIAN_POINT('',(68.835709937567,223.13727221009,
    7.070276337621));
#1692 = CARTESIAN_POINT('',(68.331969188882,222.2096264215,7.26752643825
    ));
#1693 = CARTESIAN_POINT('',(67.9233779642,221.57476856501,7.460040218614
    ));
#1694 = CARTESIAN_POINT('',(67.490749143395,220.99266700779,
    7.686261311145));
#1695 = CARTESIAN_POINT('',(67.040714726402,220.45969718693,
    7.937034478612));
#1696 = CARTESIAN_POINT('',(66.577117713075,219.97162114422,
    8.205666808066));
#1697 = CARTESIAN_POINT('',(66.101107523256,219.52413099509,
    8.487346156171));
#1698 = CARTESIAN_POINT('',(65.611498607611,219.11339943077,
    8.778823059104));
#1699 = CARTESIAN_POINT('',(64.723908435378,218.4551556992,
    9.299068921239));
#1700 = CARTESIAN_POINT('',(64.339741555416,218.19706039276,
    9.521707867847));
#1701 = CARTESIAN_POINT('',(63.947765084605,217.95880083393,
    9.743861049086));
#1702 = CARTESIAN_POINT('',(63.544575062104,217.73903092411,
    9.964460528871));
#1703 = CARTESIAN_POINT('',(63.128253447779,217.53881831251,
    10.180271625928));
#1704 = CARTESIAN_POINT('',(62.698430505625,217.36098560166,
    10.385105935315));
#1705 = CARTESIAN_POINT('',(62.255306771709,217.2091058283,
    10.569585231406));
#1706 = CARTESIAN_POINT('',(61.584674095425,217.03094321947,
    10.794162128259));
#1707 = CARTESIAN_POINT('',(61.366392436121,216.9803530936,
    10.859440347145));
#1708 = CARTESIAN_POINT('',(61.144231045889,216.93686474342,
    10.916787496233));
#1709 = CARTESIAN_POINT('',(60.919196198241,216.90125296043,
    10.964593440987));
#1710 = CARTESIAN_POINT('',(60.691950724499,216.87405995284,
    11.00155773162));
#1711 = CARTESIAN_POINT('',(60.462883339861,216.85567149576,
    11.026713260574));
#1712 = CARTESIAN_POINT('',(60.232194673116,216.84637091677,
    11.039435196795));
#1713 = CARTESIAN_POINT('',(59.854334789954,216.84637091677,
    11.039435196795));
#1714 = CARTESIAN_POINT('',(59.708868589337,216.85003108816,
    11.034428367517));
#1715 = CARTESIAN_POINT('',(59.563754870568,216.85733391531,
    11.024438559449));
#1716 = CARTESIAN_POINT('',(59.419156664151,216.86823246871,
    11.009566269422));
#1717 = CARTESIAN_POINT('',(59.275260673122,216.88264854867,
    10.989989861151));
#1718 = CARTESIAN_POINT('',(59.13229132859,216.90046796363,
    10.965965391243));
#1719 = CARTESIAN_POINT('',(58.990524786361,216.92153294299,
    10.937825040687));
#1720 = CARTESIAN_POINT('',(58.590074195721,216.99035495853,
    10.846864175864));
#1721 = CARTESIAN_POINT('',(58.335310701096,217.04550186467,
    10.775007386589));
#1722 = CARTESIAN_POINT('',(58.085453089643,217.11016849608,
    10.692401030252));
#1723 = CARTESIAN_POINT('',(57.84018185068,217.1835752629,
    10.600955373925));
#1724 = CARTESIAN_POINT('',(57.599336719248,217.2650203892,
    10.502422746845));
#1725 = CARTESIAN_POINT('',(57.362835709966,217.35386615585,
    10.398346652416));
#1726 = CARTESIAN_POINT('',(57.130593719452,217.44955788939,
    10.290030950815));
#1727 = CARTESIAN_POINT('',(56.638837200925,217.6696605947,
    10.049702089763));
#1728 = CARTESIAN_POINT('',(56.379641521911,217.79669398957,
    9.916107733027));
#1729 = CARTESIAN_POINT('',(56.124795954096,217.93219051695,
    9.779371789517));
#1730 = CARTESIAN_POINT('',(55.87416255007,218.07572075715,
    9.640772624203));
#1731 = CARTESIAN_POINT('',(55.627493028072,218.22704155668,
    9.50125207673));
#1732 = CARTESIAN_POINT('',(55.384424666582,218.38612880199,
    9.361472533492));
#1733 = CARTESIAN_POINT('',(55.144508162013,218.5531963754,
    9.221899806124));
#1734 = CARTESIAN_POINT('',(54.392369423021,219.10957277971,
    8.781181880286));
#1735 = CARTESIAN_POINT('',(53.895714176485,219.52597549943,
    8.48542301221));
#1736 = CARTESIAN_POINT('',(53.413055461062,219.98012405296,
    8.199770831727));
#1737 = CARTESIAN_POINT('',(52.943106126093,220.4760733422,
    7.927546995407));
#1738 = CARTESIAN_POINT('',(52.487072538787,221.01837226801,
    7.673780268823));
#1739 = CARTESIAN_POINT('',(52.049046491031,221.61147321648,
    7.445517512846));
#1740 = CARTESIAN_POINT('',(51.636093629439,222.25914689915,
    7.252443199622));
#1741 = CARTESIAN_POINT('',(51.134920574241,223.19500044504,
    7.059786729093));
#1742 = CARTESIAN_POINT('',(51.014550876861,223.43310475524,
    7.017223856238));
#1743 = CARTESIAN_POINT('',(50.898240407129,223.67784340242,
    6.980269018129));
#1744 = CARTESIAN_POINT('',(50.786482047163,223.92921995808,
    6.949469581455));
#1745 = CARTESIAN_POINT('',(50.679807685096,224.18720719674,
    6.925407339684));
#1746 = CARTESIAN_POINT('',(50.578789399876,224.45174239109,
    6.90869955496));
#1747 = CARTESIAN_POINT('',(50.484040646073,224.72272260726,6.9));
#1748 = CARTESIAN_POINT('',(50.396217438687,225.,6.9));
#1749 = PCURVE('',#157,#1750);
#1750 = DEFINITIONAL_REPRESENTATION('',(#1751),#1817);
#1751 = B_SPLINE_CURVE_WITH_KNOTS('',8,(#1752,#1753,#1754,#1755,#1756,
    #1757,#1758,#1759,#1760,#1761,#1762,#1763,#1764,#1765,#1766,#1767,
    #1768,#1769,#1770,#1771,#1772,#1773,#1774,#1775,#1776,#1777,#1778,
    #1779,#1780,#1781,#1782,#1783,#1784,#1785,#1786,#1787,#1788,#1789,
    #1790,#1791,#1792,#1793,#1794,#1795,#1796,#1797,#1798,#1799,#1800,
    #1801,#1802,#1803,#1804,#1805,#1806,#1807,#1808,#1809,#1810,#1811,
    #1812,#1813,#1814,#1815,#1816),.UNSPECIFIED.,.F.,.F.,(9,7,7,7,7,7,7,
    7,7,9),(0.,7.048728527202E-02,0.274825076379,0.428110774361,
    0.499455683319,0.544213261129,0.627275914634,0.723244864244,
    0.931539807981,1.),.UNSPECIFIED.);
#1752 = CARTESIAN_POINT('',(6.28318530718,39.603782561313));
#1753 = CARTESIAN_POINT('',(6.254776559372,39.512902565693));
#1754 = CARTESIAN_POINT('',(6.227037112829,39.414611962821));
#1755 = CARTESIAN_POINT('',(6.199947707352,39.309637547231));
#1756 = CARTESIAN_POINT('',(6.173490646456,39.198655911561));
#1757 = CARTESIAN_POINT('',(6.147649510919,39.082294844434));
#1758 = CARTESIAN_POINT('',(6.122408872334,38.961134728351));
#1759 = CARTESIAN_POINT('',(6.09775400666,38.835709937567));
#1760 = CARTESIAN_POINT('',(6.00385449111,38.331969188882));
#1761 = CARTESIAN_POINT('',(5.938407496843,37.923377964201));
#1762 = CARTESIAN_POINT('',(5.876856901746,37.490749143393));
#1763 = CARTESIAN_POINT('',(5.818794612021,37.040714726404));
#1764 = CARTESIAN_POINT('',(5.76383370315,36.577117713073));
#1765 = CARTESIAN_POINT('',(5.711617484418,36.101107523257));
#1766 = CARTESIAN_POINT('',(5.661818073764,35.611498607611));
#1767 = CARTESIAN_POINT('',(5.578747612284,34.723908435378));
#1768 = CARTESIAN_POINT('',(5.545030823634,34.339741555416));
#1769 = CARTESIAN_POINT('',(5.512815930702,33.947765084606));
#1770 = CARTESIAN_POINT('',(5.482025467743,33.544575062102));
#1771 = CARTESIAN_POINT('',(5.452912181249,33.12825344778));
#1772 = CARTESIAN_POINT('',(5.426070104668,32.698430505625));
#1773 = CARTESIAN_POINT('',(5.402414955824,32.255306771709));
#1774 = CARTESIAN_POINT('',(5.374032304046,31.584674095425));
#1775 = CARTESIAN_POINT('',(5.365855930221,31.366392436121));
#1776 = CARTESIAN_POINT('',(5.358730530349,31.144231045889));
#1777 = CARTESIAN_POINT('',(5.352828630268,30.919196198241));
#1778 = CARTESIAN_POINT('',(5.348285196292,30.691950724499));
#1779 = CARTESIAN_POINT('',(5.345200003643,30.462883339861));
#1780 = CARTESIAN_POINT('',(5.34363972264,30.232194673116));
#1781 = CARTESIAN_POINT('',(5.34363972264,29.854334789954));
#1782 = CARTESIAN_POINT('',(5.344253784198,29.708868589337));
#1783 = CARTESIAN_POINT('',(5.345478981784,29.563754870568));
#1784 = CARTESIAN_POINT('',(5.347304533847,29.419156664151));
#1785 = CARTESIAN_POINT('',(5.349711616525,29.275260673122));
#1786 = CARTESIAN_POINT('',(5.352673128418,29.13229132859));
#1787 = CARTESIAN_POINT('',(5.356153406434,28.990524786361));
#1788 = CARTESIAN_POINT('',(5.367446764431,28.590074195721));
#1789 = CARTESIAN_POINT('',(5.37641479821,28.335310701096));
#1790 = CARTESIAN_POINT('',(5.386800841286,28.085453089643));
#1791 = CARTESIAN_POINT('',(5.39840930557,27.84018185068));
#1792 = CARTESIAN_POINT('',(5.411063486288,27.599336719248));
#1793 = CARTESIAN_POINT('',(5.424608896948,27.362835709966));
#1794 = CARTESIAN_POINT('',(5.438916620615,27.130593719452));
#1795 = CARTESIAN_POINT('',(5.471182785629,26.638837200925));
#1796 = CARTESIAN_POINT('',(5.489432064562,26.379641521911));
#1797 = CARTESIAN_POINT('',(5.508484535017,26.124795954096));
#1798 = CARTESIAN_POINT('',(5.528229718376,25.87416255007));
#1799 = CARTESIAN_POINT('',(5.54859713369,25.627493028072));
#1800 = CARTESIAN_POINT('',(5.569553967235,25.384424666582));
#1801 = CARTESIAN_POINT('',(5.591100838742,25.144508162013));
#1802 = CARTESIAN_POINT('',(5.661376040585,24.392369423021));
#1803 = CARTESIAN_POINT('',(5.711876011804,23.895714176484));
#1804 = CARTESIAN_POINT('',(5.764853862364,23.413055461065));
#1805 = CARTESIAN_POINT('',(5.820660371926,22.94310612609));
#1806 = CARTESIAN_POINT('',(5.879672112123,22.48707253879));
#1807 = CARTESIAN_POINT('',(5.942295950463,22.049046491031));
#1808 = CARTESIAN_POINT('',(6.008959438828,21.636093629439));
#1809 = CARTESIAN_POINT('',(6.103561229633,21.134920574241));
#1810 = CARTESIAN_POINT('',(6.127501400981,21.014550876861));
#1811 = CARTESIAN_POINT('',(6.151992573459,20.898240407129));
#1812 = CARTESIAN_POINT('',(6.177047410479,20.786482047163));
#1813 = CARTESIAN_POINT('',(6.202679250583,20.679807685096));
#1814 = CARTESIAN_POINT('',(6.228902345796,20.578789399876));
#1815 = CARTESIAN_POINT('',(6.255732099978,20.484040646073));
#1816 = CARTESIAN_POINT('',(6.28318530718,20.396217438687));
#1817 = ( GEOMETRIC_REPRESENTATION_CONTEXT(2) 
PARAMETRIC_REPRESENTATION_CONTEXT() REPRESENTATION_CONTEXT('2D SPACE',''
  ) );
#1818 = PCURVE('',#621,#1819);
#1819 = DEFINITIONAL_REPRESENTATION('',(#1820),#1886);
#1820 = B_SPLINE_CURVE_WITH_KNOTS('',8,(#1821,#1822,#1823,#1824,#1825,
    #1826,#1827,#1828,#1829,#1830,#1831,#1832,#1833,#1834,#1835,#1836,
    #1837,#1838,#1839,#1840,#1841,#1842,#1843,#1844,#1845,#1846,#1847,
    #1848,#1849,#1850,#1851,#1852,#1853,#1854,#1855,#1856,#1857,#1858,
    #1859,#1860,#1861,#1862,#1863,#1864,#1865,#1866,#1867,#1868,#1869,
    #1870,#1871,#1872,#1873,#1874,#1875,#1876,#1877,#1878,#1879,#1880,
    #1881,#1882,#1883,#1884,#1885),.UNSPECIFIED.,.F.,.F.,(9,7,7,7,7,7,7,
    7,7,9),(0.,7.048728527202E-02,0.274825076379,0.428110774361,
    0.499455683319,0.544213261129,0.627275914634,0.723244864244,
    0.931539807981,1.),.UNSPECIFIED.);
#1821 = CARTESIAN_POINT('',(0.314763704762,540.99983297351));
#1822 = CARTESIAN_POINT('',(0.343827845172,540.93337447712));
#1823 = CARTESIAN_POINT('',(0.372296882446,540.8594194553));
#1824 = CARTESIAN_POINT('',(0.400188222018,540.77875139535));
#1825 = CARTESIAN_POINT('',(0.427518305051,540.69209862562));
#1826 = CARTESIAN_POINT('',(0.454302832739,540.60013684618));
#1827 = CARTESIAN_POINT('',(0.480556990591,540.5034916595));
#1828 = CARTESIAN_POINT('',(0.506295672731,540.40274110113));
#1829 = CARTESIAN_POINT('',(0.60469702903,539.99599317068));
#1830 = CARTESIAN_POINT('',(0.674107317323,539.66166845725));
#1831 = CARTESIAN_POINT('',(0.740273816382,539.30677250291));
#1832 = CARTESIAN_POINT('',(0.803686260412,538.93937205618));
#1833 = CARTESIAN_POINT('',(0.864850722266,538.56499642624));
#1834 = CARTESIAN_POINT('',(0.924336801897,538.18732910155));
#1835 = CARTESIAN_POINT('',(0.982781732731,537.80864469743));
#1836 = CARTESIAN_POINT('',(1.084625054745,537.15008352938));
#1837 = CARTESIAN_POINT('',(1.127429459497,536.87371880752));
#1838 = CARTESIAN_POINT('',(1.170067729956,536.60242100754));
#1839 = CARTESIAN_POINT('',(1.213015496533,536.33691724025));
#1840 = CARTESIAN_POINT('',(1.256547773436,536.08060151316));
#1841 = CARTESIAN_POINT('',(1.30078614478,535.84014771775));
#1842 = CARTESIAN_POINT('',(1.345809991992,535.62550663884));
#1843 = CARTESIAN_POINT('',(1.413286684117,535.36577072051));
#1844 = CARTESIAN_POINT('',(1.435154457827,535.29054995186));
#1845 = CARTESIAN_POINT('',(1.457325921672,535.22468949423));
#1846 = CARTESIAN_POINT('',(1.479713759378,535.16993515412));
#1847 = CARTESIAN_POINT('',(1.502267808505,535.12767760371));
#1848 = CARTESIAN_POINT('',(1.524966310165,535.09894700469));
#1849 = CARTESIAN_POINT('',(1.547806755199,535.08441682106));
#1850 = CARTESIAN_POINT('',(1.585218624819,535.08441682106));
#1851 = CARTESIAN_POINT('',(1.599621217418,535.09013526653));
#1852 = CARTESIAN_POINT('',(1.61399348762,535.10154489857));
#1853 = CARTESIAN_POINT('',(1.628323800287,535.11853708342));
#1854 = CARTESIAN_POINT('',(1.642598070128,535.14092019509));
#1855 = CARTESIAN_POINT('',(1.656798260255,535.16841869101));
#1856 = CARTESIAN_POINT('',(1.670900811281,535.20067288054));
#1857 = CARTESIAN_POINT('',(1.710808783165,535.30510076667));
#1858 = CARTESIAN_POINT('',(1.736286021788,535.38777665332));
#1859 = CARTESIAN_POINT('',(1.761383442886,535.48311474941));
#1860 = CARTESIAN_POINT('',(1.786151864434,535.58907616622));
#1861 = CARTESIAN_POINT('',(1.810624351305,535.7037936813));
#1862 = CARTESIAN_POINT('',(1.834824620092,535.82561805608));
#1863 = CARTESIAN_POINT('',(1.858775693756,535.95315241353));
#1864 = CARTESIAN_POINT('',(1.909929575436,536.23792612779));
#1865 = CARTESIAN_POINT('',(1.937168718182,536.39731109018));
#1866 = CARTESIAN_POINT('',(1.96425722353,536.56171244291));
#1867 = CARTESIAN_POINT('',(1.991234092255,536.7297871222));
#1868 = CARTESIAN_POINT('',(2.018150765216,536.90056258124));
#1869 = CARTESIAN_POINT('',(2.045074176052,537.07338886123));
#1870 = CARTESIAN_POINT('',(2.072087393856,537.24786235726));
#1871 = CARTESIAN_POINT('',(2.158321574893,537.80546369059));
#1872 = CARTESIAN_POINT('',(2.217589684934,538.18962717301));
#1873 = CARTESIAN_POINT('',(2.277924441147,538.57270151687));
#1874 = CARTESIAN_POINT('',(2.339995990148,538.95239459252));
#1875 = CARTESIAN_POINT('',(2.404401658207,539.32486800438));
#1876 = CARTESIAN_POINT('',(2.471669484386,539.6842977864));
#1877 = CARTESIAN_POINT('',(2.542310122459,540.0221361981));
#1878 = CARTESIAN_POINT('',(2.641357199066,540.42631650171));
#1879 = CARTESIAN_POINT('',(2.666331080041,540.52287177482));
#1880 = CARTESIAN_POINT('',(2.691790396462,540.61550816551));
#1881 = CARTESIAN_POINT('',(2.717747866175,540.70369401929));
#1882 = CARTESIAN_POINT('',(2.744216535926,540.78685705788));
#1883 = CARTESIAN_POINT('',(2.771209962428,540.8643822759));
#1884 = CARTESIAN_POINT('',(2.798742393439,540.93560983759));
#1885 = CARTESIAN_POINT('',(2.826828948828,540.99983297351));
#1886 = ( GEOMETRIC_REPRESENTATION_CONTEXT(2) 
PARAMETRIC_REPRESENTATION_CONTEXT() REPRESENTATION_CONTEXT('2D SPACE',''
  ) );
#1887 = ADVANCED_FACE('',(#1888),#765,.F.);
#1888 = FACE_BOUND('',#1889,.F.);
#1889 = EDGE_LOOP('',(#1890,#1891,#2163,#2192));
#1890 = ORIENTED_EDGE('',*,*,#716,.T.);
#1891 = ORIENTED_EDGE('',*,*,#1892,.T.);
#1892 = EDGE_CURVE('',#440,#1893,#1895,.T.);
#1893 = VERTEX_POINT('',#1894);
#1894 = CARTESIAN_POINT('',(69.466109500609,226.57258479333,29.));
#1895 = SURFACE_CURVE('',#1896,(#1989,#2067),.PCURVE_S1.);
#1896 = B_SPLINE_CURVE_WITH_KNOTS('',7,(#1897,#1898,#1899,#1900,#1901,
    #1902,#1903,#1904,#1905,#1906,#1907,#1908,#1909,#1910,#1911,#1912,
    #1913,#1914,#1915,#1916,#1917,#1918,#1919,#1920,#1921,#1922,#1923,
    #1924,#1925,#1926,#1927,#1928,#1929,#1930,#1931,#1932,#1933,#1934,
    #1935,#1936,#1937,#1938,#1939,#1940,#1941,#1942,#1943,#1944,#1945,
    #1946,#1947,#1948,#1949,#1950,#1951,#1952,#1953,#1954,#1955,#1956,
    #1957,#1958,#1959,#1960,#1961,#1962,#1963,#1964,#1965,#1966,#1967,
    #1968,#1969,#1970,#1971,#1972,#1973,#1974,#1975,#1976,#1977,#1978,
    #1979,#1980,#1981,#1982,#1983,#1984,#1985,#1986,#1987,#1988),
  .UNSPECIFIED.,.F.,.F.,(8,6,6,6,6,6,6,6,6,6,6,6,6,6,6,8),(0.,
    0.18489790634,0.525017065016,0.776158125532,0.981129656267,
    0.982643410146,0.984269054028,0.985894451657,0.987519605296,
    0.988920405704,0.990545110996,0.992169578689,0.993569792859,
    0.995137826774,0.997433105292,1.),.UNSPECIFIED.);
#1897 = CARTESIAN_POINT('',(70.1,225.46097722286,18.463895663968));
#1898 = CARTESIAN_POINT('',(70.1,225.46097722286,18.743587739914));
#1899 = CARTESIAN_POINT('',(70.099515252762,225.46318576199,
    19.024715315873));
#1900 = CARTESIAN_POINT('',(70.098478776592,225.46790660146,
    19.305943018614));
#1901 = CARTESIAN_POINT('',(70.096820700999,225.47539137724,
    19.586785493662));
#1902 = CARTESIAN_POINT('',(70.094456114785,225.48582953178,
    19.867378936394));
#1903 = CARTESIAN_POINT('',(70.091280250831,225.49933967684,
    20.148251713006));
#1904 = CARTESIAN_POINT('',(70.079612066588,225.54653981479,
    20.948542266422));
#1905 = CARTESIAN_POINT('',(70.069070915479,225.58693859831,
    21.458227340619));
#1906 = CARTESIAN_POINT('',(70.054994184206,225.63676150172,
    21.966949235042));
#1907 = CARTESIAN_POINT('',(70.036712061384,225.69494019377,
    22.480037228355));
#1908 = CARTESIAN_POINT('',(70.013589941442,225.75957324207,
    22.998266284331));
#1909 = CARTESIAN_POINT('',(69.985591810421,225.82812183893,
    23.517018424598));
#1910 = CARTESIAN_POINT('',(69.930026410286,225.9490486776,
    24.402871306903));
#1911 = CARTESIAN_POINT('',(69.903959363435,226.0016255966,
    24.778972389073));
#1912 = CARTESIAN_POINT('',(69.875424182614,226.05485716355,
    25.155048475096));
#1913 = CARTESIAN_POINT('',(69.844449080353,226.10828944734,
    25.531136789234));
#1914 = CARTESIAN_POINT('',(69.811088180134,226.16154480112,
    25.907190930696));
#1915 = CARTESIAN_POINT('',(69.775417584464,226.21430226404,
    26.28310495729));
#1916 = CARTESIAN_POINT('',(69.706612376073,226.30871323156,
    26.965314211346));
#1917 = CARTESIAN_POINT('',(69.674214273359,226.35062872869,
    27.271731385753));
#1918 = CARTESIAN_POINT('',(69.640373254785,226.39190586965,
    27.578073072406));
#1919 = CARTESIAN_POINT('',(69.605130834195,226.43243065525,
    27.88437908428));
#1920 = CARTESIAN_POINT('',(69.568536314031,226.47209939387,
    28.190645091672));
#1921 = CARTESIAN_POINT('',(69.530648011105,226.51081631205,
    28.496822664986));
#1922 = CARTESIAN_POINT('',(69.491245621509,226.5487694009,
    28.805079161205));
#1923 = CARTESIAN_POINT('',(69.49095669317,226.54904758067,
    28.807339000006));
#1924 = CARTESIAN_POINT('',(69.49066769739,226.5493257042,
    28.809598833922));
#1925 = CARTESIAN_POINT('',(69.490378634192,226.54960377145,
    28.811858662949));
#1926 = CARTESIAN_POINT('',(69.490089503599,226.5498817824,
    28.814118487088));
#1927 = CARTESIAN_POINT('',(69.489800305631,226.550159737,
    28.816378306337));
#1928 = CARTESIAN_POINT('',(69.489200393779,226.55073607449,
    28.821064970553));
#1929 = CARTESIAN_POINT('',(69.48888966957,226.55103444872,
    28.823491814771));
#1930 = CARTESIAN_POINT('',(69.488578867713,226.55133275791,
    28.825918653345));
#1931 = CARTESIAN_POINT('',(69.488267988236,226.551631002,
    28.828345486275));
#1932 = CARTESIAN_POINT('',(69.487957031167,226.55192918097,
    28.83077231356));
#1933 = CARTESIAN_POINT('',(69.487645996534,226.55222729476,
    28.833199135197));
#1934 = CARTESIAN_POINT('',(69.487023819322,226.55282334679,
    28.838052399558));
#1935 = CARTESIAN_POINT('',(69.486712676767,226.55312128503,
    28.840478842283));
#1936 = CARTESIAN_POINT('',(69.486401456727,226.55341915805,
    28.84290527936));
#1937 = CARTESIAN_POINT('',(69.48609015923,226.5537169658,
    28.845331710786));
#1938 = CARTESIAN_POINT('',(69.485778784304,226.55401470825,
    28.847758136561));
#1939 = CARTESIAN_POINT('',(69.485467331976,226.55431238535,
    28.850184556682));
#1940 = CARTESIAN_POINT('',(69.484844319337,226.5549075641,
    28.855037021384));
#1941 = CARTESIAN_POINT('',(69.484532759049,226.55520506577,
    28.857463065967));
#1942 = CARTESIAN_POINT('',(69.484221121438,226.55550250204,
    28.859889104894));
#1943 = CARTESIAN_POINT('',(69.483909406533,226.55579987286,
    28.862315138166));
#1944 = CARTESIAN_POINT('',(69.483597614361,226.5560971782,
    28.86474116578));
#1945 = CARTESIAN_POINT('',(69.483285744951,226.55639441802,
    28.867167187734));
#1946 = CARTESIAN_POINT('',(69.482704916087,226.55694774148,
    28.871684307621));
#1947 = CARTESIAN_POINT('',(69.48243597648,226.55720384198,
    28.873775407009));
#1948 = CARTESIAN_POINT('',(69.482166979526,226.55745989375,
    28.87586650219));
#1949 = CARTESIAN_POINT('',(69.481897925244,226.55771589676,
    28.877957593163));
#1950 = CARTESIAN_POINT('',(69.481628813651,226.55797185098,
    28.880048679927));
#1951 = CARTESIAN_POINT('',(69.481359644766,226.55822775639,
    28.882139762482));
#1952 = CARTESIAN_POINT('',(69.480778159153,226.55878036584,
    28.886656158544));
#1953 = CARTESIAN_POINT('',(69.480465822653,226.55907705302,
    28.889081470598));
#1954 = CARTESIAN_POINT('',(69.480153409132,226.55937367446,
    28.891506776987));
#1955 = CARTESIAN_POINT('',(69.47984091862,226.55967023013,
    28.893932077708));
#1956 = CARTESIAN_POINT('',(69.479528351143,226.55996672,28.89635737276)
  );
#1957 = CARTESIAN_POINT('',(69.47921570673,226.56026314402,
    28.898782662141));
#1958 = CARTESIAN_POINT('',(69.478590309819,226.56085581694,
    28.903632874884));
#1959 = CARTESIAN_POINT('',(69.478277557344,226.56115206586,
    28.906057798247));
#1960 = CARTESIAN_POINT('',(69.477964728011,226.56144824888,
    28.908482715939));
#1961 = CARTESIAN_POINT('',(69.477651821848,226.56174436595,
    28.910907627957));
#1962 = CARTESIAN_POINT('',(69.477338838883,226.56204041704,
    28.9133325343));
#1963 = CARTESIAN_POINT('',(69.477025779143,226.56233640211,
    28.915757434967));
#1964 = CARTESIAN_POINT('',(69.476442733846,226.56288738928,
    28.920272474523));
#1965 = CARTESIAN_POINT('',(69.476172768015,226.56314240836,
    28.922362614873));
#1966 = CARTESIAN_POINT('',(69.475902745183,226.56339737834,
    28.924452751003));
#1967 = CARTESIAN_POINT('',(69.475632665367,226.56365229919,
    28.926542882912));
#1968 = CARTESIAN_POINT('',(69.475362528585,226.56390717088,
    28.9286330106));
#1969 = CARTESIAN_POINT('',(69.475092334855,226.5641619934,
    28.930723134066));
#1970 = CARTESIAN_POINT('',(69.474519443207,226.56470207534,
    28.935153879427));
#1971 = CARTESIAN_POINT('',(69.474216730824,226.56498732227,
    28.937494500249));
#1972 = CARTESIAN_POINT('',(69.473913947073,226.56527250747,
    28.939835115773));
#1973 = CARTESIAN_POINT('',(69.473611091978,226.56555763089,
    28.942175725999));
#1974 = CARTESIAN_POINT('',(69.473308165564,226.5658426925,
    28.944516330924));
#1975 = CARTESIAN_POINT('',(69.473005167857,226.56612769227,
    28.946856930547));
#1976 = CARTESIAN_POINT('',(69.472258468357,226.56682972052,
    28.952623672611));
#1977 = CARTESIAN_POINT('',(69.471814685127,226.5672466783,
    28.956049808993));
#1978 = CARTESIAN_POINT('',(69.47137074927,226.56766350338,
    28.959475934006));
#1979 = CARTESIAN_POINT('',(69.470926660865,226.56808019567,
    28.962902047649));
#1980 = CARTESIAN_POINT('',(69.470482419992,226.56849675506,
    28.966328149915));
#1981 = CARTESIAN_POINT('',(69.470038026729,226.56891318143,
    28.9697542408));
#1982 = CARTESIAN_POINT('',(69.469096329431,226.56979503081,
    28.977011831496));
#1983 = CARTESIAN_POINT('',(69.468598987187,226.57026042046,
    28.980843328457));
#1984 = CARTESIAN_POINT('',(69.468101454578,226.57072564346,
    28.984674811171));
#1985 = CARTESIAN_POINT('',(69.467603731731,226.57119069964,
    28.98850627963));
#1986 = CARTESIAN_POINT('',(69.467105818755,226.57165558886,
    28.992337733827));
#1987 = CARTESIAN_POINT('',(69.466607715732,226.572120311,
    28.996169173761));
#1988 = CARTESIAN_POINT('',(69.466109422724,226.57258486594,
    29.000000599436));
#1989 = PCURVE('',#765,#1990);
#1990 = DEFINITIONAL_REPRESENTATION('',(#1991),#2066);
#1991 = B_SPLINE_CURVE_WITH_KNOTS('',7,(#1992,#1993,#1994,#1995,#1996,
    #1997,#1998,#1999,#2000,#2001,#2002,#2003,#2004,#2005,#2006,#2007,
    #2008,#2009,#2010,#2011,#2012,#2013,#2014,#2015,#2016,#2017,#2018,
    #2019,#2020,#2021,#2022,#2023,#2024,#2025,#2026,#2027,#2028,#2029,
    #2030,#2031,#2032,#2033,#2034,#2035,#2036,#2037,#2038,#2039,#2040,
    #2041,#2042,#2043,#2044,#2045,#2046,#2047,#2048,#2049,#2050,#2051,
    #2052,#2053,#2054,#2055,#2056,#2057,#2058,#2059,#2060,#2061,#2062,
    #2063,#2064,#2065),.UNSPECIFIED.,.F.,.F.,(8,6,6,6,6,6,6,6,6,6,6,6,8)
  ,(0.810098336515,0.981129656267,0.982643410146,0.984269054028,
    0.985894451657,0.987519605296,0.988920405704,0.990545110996,
    0.992169578689,0.993569792859,0.995137826774,0.997433105292,
    0.999999942631),.UNSPECIFIED.);
#1992 = CARTESIAN_POINT('',(6.941389394787,28.014009380977));
#1993 = CARTESIAN_POINT('',(6.961929240403,28.269714809923));
#1994 = CARTESIAN_POINT('',(6.982598649881,28.525349183386));
#1995 = CARTESIAN_POINT('',(7.003379877889,28.780944302937));
#1996 = CARTESIAN_POINT('',(7.024257042504,29.03651056102));
#1997 = CARTESIAN_POINT('',(7.045215343483,29.292036958266));
#1998 = CARTESIAN_POINT('',(7.066240280538,29.547491120794));
#1999 = CARTESIAN_POINT('',(7.08750341505,29.805079161205));
#2000 = CARTESIAN_POINT('',(7.087689962957,29.807339000006));
#2001 = CARTESIAN_POINT('',(7.087876515318,29.809598833922));
#2002 = CARTESIAN_POINT('',(7.088063072127,29.811858662949));
#2003 = CARTESIAN_POINT('',(7.088249633377,29.814118487088));
#2004 = CARTESIAN_POINT('',(7.08843619906,29.816378306337));
#2005 = CARTESIAN_POINT('',(7.088823129716,29.821064970553));
#2006 = CARTESIAN_POINT('',(7.089023495368,29.823491814771));
#2007 = CARTESIAN_POINT('',(7.089223866116,29.825918653345));
#2008 = CARTESIAN_POINT('',(7.08942424195,29.828345486275));
#2009 = CARTESIAN_POINT('',(7.089624622862,29.83077231356));
#2010 = CARTESIAN_POINT('',(7.089825008843,29.833199135197));
#2011 = CARTESIAN_POINT('',(7.09022576057,29.838052399558));
#2012 = CARTESIAN_POINT('',(7.090426126314,29.840478842283));
#2013 = CARTESIAN_POINT('',(7.090626497107,29.84290527936));
#2014 = CARTESIAN_POINT('',(7.090826872941,29.845331710786));
#2015 = CARTESIAN_POINT('',(7.091027253808,29.847758136561));
#2016 = CARTESIAN_POINT('',(7.091227639697,29.850184556682));
#2017 = CARTESIAN_POINT('',(7.091628391422,29.855037021384));
#2018 = CARTESIAN_POINT('',(7.091828757258,29.857463065967));
#2019 = CARTESIAN_POINT('',(7.092029128097,29.859889104895));
#2020 = CARTESIAN_POINT('',(7.092229503931,29.862315138166));
#2021 = CARTESIAN_POINT('',(7.092429884751,29.86474116578));
#2022 = CARTESIAN_POINT('',(7.092630270549,29.867167187734));
#2023 = CARTESIAN_POINT('',(7.093003388042,29.871684307621));
#2024 = CARTESIAN_POINT('',(7.09317611846,29.873775407009));
#2025 = CARTESIAN_POINT('',(7.093348852563,29.87586650219));
#2026 = CARTESIAN_POINT('',(7.093521590347,29.877957593163));
#2027 = CARTESIAN_POINT('',(7.093694331806,29.880048679927));
#2028 = CARTESIAN_POINT('',(7.093867076934,29.882139762482));
#2029 = CARTESIAN_POINT('',(7.094240186801,29.886656158544));
#2030 = CARTESIAN_POINT('',(7.094440552804,29.889081470598));
#2031 = CARTESIAN_POINT('',(7.094640923727,29.891506776987));
#2032 = CARTESIAN_POINT('',(7.094841299561,29.893932077708));
#2033 = CARTESIAN_POINT('',(7.095041680297,29.89635737276));
#2034 = CARTESIAN_POINT('',(7.095242065927,29.898782662141));
#2035 = CARTESIAN_POINT('',(7.095642817651,29.903632874884));
#2036 = CARTESIAN_POINT('',(7.095843183743,29.906057798247));
#2037 = CARTESIAN_POINT('',(7.096043554711,29.908482715939));
#2038 = CARTESIAN_POINT('',(7.096243930545,29.910907627957));
#2039 = CARTESIAN_POINT('',(7.096444311236,29.9133325343));
#2040 = CARTESIAN_POINT('',(7.096644696776,29.915757434967));
#2041 = CARTESIAN_POINT('',(7.097017814169,29.920272474523));
#2042 = CARTESIAN_POINT('',(7.097190544777,29.922362614873));
#2043 = CARTESIAN_POINT('',(7.097363278975,29.924452751003));
#2044 = CARTESIAN_POINT('',(7.097536016759,29.926542882912));
#2045 = CARTESIAN_POINT('',(7.097708758123,29.9286330106));
#2046 = CARTESIAN_POINT('',(7.09788150306,29.930723134066));
#2047 = CARTESIAN_POINT('',(7.098247704485,29.935153879427));
#2048 = CARTESIAN_POINT('',(7.098441161878,29.937494500249));
#2049 = CARTESIAN_POINT('',(7.098634623739,29.939835115773));
#2050 = CARTESIAN_POINT('',(7.09882809006,29.942175725999));
#2051 = CARTESIAN_POINT('',(7.099021560833,29.944516330924));
#2052 = CARTESIAN_POINT('',(7.099215036051,29.946856930547));
#2053 = CARTESIAN_POINT('',(7.09969173005,29.952623672611));
#2054 = CARTESIAN_POINT('',(7.0999749539,29.956049808993));
#2055 = CARTESIAN_POINT('',(7.100258187234,29.959475934006));
#2056 = CARTESIAN_POINT('',(7.100541430027,29.962902047649));
#2057 = CARTESIAN_POINT('',(7.100824682255,29.966328149915));
#2058 = CARTESIAN_POINT('',(7.101107943895,29.9697542408));
#2059 = CARTESIAN_POINT('',(7.10170800029,29.977011745863));
#2060 = CARTESIAN_POINT('',(7.102024797415,29.98084315699));
#2061 = CARTESIAN_POINT('',(7.102341606238,29.984674553976));
#2062 = CARTESIAN_POINT('',(7.102658426715,29.988505936948));
#2063 = CARTESIAN_POINT('',(7.102975258815,29.992337305869));
#2064 = CARTESIAN_POINT('',(7.103292102521,29.996168660536));
#2065 = CARTESIAN_POINT('',(7.103608957833,30.000000000582));
#2066 = ( GEOMETRIC_REPRESENTATION_CONTEXT(2) 
PARAMETRIC_REPRESENTATION_CONTEXT() REPRESENTATION_CONTEXT('2D SPACE',''
  ) );
#2067 = PCURVE('',#621,#2068);
#2068 = DEFINITIONAL_REPRESENTATION('',(#2069),#2162);
#2069 = B_SPLINE_CURVE_WITH_KNOTS('',7,(#2070,#2071,#2072,#2073,#2074,
    #2075,#2076,#2077,#2078,#2079,#2080,#2081,#2082,#2083,#2084,#2085,
    #2086,#2087,#2088,#2089,#2090,#2091,#2092,#2093,#2094,#2095,#2096,
    #2097,#2098,#2099,#2100,#2101,#2102,#2103,#2104,#2105,#2106,#2107,
    #2108,#2109,#2110,#2111,#2112,#2113,#2114,#2115,#2116,#2117,#2118,
    #2119,#2120,#2121,#2122,#2123,#2124,#2125,#2126,#2127,#2128,#2129,
    #2130,#2131,#2132,#2133,#2134,#2135,#2136,#2137,#2138,#2139,#2140,
    #2141,#2142,#2143,#2144,#2145,#2146,#2147,#2148,#2149,#2150,#2151,
    #2152,#2153,#2154,#2155,#2156,#2157,#2158,#2159,#2160,#2161),
  .UNSPECIFIED.,.F.,.F.,(8,6,6,6,6,6,6,6,6,6,6,6,6,6,6,8),(0.,
    0.18489790634,0.525017065016,0.776158125532,0.981129656267,
    0.982643410146,0.984269054028,0.985894451657,0.987519605296,
    0.988920405704,0.990545110996,0.992169578689,0.993569792859,
    0.995137826774,0.997433105292,1.),.UNSPECIFIED.);
#2070 = CARTESIAN_POINT('',(6.28318530718,529.85717519306));
#2071 = CARTESIAN_POINT('',(6.276771205584,529.58508900338));
#2072 = CARTESIAN_POINT('',(6.270111463665,529.31211789337));
#2073 = CARTESIAN_POINT('',(6.263207014312,529.03963127973));
#2074 = CARTESIAN_POINT('',(6.256044176465,528.76815960236));
#2075 = CARTESIAN_POINT('',(6.248600820582,528.49761424833));
#2076 = CARTESIAN_POINT('',(6.240852370805,528.22750869263));
#2077 = CARTESIAN_POINT('',(6.217924207166,527.45991358956));
#2078 = CARTESIAN_POINT('',(6.202311844086,526.97344596939));
#2079 = CARTESIAN_POINT('',(6.185791935323,526.49009815611));
#2080 = CARTESIAN_POINT('',(6.168334263602,526.00443834686));
#2081 = CARTESIAN_POINT('',(6.150088126868,525.5152722413));
#2082 = CARTESIAN_POINT('',(6.131387150543,525.02650419752));
#2083 = CARTESIAN_POINT('',(6.098954746205,524.19275014646));
#2084 = CARTESIAN_POINT('',(6.085026236346,523.83905457007));
#2085 = CARTESIAN_POINT('',(6.070990427665,523.48553494));
#2086 = CARTESIAN_POINT('',(6.056885347493,523.13204990449));
#2087 = CARTESIAN_POINT('',(6.042744006029,522.77855713174));
#2088 = CARTESIAN_POINT('',(6.028595890461,522.42508534186));
#2089 = CARTESIAN_POINT('',(6.002936695976,521.78329545788));
#2090 = CARTESIAN_POINT('',(5.991417952278,521.49491941588));
#2091 = CARTESIAN_POINT('',(5.979919723387,521.20646895244));
#2092 = CARTESIAN_POINT('',(5.968450324476,520.9178789327));
#2093 = CARTESIAN_POINT('',(5.957018364802,520.62912955152));
#2094 = CARTESIAN_POINT('',(5.945633050723,520.34024573841));
#2095 = CARTESIAN_POINT('',(5.934220825113,520.04916261762));
#2096 = CARTESIAN_POINT('',(5.93413716443,520.04702866454));
#2097 = CARTESIAN_POINT('',(5.934053506659,520.04489470318));
#2098 = CARTESIAN_POINT('',(5.933969851804,520.04276073354));
#2099 = CARTESIAN_POINT('',(5.933886199866,520.04062675562));
#2100 = CARTESIAN_POINT('',(5.93380255085,520.0384927694));
#2101 = CARTESIAN_POINT('',(5.933629075913,520.03406704492));
#2102 = CARTESIAN_POINT('',(5.933539250442,520.03177530538));
#2103 = CARTESIAN_POINT('',(5.933449428345,520.02948355626));
#2104 = CARTESIAN_POINT('',(5.933359609627,520.02719179756));
#2105 = CARTESIAN_POINT('',(5.93326979429,520.02490002926));
#2106 = CARTESIAN_POINT('',(5.933179982339,520.02260825137));
#2107 = CARTESIAN_POINT('',(5.933000378816,520.01802502352));
#2108 = CARTESIAN_POINT('',(5.932910587245,520.01573357357));
#2109 = CARTESIAN_POINT('',(5.932820799064,520.01344211401));
#2110 = CARTESIAN_POINT('',(5.932731014277,520.01115064483));
#2111 = CARTESIAN_POINT('',(5.932641232887,520.00885916601));
#2112 = CARTESIAN_POINT('',(5.932551454899,520.00656767757));
#2113 = CARTESIAN_POINT('',(5.932371919206,520.00198502537));
#2114 = CARTESIAN_POINT('',(5.9322821615,519.99969386161));
#2115 = CARTESIAN_POINT('',(5.932192407201,519.99740268821));
#2116 = CARTESIAN_POINT('',(5.932102656312,519.99511150515));
#2117 = CARTESIAN_POINT('',(5.932012908836,519.99282031243));
#2118 = CARTESIAN_POINT('',(5.931923164776,519.99052911004));
#2119 = CARTESIAN_POINT('',(5.931756072235,519.98626298882));
#2120 = CARTESIAN_POINT('',(5.931678722873,519.98428807247));
#2121 = CARTESIAN_POINT('',(5.931601376055,519.98231314893));
#2122 = CARTESIAN_POINT('',(5.931524031782,519.98033821819));
#2123 = CARTESIAN_POINT('',(5.931446690055,519.97836328024));
#2124 = CARTESIAN_POINT('',(5.931369350878,519.97638833508));
#2125 = CARTESIAN_POINT('',(5.931202316089,519.97212275261));
#2126 = CARTESIAN_POINT('',(5.931112621357,519.96983211282));
#2127 = CARTESIAN_POINT('',(5.931022930061,519.9675414633));
#2128 = CARTESIAN_POINT('',(5.930933242203,519.96525080407));
#2129 = CARTESIAN_POINT('',(5.930843557788,519.96296013511));
#2130 = CARTESIAN_POINT('',(5.930753876818,519.96066945642));
#2131 = CARTESIAN_POINT('',(5.93057453489,519.95608841453));
#2132 = CARTESIAN_POINT('',(5.930484873932,519.95379805135));
#2133 = CARTESIAN_POINT('',(5.930395216424,519.95150767841));
#2134 = CARTESIAN_POINT('',(5.93030556237,519.94921729572));
#2135 = CARTESIAN_POINT('',(5.930215911775,519.94692690327));
#2136 = CARTESIAN_POINT('',(5.93012626464,519.94463650105));
#2137 = CARTESIAN_POINT('',(5.929959352373,519.94037186245));
#2138 = CARTESIAN_POINT('',(5.929882086351,519.93839762858));
#2139 = CARTESIAN_POINT('',(5.929804822905,519.93642338745));
#2140 = CARTESIAN_POINT('',(5.929727562036,519.93444913904));
#2141 = CARTESIAN_POINT('',(5.929650303748,519.93247488335));
#2142 = CARTESIAN_POINT('',(5.929573048042,519.93050062038));
#2143 = CARTESIAN_POINT('',(5.929409282788,519.92631545782));
#2144 = CARTESIAN_POINT('',(5.929322773896,519.92410455638));
#2145 = CARTESIAN_POINT('',(5.929236268247,519.9218936458));
#2146 = CARTESIAN_POINT('',(5.929149765846,519.91968272606));
#2147 = CARTESIAN_POINT('',(5.929063266694,519.91747179717));
#2148 = CARTESIAN_POINT('',(5.928976770795,519.9152608591));
#2149 = CARTESIAN_POINT('',(5.928763670746,519.90981354074));
#2150 = CARTESIAN_POINT('',(5.928637070316,519.90657714995));
#2151 = CARTESIAN_POINT('',(5.928510476871,519.9033407395));
#2152 = CARTESIAN_POINT('',(5.92838389042,519.90010430934));
#2153 = CARTESIAN_POINT('',(5.928257310973,519.89686785947));
#2154 = CARTESIAN_POINT('',(5.928130738538,519.89363138986));
#2155 = CARTESIAN_POINT('',(5.927862630352,519.88677541494));
#2156 = CARTESIAN_POINT('',(5.927721096353,519.88315590449));
#2157 = CARTESIAN_POINT('',(5.927579571152,519.87953636939));
#2158 = CARTESIAN_POINT('',(5.927438054769,519.87591680977));
#2159 = CARTESIAN_POINT('',(5.927296547214,519.87229722554));
#2160 = CARTESIAN_POINT('',(5.927155048493,519.8686776165));
#2161 = CARTESIAN_POINT('',(5.927013558604,519.86505798226));
#2162 = ( GEOMETRIC_REPRESENTATION_CONTEXT(2) 
PARAMETRIC_REPRESENTATION_CONTEXT() REPRESENTATION_CONTEXT('2D SPACE',''
  ) );
#2163 = ORIENTED_EDGE('',*,*,#2164,.F.);
#2164 = EDGE_CURVE('',#2165,#1893,#2167,.T.);
#2165 = VERTEX_POINT('',#2166);
#2166 = CARTESIAN_POINT('',(70.01933778634,224.26191131653,29.));
#2167 = SURFACE_CURVE('',#2168,(#2173,#2180),.PCURVE_S1.);
#2168 = CIRCLE('',#2169,2.15);
#2169 = AXIS2_PLACEMENT_3D('',#2170,#2171,#2172);
#2170 = CARTESIAN_POINT('',(68.,225.,29.));
#2171 = DIRECTION('',(-0.,0.,1.));
#2172 = DIRECTION('',(0.939226877367,-0.343297062077,0.));
#2173 = PCURVE('',#765,#2174);
#2174 = DEFINITIONAL_REPRESENTATION('',(#2175),#2179);
#2175 = LINE('',#2176,#2177);
#2176 = CARTESIAN_POINT('',(5.932760251604,30.));
#2177 = VECTOR('',#2178,1.);
#2178 = DIRECTION('',(1.,0.));
#2179 = ( GEOMETRIC_REPRESENTATION_CONTEXT(2) 
PARAMETRIC_REPRESENTATION_CONTEXT() REPRESENTATION_CONTEXT('2D SPACE',''
  ) );
#2180 = PCURVE('',#2181,#2186);
#2181 = PLANE('',#2182);
#2182 = AXIS2_PLACEMENT_3D('',#2183,#2184,#2185);
#2183 = CARTESIAN_POINT('',(68.,225.,29.));
#2184 = DIRECTION('',(0.,0.,1.));
#2185 = DIRECTION('',(1.,0.,-0.));
#2186 = DEFINITIONAL_REPRESENTATION('',(#2187),#2191);
#2187 = CIRCLE('',#2188,2.15);
#2188 = AXIS2_PLACEMENT_2D('',#2189,#2190);
#2189 = CARTESIAN_POINT('',(0.,0.));
#2190 = DIRECTION('',(0.939226877367,-0.343297062077));
#2191 = ( GEOMETRIC_REPRESENTATION_CONTEXT(2) 
PARAMETRIC_REPRESENTATION_CONTEXT() REPRESENTATION_CONTEXT('2D SPACE',''
  ) );
#2192 = ORIENTED_EDGE('',*,*,#2193,.T.);
#2193 = EDGE_CURVE('',#2165,#717,#2194,.T.);
#2194 = SURFACE_CURVE('',#2195,(#2210,#2222),.PCURVE_S1.);
#2195 = B_SPLINE_CURVE_WITH_KNOTS('',7,(#2196,#2197,#2198,#2199,#2200,
    #2201,#2202,#2203,#2204,#2205,#2206,#2207,#2208,#2209),
  .UNSPECIFIED.,.F.,.F.,(8,6,8),(0.,0.618838065171,1.),.UNSPECIFIED.);
#2196 = CARTESIAN_POINT('',(70.019337773504,224.26191128141,
    29.000000591678));
#2197 = CARTESIAN_POINT('',(70.032384525897,224.29760590628,
    28.407064070036));
#2198 = CARTESIAN_POINT('',(70.044132726006,224.33203059392,
    27.821251313962));
#2199 = CARTESIAN_POINT('',(70.054801648993,224.36543251757,
    27.234917251213));
#2200 = CARTESIAN_POINT('',(70.064426066128,224.3976852225,
    26.644456750916));
#2201 = CARTESIAN_POINT('',(70.07291876555,224.42821399525,
    26.050868044622));
#2202 = CARTESIAN_POINT('',(70.080182261855,224.45599498871,
    25.458392639068));
#2203 = CARTESIAN_POINT('',(70.089757659598,224.49439102911,
    24.509733881947));
#2204 = CARTESIAN_POINT('',(70.092921528543,224.50758821086,
    24.148042126272));
#2205 = CARTESIAN_POINT('',(70.095577109227,224.5190717663,
    23.785950794678));
#2206 = CARTESIAN_POINT('',(70.097682238136,224.5284651771,
    23.423676290696));
#2207 = CARTESIAN_POINT('',(70.099182660786,224.53529891358,
    23.061496333889));
#2208 = CARTESIAN_POINT('',(70.1,224.53902277713,22.699294431385));
#2209 = CARTESIAN_POINT('',(70.1,224.53902277713,22.336104336031));
#2210 = PCURVE('',#765,#2211);
#2211 = DEFINITIONAL_REPRESENTATION('',(#2212),#2221);
#2212 = B_SPLINE_CURVE_WITH_KNOTS('',7,(#2213,#2214,#2215,#2216,#2217,
    #2218,#2219,#2220),.UNSPECIFIED.,.F.,.F.,(8,8),(8.821268910338E-08,
    0.28801016571),.PIECEWISE_BEZIER_KNOTS.);
#2213 = CARTESIAN_POINT('',(5.932760251851,30.000000008356));
#2214 = CARTESIAN_POINT('',(5.940986929895,29.724044631004));
#2215 = CARTESIAN_POINT('',(5.949048530335,29.449632258595));
#2216 = CARTESIAN_POINT('',(5.95696038485,29.175992234581));
#2217 = CARTESIAN_POINT('',(5.964728604381,28.902543412054));
#2218 = CARTESIAN_POINT('',(5.97234967227,28.628906487097));
#2219 = CARTESIAN_POINT('',(5.979810309332,28.354896755839));
#2220 = CARTESIAN_POINT('',(5.987087869897,28.080497768848));
#2221 = ( GEOMETRIC_REPRESENTATION_CONTEXT(2) 
PARAMETRIC_REPRESENTATION_CONTEXT() REPRESENTATION_CONTEXT('2D SPACE',''
  ) );
#2222 = PCURVE('',#621,#2223);
#2223 = DEFINITIONAL_REPRESENTATION('',(#2224),#2239);
#2224 = B_SPLINE_CURVE_WITH_KNOTS('',7,(#2225,#2226,#2227,#2228,#2229,
    #2230,#2231,#2232,#2233,#2234,#2235,#2236,#2237,#2238),
  .UNSPECIFIED.,.F.,.F.,(8,6,8),(0.,0.618838065171,1.),.UNSPECIFIED.);
#2225 = CARTESIAN_POINT('',(6.156717824573,519.32985856327));
#2226 = CARTESIAN_POINT('',(6.166959251623,519.91493850427));
#2227 = CARTESIAN_POINT('',(6.177143737519,520.4927942057));
#2228 = CARTESIAN_POINT('',(6.187426092264,521.07092030721));
#2229 = CARTESIAN_POINT('',(6.197902481601,521.65279422728));
#2230 = CARTESIAN_POINT('',(6.208606327656,522.23731216171));
#2231 = CARTESIAN_POINT('',(6.219540307999,522.82011055208));
#2232 = CARTESIAN_POINT('',(6.237622301269,523.75186499774));
#2233 = CARTESIAN_POINT('',(6.244652525839,524.10677772366));
#2234 = CARTESIAN_POINT('',(6.251854613686,524.46168224849));
#2235 = CARTESIAN_POINT('',(6.259260261396,524.81628084415));
#2236 = CARTESIAN_POINT('',(6.266908762339,525.17019459061));
#2237 = CARTESIAN_POINT('',(6.274856368427,525.52340937557));
#2238 = CARTESIAN_POINT('',(6.28318530718,525.87672295745));
#2239 = ( GEOMETRIC_REPRESENTATION_CONTEXT(2) 
PARAMETRIC_REPRESENTATION_CONTEXT() REPRESENTATION_CONTEXT('2D SPACE',''
  ) );
#2240 = ADVANCED_FACE('',(#2241),#2181,.F.);
#2241 = FACE_BOUND('',#2242,.F.);
#2242 = EDGE_LOOP('',(#2243,#2244));
#2243 = ORIENTED_EDGE('',*,*,#2164,.T.);
#2244 = ORIENTED_EDGE('',*,*,#2245,.F.);
#2245 = EDGE_CURVE('',#2165,#1893,#2246,.T.);
#2246 = SURFACE_CURVE('',#2247,(#2252,#2259),.PCURVE_S1.);
#2247 = ELLIPSE('',#2248,10.382334988749,10.1);
#2248 = AXIS2_PLACEMENT_3D('',#2249,#2250,#2251);
#2249 = CARTESIAN_POINT('',(60.,222.95238095238,29.));
#2250 = DIRECTION('',(0.,0.,1.));
#2251 = DIRECTION('',(0.,1.,-0.));
#2252 = PCURVE('',#2181,#2253);
#2253 = DEFINITIONAL_REPRESENTATION('',(#2254),#2258);
#2254 = ELLIPSE('',#2255,10.382334988749,10.1);
#2255 = AXIS2_PLACEMENT_2D('',#2256,#2257);
#2256 = CARTESIAN_POINT('',(-8.,-2.047619047619));
#2257 = DIRECTION('',(0.,1.));
#2258 = ( GEOMETRIC_REPRESENTATION_CONTEXT(2) 
PARAMETRIC_REPRESENTATION_CONTEXT() REPRESENTATION_CONTEXT('2D SPACE',''
  ) );
#2259 = PCURVE('',#621,#2260);
#2260 = DEFINITIONAL_REPRESENTATION('',(#2261),#2268);
#2261 = B_SPLINE_CURVE_WITH_KNOTS('',5,(#2262,#2263,#2264,#2265,#2266,
    #2267),.UNSPECIFIED.,.F.,.F.,(6,6),(4.712388980385,5.174367899949),
  .PIECEWISE_BEZIER_KNOTS.);
#2262 = CARTESIAN_POINT('',(6.28318530718,519.02654502543));
#2263 = CARTESIAN_POINT('',(6.190789523267,519.24873488674));
#2264 = CARTESIAN_POINT('',(6.098393739354,519.47092489238));
#2265 = CARTESIAN_POINT('',(6.005997955441,519.68916242259));
#2266 = CARTESIAN_POINT('',(5.913602171528,519.89949840111));
#2267 = CARTESIAN_POINT('',(5.821206387616,520.09839658941));
#2268 = ( GEOMETRIC_REPRESENTATION_CONTEXT(2) 
PARAMETRIC_REPRESENTATION_CONTEXT() REPRESENTATION_CONTEXT('2D SPACE',''
  ) );
#2269 = ADVANCED_FACE('',(#2270),#621,.F.);
#2270 = FACE_BOUND('',#2271,.F.);
#2271 = EDGE_LOOP('',(#2272,#2302,#2346,#2441,#2442,#2443,#2466,#2517,
    #2547,#2596,#2597,#2598,#2599,#2600,#2601,#2602,#2625));
#2272 = ORIENTED_EDGE('',*,*,#2273,.F.);
#2273 = EDGE_CURVE('',#2274,#2276,#2278,.T.);
#2274 = VERTEX_POINT('',#2275);
#2275 = CARTESIAN_POINT('',(57.843236011684,240.,0.));
#2276 = VERTEX_POINT('',#2277);
#2277 = CARTESIAN_POINT('',(62.156763988316,240.,0.));
#2278 = SURFACE_CURVE('',#2279,(#2284,#2295),.PCURVE_S1.);
#2279 = ELLIPSE('',#2280,43.605806952744,10.1);
#2280 = AXIS2_PLACEMENT_3D('',#2281,#2282,#2283);
#2281 = CARTESIAN_POINT('',(60.,240.,-42.6));
#2282 = DIRECTION('',(0.,1.,0.));
#2283 = DIRECTION('',(0.,0.,-1.));
#2284 = PCURVE('',#621,#2285);
#2285 = DEFINITIONAL_REPRESENTATION('',(#2286),#2294);
#2286 = B_SPLINE_CURVE_WITH_KNOTS('',6,(#2287,#2288,#2289,#2290,#2291,
    #2292,#2293),.UNSPECIFIED.,.F.,.F.,(7,7),(2.66605281478,
    3.617132492399),.PIECEWISE_BEZIER_KNOTS.);
#2287 = CARTESIAN_POINT('',(4.236849141575,554.9147297883));
#2288 = CARTESIAN_POINT('',(4.395362421178,551.83629745856));
#2289 = CARTESIAN_POINT('',(4.553875700781,549.89498922512));
#2290 = CARTESIAN_POINT('',(4.712388980385,549.23002017907));
#2291 = CARTESIAN_POINT('',(4.870902259988,549.89498922512));
#2292 = CARTESIAN_POINT('',(5.029415539591,551.83629745856));
#2293 = CARTESIAN_POINT('',(5.187928819194,554.9147297883));
#2294 = ( GEOMETRIC_REPRESENTATION_CONTEXT(2) 
PARAMETRIC_REPRESENTATION_CONTEXT() REPRESENTATION_CONTEXT('2D SPACE',''
  ) );
#2295 = PCURVE('',#100,#2296);
#2296 = DEFINITIONAL_REPRESENTATION('',(#2297),#2301);
#2297 = ELLIPSE('',#2298,43.605806952744,10.1);
#2298 = AXIS2_PLACEMENT_2D('',#2299,#2300);
#2299 = CARTESIAN_POINT('',(-42.6,15.));
#2300 = DIRECTION('',(-1.,0.));
#2301 = ( GEOMETRIC_REPRESENTATION_CONTEXT(2) 
PARAMETRIC_REPRESENTATION_CONTEXT() REPRESENTATION_CONTEXT('2D SPACE',''
  ) );
#2302 = ORIENTED_EDGE('',*,*,#2303,.T.);
#2303 = EDGE_CURVE('',#2274,#2304,#2306,.T.);
#2304 = VERTEX_POINT('',#2305);
#2305 = CARTESIAN_POINT('',(67.50400173105,222.90799480947,0.));
#2306 = SURFACE_CURVE('',#2307,(#2312,#2339),.PCURVE_S1.);
#2307 = ELLIPSE('',#2308,10.382334988749,10.1);
#2308 = AXIS2_PLACEMENT_3D('',#2309,#2310,#2311);
#2309 = CARTESIAN_POINT('',(60.,229.85714285714,0.));
#2310 = DIRECTION('',(0.,0.,1.));
#2311 = DIRECTION('',(0.,1.,-0.));
#2312 = PCURVE('',#621,#2313);
#2313 = DEFINITIONAL_REPRESENTATION('',(#2314),#2338);
#2314 = B_SPLINE_CURVE_WITH_KNOTS('',8,(#2315,#2316,#2317,#2318,#2319,
    #2320,#2321,#2322,#2323,#2324,#2325,#2326,#2327,#2328,#2329,#2330,
    #2331,#2332,#2333,#2334,#2335,#2336,#2337),.UNSPECIFIED.,.F.,.F.,(9,
    7,7,9),(0.215198126414,1.178097245096,2.94524311274,3.979090159705),
  .UNSPECIFIED.);
#2315 = CARTESIAN_POINT('',(4.49719085397,551.1865037693));
#2316 = CARTESIAN_POINT('',(4.376828464135,551.12469587184));
#2317 = CARTESIAN_POINT('',(4.2564660743,551.02399143173));
#2318 = CARTESIAN_POINT('',(4.136103684464,550.88575478987));
#2319 = CARTESIAN_POINT('',(4.015741294629,550.71255255527));
#2320 = CARTESIAN_POINT('',(3.895378904794,550.50809105545));
#2321 = CARTESIAN_POINT('',(3.775016514959,550.27705647035));
#2322 = CARTESIAN_POINT('',(3.654654125124,550.0248827461));
#2323 = CARTESIAN_POINT('',(3.313398501833,549.26671161141));
#2324 = CARTESIAN_POINT('',(3.092505268375,548.72463258635));
#2325 = CARTESIAN_POINT('',(2.871612034937,548.16772819031));
#2326 = CARTESIAN_POINT('',(2.650718801472,547.63781389221));
#2327 = CARTESIAN_POINT('',(2.429825568027,547.17641070089));
#2328 = CARTESIAN_POINT('',(2.208932334553,546.81744071806));
#2329 = CARTESIAN_POINT('',(1.9880391011,546.5822858926));
#2330 = CARTESIAN_POINT('',(1.637914986774,546.41802664386));
#2331 = CARTESIAN_POINT('',(1.508684105903,546.40241499043));
#2332 = CARTESIAN_POINT('',(1.379453225034,546.43336225288));
#2333 = CARTESIAN_POINT('',(1.250222344165,546.51080839094));
#2334 = CARTESIAN_POINT('',(1.120991463294,546.63300530827));
#2335 = CARTESIAN_POINT('',(0.991760582423,546.79658025316));
#2336 = CARTESIAN_POINT('',(0.862529701551,546.99675193844));
#2337 = CARTESIAN_POINT('',(0.733298820679,547.2276444928));
#2338 = ( GEOMETRIC_REPRESENTATION_CONTEXT(2) 
PARAMETRIC_REPRESENTATION_CONTEXT() REPRESENTATION_CONTEXT('2D SPACE',''
  ) );
#2339 = PCURVE('',#72,#2340);
#2340 = DEFINITIONAL_REPRESENTATION('',(#2341),#2345);
#2341 = ELLIPSE('',#2342,10.382334988749,10.1);
#2342 = AXIS2_PLACEMENT_2D('',#2343,#2344);
#2343 = CARTESIAN_POINT('',(15.,19.857142857143));
#2344 = DIRECTION('',(0.,1.));
#2345 = ( GEOMETRIC_REPRESENTATION_CONTEXT(2) 
PARAMETRIC_REPRESENTATION_CONTEXT() REPRESENTATION_CONTEXT('2D SPACE',''
  ) );
#2346 = ORIENTED_EDGE('',*,*,#2347,.T.);
#2347 = EDGE_CURVE('',#2304,#173,#2348,.T.);
#2348 = SURFACE_CURVE('',#2349,(#2387,#2428),.PCURVE_S1.);
#2349 = B_SPLINE_CURVE_WITH_KNOTS('',8,(#2350,#2351,#2352,#2353,#2354,
    #2355,#2356,#2357,#2358,#2359,#2360,#2361,#2362,#2363,#2364,#2365,
    #2366,#2367,#2368,#2369,#2370,#2371,#2372,#2373,#2374,#2375,#2376,
    #2377,#2378,#2379,#2380,#2381,#2382,#2383,#2384,#2385,#2386),
  .UNSPECIFIED.,.F.,.F.,(9,7,7,7,7,9),(0.,0.397237114886,0.654549049427,
    0.763594354519,0.918233990691,1.),.UNSPECIFIED.);
#2350 = CARTESIAN_POINT('',(67.333201110262,222.95601388443,
    -1.000000599995));
#2351 = CARTESIAN_POINT('',(67.525119690558,222.89340529071,
    0.137851039124));
#2352 = CARTESIAN_POINT('',(67.724650776196,222.85109938739,
    1.280474141034));
#2353 = CARTESIAN_POINT('',(67.929221954674,222.83030682421,
    2.425216309345));
#2354 = CARTESIAN_POINT('',(68.136073721807,222.83180430426,
    3.570538231527));
#2355 = CARTESIAN_POINT('',(68.342344260721,222.85593276054,
    4.716013604438));
#2356 = CARTESIAN_POINT('',(68.545140483398,222.90259884947,
    5.862056978727));
#2357 = CARTESIAN_POINT('',(68.741603735341,222.97128300427,
    7.010000442801));
#2358 = CARTESIAN_POINT('',(69.050351360775,223.11920894577,
    8.910090884051));
#2359 = CARTESIAN_POINT('',(69.168014863015,223.18625924686,
    9.659864810589));
#2360 = CARTESIAN_POINT('',(69.280806166615,223.26179269668,
    10.410891521003));
#2361 = CARTESIAN_POINT('',(69.387645611105,223.34514236614,
    11.161951754826));
#2362 = CARTESIAN_POINT('',(69.487650797518,223.43548489287,
    11.912543720394));
#2363 = CARTESIAN_POINT('',(69.580050532918,223.53176205867,
    12.66258769215));
#2364 = CARTESIAN_POINT('',(69.664320030538,223.63281470688,
    13.412778360889));
#2365 = CARTESIAN_POINT('',(69.772242544723,223.78153874179,
    14.486569202662));
#2366 = CARTESIAN_POINT('',(69.802791023786,223.8263439808,
    14.806366867405));
#2367 = CARTESIAN_POINT('',(69.831711386138,223.87152825139,
    15.126275293133));
#2368 = CARTESIAN_POINT('',(69.858958295897,223.9169122289,
    15.446233790519));
#2369 = CARTESIAN_POINT('',(69.884495765562,223.96229233436,
    15.766204660938));
#2370 = CARTESIAN_POINT('',(69.908298352777,224.00743519585,
    16.086181080526));
#2371 = CARTESIAN_POINT('',(69.930352602187,224.05207037562,
    16.406194965821));
#2372 = CARTESIAN_POINT('',(69.979455319109,224.15801072418,
    17.18030827576));
#2373 = CARTESIAN_POINT('',(70.005166094605,224.21940967692,
    17.641294722071));
#2374 = CARTESIAN_POINT('',(70.027195913065,224.27820181839,
    18.103047744468));
#2375 = CARTESIAN_POINT('',(70.045443828546,224.33268660618,
    18.561937935336));
#2376 = CARTESIAN_POINT('',(70.060170852996,224.38145038408,
    19.017104919733));
#2377 = CARTESIAN_POINT('',(70.071805325837,224.42345939685,
    19.470312920551));
#2378 = CARTESIAN_POINT('',(70.080772101161,224.45809528481,
    19.925484876189));
#2379 = CARTESIAN_POINT('',(70.090953065469,224.49936893402,
    20.632403086751));
#2380 = CARTESIAN_POINT('',(70.093787682028,224.5113404658,
    20.876046389203));
#2381 = CARTESIAN_POINT('',(70.096012115724,224.52104336111,
    21.11930641446));
#2382 = CARTESIAN_POINT('',(70.097693065146,224.52854720252,
    21.362570023755));
#2383 = CARTESIAN_POINT('',(70.098887178549,224.53395350809,
    21.606060251935));
#2384 = CARTESIAN_POINT('',(70.09964227098,224.53739302926,
    21.849762043511));
#2385 = CARTESIAN_POINT('',(70.1,224.53902277713,22.093348028213));
#2386 = CARTESIAN_POINT('',(70.1,224.53902277713,22.336104336031));
#2387 = PCURVE('',#621,#2388);
#2388 = DEFINITIONAL_REPRESENTATION('',(#2389),#2427);
#2389 = B_SPLINE_CURVE_WITH_KNOTS('',8,(#2390,#2391,#2392,#2393,#2394,
    #2395,#2396,#2397,#2398,#2399,#2400,#2401,#2402,#2403,#2404,#2405,
    #2406,#2407,#2408,#2409,#2410,#2411,#2412,#2413,#2414,#2415,#2416,
    #2417,#2418,#2419,#2420,#2421,#2422,#2423,#2424,#2425,#2426),
  .UNSPECIFIED.,.F.,.F.,(9,7,7,7,7,9),(0.,0.397237114886,0.654549049427,
    0.763594354519,0.918233990691,1.),.UNSPECIFIED.);
#2390 = CARTESIAN_POINT('',(0.758222364805,548.2115735113));
#2391 = CARTESIAN_POINT('',(0.730588625522,547.09016292989));
#2392 = CARTESIAN_POINT('',(0.700937369874,545.96881315969));
#2393 = CARTESIAN_POINT('',(0.669370959491,544.85038487967));
#2394 = CARTESIAN_POINT('',(0.635997009883,543.73655544308));
#2395 = CARTESIAN_POINT('',(0.600917908803,542.62781852733));
#2396 = CARTESIAN_POINT('',(0.564229925663,541.52374923463));
#2397 = CARTESIAN_POINT('',(0.526016864045,540.42293135883));
#2398 = CARTESIAN_POINT('',(0.46061148526,538.60877425369));
#2399 = CARTESIAN_POINT('',(0.43425645089,537.89491974444));
#2400 = CARTESIAN_POINT('',(0.407353251592,537.18181139062));
#2401 = CARTESIAN_POINT('',(0.380001938488,536.47048082197));
#2402 = CARTESIAN_POINT('',(0.352288534255,535.76122547682));
#2403 = CARTESIAN_POINT('',(0.324302996348,535.05387780773));
#2404 = CARTESIAN_POINT('',(0.296118367432,534.34749353065));
#2405 = CARTESIAN_POINT('',(0.255729575581,533.33735066589));
#2406 = CARTESIAN_POINT('',(0.243695105049,533.03662732327));
#2407 = CARTESIAN_POINT('',(0.23166297785,532.73588402317));
#2408 = CARTESIAN_POINT('',(0.219649710721,532.43513826927));
#2409 = CARTESIAN_POINT('',(0.207673365403,532.13437958197));
#2410 = CARTESIAN_POINT('',(0.195753946588,531.83356054582));
#2411 = CARTESIAN_POINT('',(0.183913977349,531.5325874733));
#2412 = CARTESIAN_POINT('',(0.155537970282,530.80406319392));
#2413 = CARTESIAN_POINT('',(0.138860115004,530.36983397187));
#2414 = CARTESIAN_POINT('',(0.12246776806,529.93425522884));
#2415 = CARTESIAN_POINT('',(0.106598710872,529.50046379458));
#2416 = CARTESIAN_POINT('',(9.139798522869E-02,529.06896921539));
#2417 = CARTESIAN_POINT('',(7.691545292481E-02,528.63781580534));
#2418 = CARTESIAN_POINT('',(6.311395293863E-02,528.20304408078));
#2419 = CARTESIAN_POINT('',(4.290186764024E-02,527.52490947666));
#2420 = CARTESIAN_POINT('',(3.615578640561E-02,527.29066461038));
#2421 = CARTESIAN_POINT('',(2.963921275629E-02,527.05626713575));
#2422 = CARTESIAN_POINT('',(2.333589721678E-02,526.82135682852));
#2423 = CARTESIAN_POINT('',(1.723042282365E-02,526.58574023268));
#2424 = CARTESIAN_POINT('',(1.131012729889E-02,526.34946227901));
#2425 = CARTESIAN_POINT('',(5.567063764736E-03,526.11287780235));
#2426 = CARTESIAN_POINT('',(0.,525.87672295745));
#2427 = ( GEOMETRIC_REPRESENTATION_CONTEXT(2) 
PARAMETRIC_REPRESENTATION_CONTEXT() REPRESENTATION_CONTEXT('2D SPACE',''
  ) );
#2428 = PCURVE('',#236,#2429);
#2429 = DEFINITIONAL_REPRESENTATION('',(#2430),#2440);
#2430 = B_SPLINE_CURVE_WITH_KNOTS('',8,(#2431,#2432,#2433,#2434,#2435,
    #2436,#2437,#2438,#2439),.UNSPECIFIED.,.F.,.F.,(9,9),(
    4.357686990163E-02,0.351505798417),.PIECEWISE_BEZIER_KNOTS.);
#2431 = CARTESIAN_POINT('',(4.479595185023,0.999999994032));
#2432 = CARTESIAN_POINT('',(4.552631282519,1.884396444178));
#2433 = CARTESIAN_POINT('',(4.625913177983,2.770731422258));
#2434 = CARTESIAN_POINT('',(4.69942412473,3.658052351616));
#2435 = CARTESIAN_POINT('',(4.773156319936,4.545802645795));
#2436 = CARTESIAN_POINT('',(4.847108519633,5.433802899263));
#2437 = CARTESIAN_POINT('',(4.921284473508,6.322202602291));
#2438 = CARTESIAN_POINT('',(4.995692149262,7.211506813622));
#2439 = CARTESIAN_POINT('',(5.070343716319,8.102782224626));
#2440 = ( GEOMETRIC_REPRESENTATION_CONTEXT(2) 
PARAMETRIC_REPRESENTATION_CONTEXT() REPRESENTATION_CONTEXT('2D SPACE',''
  ) );
#2441 = ORIENTED_EDGE('',*,*,#1681,.T.);
#2442 = ORIENTED_EDGE('',*,*,#1071,.F.);
#2443 = ORIENTED_EDGE('',*,*,#2444,.F.);
#2444 = EDGE_CURVE('',#2445,#800,#2447,.T.);
#2445 = VERTEX_POINT('',#2446);
#2446 = CARTESIAN_POINT('',(70.1,217.95238095238,50.));
#2447 = SEAM_CURVE('',#2448,(#2452,#2459),.PCURVE_S1.);
#2448 = LINE('',#2449,#2450);
#2449 = CARTESIAN_POINT('',(70.1,102.73517890775,533.91224858741));
#2450 = VECTOR('',#2451,1.);
#2451 = DIRECTION('',(0.,0.231620527306,-0.972806214685));
#2452 = PCURVE('',#621,#2453);
#2453 = DEFINITIONAL_REPRESENTATION('',(#2454),#2458);
#2454 = LINE('',#2455,#2456);
#2455 = CARTESIAN_POINT('',(0.,-0.));
#2456 = VECTOR('',#2457,1.);
#2457 = DIRECTION('',(0.,1.));
#2458 = ( GEOMETRIC_REPRESENTATION_CONTEXT(2) 
PARAMETRIC_REPRESENTATION_CONTEXT() REPRESENTATION_CONTEXT('2D SPACE',''
  ) );
#2459 = PCURVE('',#621,#2460);
#2460 = DEFINITIONAL_REPRESENTATION('',(#2461),#2465);
#2461 = LINE('',#2462,#2463);
#2462 = CARTESIAN_POINT('',(6.28318530718,-0.));
#2463 = VECTOR('',#2464,1.);
#2464 = DIRECTION('',(0.,1.));
#2465 = ( GEOMETRIC_REPRESENTATION_CONTEXT(2) 
PARAMETRIC_REPRESENTATION_CONTEXT() REPRESENTATION_CONTEXT('2D SPACE',''
  ) );
#2466 = ORIENTED_EDGE('',*,*,#2467,.F.);
#2467 = EDGE_CURVE('',#2468,#2445,#2470,.T.);
#2468 = VERTEX_POINT('',#2469);
#2469 = CARTESIAN_POINT('',(66.49325500154,210.,50.));
#2470 = SURFACE_CURVE('',#2471,(#2476,#2510),.PCURVE_S1.);
#2471 = ELLIPSE('',#2472,10.382334988749,10.1);
#2472 = AXIS2_PLACEMENT_3D('',#2473,#2474,#2475);
#2473 = CARTESIAN_POINT('',(60.,217.95238095238,50.));
#2474 = DIRECTION('',(0.,0.,1.));
#2475 = DIRECTION('',(0.,1.,-0.));
#2476 = PCURVE('',#621,#2477);
#2477 = DEFINITIONAL_REPRESENTATION('',(#2478),#2509);
#2478 = B_SPLINE_CURVE_WITH_KNOTS('',8,(#2479,#2480,#2481,#2482,#2483,
    #2484,#2485,#2486,#2487,#2488,#2489,#2490,#2491,#2492,#2493,#2494,
    #2495,#2496,#2497,#2498,#2499,#2500,#2501,#2502,#2503,#2504,#2505,
    #2506,#2507,#2508),.UNSPECIFIED.,.F.,.F.,(9,7,7,7,9),(4.712388980385
    ,6.28318530718,7.461282552276,9.22842841992,10.995574287564),
  .UNSPECIFIED.);
#2479 = CARTESIAN_POINT('',(6.28318530718,497.4395118805));
#2480 = CARTESIAN_POINT('',(6.08683576633,497.91168577636));
#2481 = CARTESIAN_POINT('',(5.890486225481,498.38385978341));
#2482 = CARTESIAN_POINT('',(5.694136684633,498.82829377055));
#2483 = CARTESIAN_POINT('',(5.497787143782,499.21725316019));
#2484 = CARTESIAN_POINT('',(5.301437602936,499.52640765789));
#2485 = CARTESIAN_POINT('',(5.105088062083,499.73831810883));
#2486 = CARTESIAN_POINT('',(4.908738521234,499.84427378527));
#2487 = CARTESIAN_POINT('',(4.565126824748,499.84427378527));
#2488 = CARTESIAN_POINT('',(4.417864669111,499.78467356053));
#2489 = CARTESIAN_POINT('',(4.270602513474,499.66547457898));
#2490 = CARTESIAN_POINT('',(4.123340357837,499.4894297774));
#2491 = CARTESIAN_POINT('',(3.9760782022,499.26206126567));
#2492 = CARTESIAN_POINT('',(3.828816046563,498.99131397912));
#2493 = CARTESIAN_POINT('',(3.681553890926,498.68694826886));
#2494 = CARTESIAN_POINT('',(3.313398501833,497.86901364731));
#2495 = CARTESIAN_POINT('',(3.09250526838,497.326934623));
#2496 = CARTESIAN_POINT('',(2.871612034919,496.77003022469));
#2497 = CARTESIAN_POINT('',(2.650718801476,496.24011593125));
#2498 = CARTESIAN_POINT('',(2.429825568007,495.77871273295));
#2499 = CARTESIAN_POINT('',(2.208932334558,495.41974275501));
#2500 = CARTESIAN_POINT('',(1.9880391011,495.1845879285));
#2501 = CARTESIAN_POINT('',(1.546252634189,494.97732567438));
#2502 = CARTESIAN_POINT('',(1.325359400739,495.0052181314));
#2503 = CARTESIAN_POINT('',(1.104466167252,495.17233715229));
#2504 = CARTESIAN_POINT('',(0.883572933871,495.47270656703));
#2505 = CARTESIAN_POINT('',(0.662679700355,495.88542253011));
#2506 = CARTESIAN_POINT('',(0.441786466917,496.37712032033));
#2507 = CARTESIAN_POINT('',(0.220893233456,496.90831624767));
#2508 = CARTESIAN_POINT('',(8.881784197001E-15,497.4395118805));
#2509 = ( GEOMETRIC_REPRESENTATION_CONTEXT(2) 
PARAMETRIC_REPRESENTATION_CONTEXT() REPRESENTATION_CONTEXT('2D SPACE',''
  ) );
#2510 = PCURVE('',#126,#2511);
#2511 = DEFINITIONAL_REPRESENTATION('',(#2512),#2516);
#2512 = ELLIPSE('',#2513,10.382334988749,10.1);
#2513 = AXIS2_PLACEMENT_2D('',#2514,#2515);
#2514 = CARTESIAN_POINT('',(15.,7.952380952381));
#2515 = DIRECTION('',(0.,1.));
#2516 = ( GEOMETRIC_REPRESENTATION_CONTEXT(2) 
PARAMETRIC_REPRESENTATION_CONTEXT() REPRESENTATION_CONTEXT('2D SPACE',''
  ) );
#2517 = ORIENTED_EDGE('',*,*,#2518,.T.);
#2518 = EDGE_CURVE('',#2468,#2519,#2521,.T.);
#2519 = VERTEX_POINT('',#2520);
#2520 = CARTESIAN_POINT('',(53.50674499846,210.,50.));
#2521 = SURFACE_CURVE('',#2522,(#2527,#2540),.PCURVE_S1.);
#2522 = ELLIPSE('',#2523,43.605806952744,10.1);
#2523 = AXIS2_PLACEMENT_3D('',#2524,#2525,#2526);
#2524 = CARTESIAN_POINT('',(60.,210.,83.4));
#2525 = DIRECTION('',(0.,1.,0.));
#2526 = DIRECTION('',(0.,0.,-1.));
#2527 = PCURVE('',#621,#2528);
#2528 = DEFINITIONAL_REPRESENTATION('',(#2529),#2539);
#2529 = B_SPLINE_CURVE_WITH_KNOTS('',8,(#2530,#2531,#2532,#2533,#2534,
    #2535,#2536,#2537,#2538),.UNSPECIFIED.,.F.,.F.,(9,9),(5.421671381385
    ,7.144699232974),.PIECEWISE_BEZIER_KNOTS.);
#2530 = CARTESIAN_POINT('',(0.709282401,490.73354613755));
#2531 = CARTESIAN_POINT('',(0.924660882449,497.66648138778));
#2532 = CARTESIAN_POINT('',(1.140039363896,503.13474206329));
#2533 = CARTESIAN_POINT('',(1.355417845353,506.64826051425));
#2534 = CARTESIAN_POINT('',(1.570796326781,507.86194251151));
#2535 = CARTESIAN_POINT('',(1.786174808251,506.64826051518));
#2536 = CARTESIAN_POINT('',(2.001553289691,503.13474206341));
#2537 = CARTESIAN_POINT('',(2.216931771141,497.66648138778));
#2538 = CARTESIAN_POINT('',(2.43231025259,490.73354613755));
#2539 = ( GEOMETRIC_REPRESENTATION_CONTEXT(2) 
PARAMETRIC_REPRESENTATION_CONTEXT() REPRESENTATION_CONTEXT('2D SPACE',''
  ) );
#2540 = PCURVE('',#44,#2541);
#2541 = DEFINITIONAL_REPRESENTATION('',(#2542),#2546);
#2542 = ELLIPSE('',#2543,43.605806952744,10.1);
#2543 = AXIS2_PLACEMENT_2D('',#2544,#2545);
#2544 = CARTESIAN_POINT('',(83.4,15.));
#2545 = DIRECTION('',(-1.,0.));
#2546 = ( GEOMETRIC_REPRESENTATION_CONTEXT(2) 
PARAMETRIC_REPRESENTATION_CONTEXT() REPRESENTATION_CONTEXT('2D SPACE',''
  ) );
#2547 = ORIENTED_EDGE('',*,*,#2548,.F.);
#2548 = EDGE_CURVE('',#2445,#2519,#2549,.T.);
#2549 = SURFACE_CURVE('',#2550,(#2555,#2589),.PCURVE_S1.);
#2550 = ELLIPSE('',#2551,10.382334988749,10.1);
#2551 = AXIS2_PLACEMENT_3D('',#2552,#2553,#2554);
#2552 = CARTESIAN_POINT('',(60.,217.95238095238,50.));
#2553 = DIRECTION('',(0.,0.,1.));
#2554 = DIRECTION('',(0.,1.,-0.));
#2555 = PCURVE('',#621,#2556);
#2556 = DEFINITIONAL_REPRESENTATION('',(#2557),#2588);
#2557 = B_SPLINE_CURVE_WITH_KNOTS('',8,(#2558,#2559,#2560,#2561,#2562,
    #2563,#2564,#2565,#2566,#2567,#2568,#2569,#2570,#2571,#2572,#2573,
    #2574,#2575,#2576,#2577,#2578,#2579,#2580,#2581,#2582,#2583,#2584,
    #2585,#2586,#2587),.UNSPECIFIED.,.F.,.F.,(9,7,7,7,9),(4.712388980385
    ,6.28318530718,7.461282552276,9.22842841992,10.995574287564),
  .UNSPECIFIED.);
#2558 = CARTESIAN_POINT('',(6.28318530718,497.4395118805));
#2559 = CARTESIAN_POINT('',(6.08683576633,497.91168577636));
#2560 = CARTESIAN_POINT('',(5.890486225481,498.38385978341));
#2561 = CARTESIAN_POINT('',(5.694136684633,498.82829377055));
#2562 = CARTESIAN_POINT('',(5.497787143782,499.21725316019));
#2563 = CARTESIAN_POINT('',(5.301437602936,499.52640765789));
#2564 = CARTESIAN_POINT('',(5.105088062083,499.73831810883));
#2565 = CARTESIAN_POINT('',(4.908738521234,499.84427378527));
#2566 = CARTESIAN_POINT('',(4.565126824748,499.84427378527));
#2567 = CARTESIAN_POINT('',(4.417864669111,499.78467356053));
#2568 = CARTESIAN_POINT('',(4.270602513474,499.66547457898));
#2569 = CARTESIAN_POINT('',(4.123340357837,499.4894297774));
#2570 = CARTESIAN_POINT('',(3.9760782022,499.26206126567));
#2571 = CARTESIAN_POINT('',(3.828816046563,498.99131397912));
#2572 = CARTESIAN_POINT('',(3.681553890926,498.68694826886));
#2573 = CARTESIAN_POINT('',(3.313398501833,497.86901364731));
#2574 = CARTESIAN_POINT('',(3.09250526838,497.326934623));
#2575 = CARTESIAN_POINT('',(2.871612034919,496.77003022469));
#2576 = CARTESIAN_POINT('',(2.650718801476,496.24011593125));
#2577 = CARTESIAN_POINT('',(2.429825568007,495.77871273295));
#2578 = CARTESIAN_POINT('',(2.208932334558,495.41974275501));
#2579 = CARTESIAN_POINT('',(1.9880391011,495.1845879285));
#2580 = CARTESIAN_POINT('',(1.546252634189,494.97732567438));
#2581 = CARTESIAN_POINT('',(1.325359400739,495.0052181314));
#2582 = CARTESIAN_POINT('',(1.104466167252,495.17233715229));
#2583 = CARTESIAN_POINT('',(0.883572933871,495.47270656703));
#2584 = CARTESIAN_POINT('',(0.662679700355,495.88542253011));
#2585 = CARTESIAN_POINT('',(0.441786466917,496.37712032033));
#2586 = CARTESIAN_POINT('',(0.220893233456,496.90831624767));
#2587 = CARTESIAN_POINT('',(8.881784197001E-15,497.4395118805));
#2588 = ( GEOMETRIC_REPRESENTATION_CONTEXT(2) 
PARAMETRIC_REPRESENTATION_CONTEXT() REPRESENTATION_CONTEXT('2D SPACE',''
  ) );
#2589 = PCURVE('',#126,#2590);
#2590 = DEFINITIONAL_REPRESENTATION('',(#2591),#2595);
#2591 = ELLIPSE('',#2592,10.382334988749,10.1);
#2592 = AXIS2_PLACEMENT_2D('',#2593,#2594);
#2593 = CARTESIAN_POINT('',(15.,7.952380952381));
#2594 = DIRECTION('',(0.,1.));
#2595 = ( GEOMETRIC_REPRESENTATION_CONTEXT(2) 
PARAMETRIC_REPRESENTATION_CONTEXT() REPRESENTATION_CONTEXT('2D SPACE',''
  ) );
#2596 = ORIENTED_EDGE('',*,*,#2444,.T.);
#2597 = ORIENTED_EDGE('',*,*,#799,.T.);
#2598 = ORIENTED_EDGE('',*,*,#2193,.F.);
#2599 = ORIENTED_EDGE('',*,*,#2245,.T.);
#2600 = ORIENTED_EDGE('',*,*,#1892,.F.);
#2601 = ORIENTED_EDGE('',*,*,#439,.T.);
#2602 = ORIENTED_EDGE('',*,*,#2603,.T.);
#2603 = EDGE_CURVE('',#385,#2604,#2606,.T.);
#2604 = VERTEX_POINT('',#2605);
#2605 = CARTESIAN_POINT('',(70.1,229.85714285714,0.));
#2606 = SURFACE_CURVE('',#2607,(#2611,#2618),.PCURVE_S1.);
#2607 = LINE('',#2608,#2609);
#2608 = CARTESIAN_POINT('',(70.1,102.73517890775,533.91224858741));
#2609 = VECTOR('',#2610,1.);
#2610 = DIRECTION('',(0.,0.231620527306,-0.972806214685));
#2611 = PCURVE('',#621,#2612);
#2612 = DEFINITIONAL_REPRESENTATION('',(#2613),#2617);
#2613 = LINE('',#2614,#2615);
#2614 = CARTESIAN_POINT('',(6.28318530718,-0.));
#2615 = VECTOR('',#2616,1.);
#2616 = DIRECTION('',(0.,1.));
#2617 = ( GEOMETRIC_REPRESENTATION_CONTEXT(2) 
PARAMETRIC_REPRESENTATION_CONTEXT() REPRESENTATION_CONTEXT('2D SPACE',''
  ) );
#2618 = PCURVE('',#418,#2619);
#2619 = DEFINITIONAL_REPRESENTATION('',(#2620),#2624);
#2620 = LINE('',#2621,#2622);
#2621 = CARTESIAN_POINT('',(0.,-0.));
#2622 = VECTOR('',#2623,1.);
#2623 = DIRECTION('',(0.,1.));
#2624 = ( GEOMETRIC_REPRESENTATION_CONTEXT(2) 
PARAMETRIC_REPRESENTATION_CONTEXT() REPRESENTATION_CONTEXT('2D SPACE',''
  ) );
#2625 = ORIENTED_EDGE('',*,*,#2626,.T.);
#2626 = EDGE_CURVE('',#2604,#2276,#2627,.T.);
#2627 = SURFACE_CURVE('',#2628,(#2633,#2667),.PCURVE_S1.);
#2628 = ELLIPSE('',#2629,10.382334988749,10.1);
#2629 = AXIS2_PLACEMENT_3D('',#2630,#2631,#2632);
#2630 = CARTESIAN_POINT('',(60.,229.85714285714,0.));
#2631 = DIRECTION('',(0.,0.,1.));
#2632 = DIRECTION('',(0.,1.,-0.));
#2633 = PCURVE('',#621,#2634);
#2634 = DEFINITIONAL_REPRESENTATION('',(#2635),#2666);
#2635 = B_SPLINE_CURVE_WITH_KNOTS('',8,(#2636,#2637,#2638,#2639,#2640,
    #2641,#2642,#2643,#2644,#2645,#2646,#2647,#2648,#2649,#2650,#2651,
    #2652,#2653,#2654,#2655,#2656,#2657,#2658,#2659,#2660,#2661,#2662,
    #2663,#2664,#2665),.UNSPECIFIED.,.F.,.F.,(9,7,7,7,9),(4.712388980385
    ,6.283185307179,7.461282552275,9.22842841992,10.995574287564),
  .UNSPECIFIED.);
#2636 = CARTESIAN_POINT('',(6.28318530718,548.83720984461));
#2637 = CARTESIAN_POINT('',(6.08683576633,549.30938374046));
#2638 = CARTESIAN_POINT('',(5.890486225481,549.78155774797));
#2639 = CARTESIAN_POINT('',(5.694136684634,550.225991735));
#2640 = CARTESIAN_POINT('',(5.497787143783,550.61495112162));
#2641 = CARTESIAN_POINT('',(5.301437602934,550.9241056228));
#2642 = CARTESIAN_POINT('',(5.105088062084,551.13601607293));
#2643 = CARTESIAN_POINT('',(4.908738521234,551.24197174937));
#2644 = CARTESIAN_POINT('',(4.565126824748,551.24197174937));
#2645 = CARTESIAN_POINT('',(4.41786466911,551.18237152452));
#2646 = CARTESIAN_POINT('',(4.270602513474,551.06317254317));
#2647 = CARTESIAN_POINT('',(4.123340357836,550.88712774147));
#2648 = CARTESIAN_POINT('',(3.976078202199,550.65975922963));
#2649 = CARTESIAN_POINT('',(3.828816046563,550.38901194328));
#2650 = CARTESIAN_POINT('',(3.681553890926,550.08464623296));
#2651 = CARTESIAN_POINT('',(3.313398501833,549.26671161141));
#2652 = CARTESIAN_POINT('',(3.092505268375,548.72463258635));
#2653 = CARTESIAN_POINT('',(2.871612034937,548.16772819031));
#2654 = CARTESIAN_POINT('',(2.650718801472,547.63781389221));
#2655 = CARTESIAN_POINT('',(2.429825568027,547.17641070089));
#2656 = CARTESIAN_POINT('',(2.208932334553,546.81744071806));
#2657 = CARTESIAN_POINT('',(1.9880391011,546.5822858926));
#2658 = CARTESIAN_POINT('',(1.546252634189,546.37502363848));
#2659 = CARTESIAN_POINT('',(1.325359400733,546.40291609556));
#2660 = CARTESIAN_POINT('',(1.104466167285,546.57003511651));
#2661 = CARTESIAN_POINT('',(0.883572933824,546.87040452845));
#2662 = CARTESIAN_POINT('',(0.662679700362,547.28312049387));
#2663 = CARTESIAN_POINT('',(0.441786466909,547.7748182842));
#2664 = CARTESIAN_POINT('',(0.220893233456,548.30601421177));
#2665 = CARTESIAN_POINT('',(1.15463194561E-14,548.83720984461));
#2666 = ( GEOMETRIC_REPRESENTATION_CONTEXT(2) 
PARAMETRIC_REPRESENTATION_CONTEXT() REPRESENTATION_CONTEXT('2D SPACE',''
  ) );
#2667 = PCURVE('',#72,#2668);
#2668 = DEFINITIONAL_REPRESENTATION('',(#2669),#2673);
#2669 = ELLIPSE('',#2670,10.382334988749,10.1);
#2670 = AXIS2_PLACEMENT_2D('',#2671,#2672);
#2671 = CARTESIAN_POINT('',(15.,19.857142857143));
#2672 = DIRECTION('',(0.,1.));
#2673 = ( GEOMETRIC_REPRESENTATION_CONTEXT(2) 
PARAMETRIC_REPRESENTATION_CONTEXT() REPRESENTATION_CONTEXT('2D SPACE',''
  ) );
#2674 = ADVANCED_FACE('',(#2675),#418,.F.);
#2675 = FACE_BOUND('',#2676,.F.);
#2676 = EDGE_LOOP('',(#2677,#2746,#2774,#2775));
#2677 = ORIENTED_EDGE('',*,*,#2678,.T.);
#2678 = EDGE_CURVE('',#311,#2679,#2681,.T.);
#2679 = VERTEX_POINT('',#2680);
#2680 = CARTESIAN_POINT('',(69.55302445684,226.48681371948,0.));
#2681 = SURFACE_CURVE('',#2682,(#2706,#2733),.PCURVE_S1.);
#2682 = B_SPLINE_CURVE_WITH_KNOTS('',8,(#2683,#2684,#2685,#2686,#2687,
    #2688,#2689,#2690,#2691,#2692,#2693,#2694,#2695,#2696,#2697,#2698,
    #2699,#2700,#2701,#2702,#2703,#2704,#2705),.UNSPECIFIED.,.F.,.F.,(9,
    7,7,9),(0.,0.161305549148,0.499853503758,1.),.UNSPECIFIED.);
#2683 = CARTESIAN_POINT('',(70.1,225.46097722286,18.463895663968));
#2684 = CARTESIAN_POINT('',(70.1,225.46097722286,18.076103698867));
#2685 = CARTESIAN_POINT('',(70.09908729365,225.4651362636,
    17.689372207668));
#2686 = CARTESIAN_POINT('',(70.097413618062,225.4727576656,
    17.302636686653));
#2687 = CARTESIAN_POINT('',(70.095070108538,225.48321534817,
    16.915748649026));
#2688 = CARTESIAN_POINT('',(70.092117703688,225.4959703625,16.5290319682
    ));
#2689 = CARTESIAN_POINT('',(70.088602842792,225.51058399352,
    16.142839111221));
#2690 = CARTESIAN_POINT('',(70.084558455392,225.52672743082,
    15.757107262348));
#2691 = CARTESIAN_POINT('',(70.070402482991,225.58083425424,
    14.560372940519));
#2692 = CARTESIAN_POINT('',(70.058336569758,225.62393920624,
    13.733314406511));
#2693 = CARTESIAN_POINT('',(70.043948312149,225.67099223369,
    12.901388974623));
#2694 = CARTESIAN_POINT('',(70.027421883605,225.71998234064,
    12.075070184728));
#2695 = CARTESIAN_POINT('',(70.008968574677,225.76993913932,
    11.257996476371));
#2696 = CARTESIAN_POINT('',(69.988595231862,225.82055710008,
    10.44676004904));
#2697 = CARTESIAN_POINT('',(69.966073694084,225.87206996309,
    9.632833572045));
#2698 = CARTESIAN_POINT('',(69.903447154606,226.00345526088,
    7.57626300854));
#2699 = CARTESIAN_POINT('',(69.86120229622,226.08277385877,6.35126683569
    ));
#2700 = CARTESIAN_POINT('',(69.813913011293,226.16225382737,
    5.126823431224));
#2701 = CARTESIAN_POINT('',(69.761356633278,226.24147784071,
    3.902027535179));
#2702 = CARTESIAN_POINT('',(69.703248684328,226.32008276864,
    2.676363310909));
#2703 = CARTESIAN_POINT('',(69.639260153423,226.39766660698,
    1.450000293021));
#2704 = CARTESIAN_POINT('',(69.569030784513,226.47378407189,
    0.223940223231));
#2705 = CARTESIAN_POINT('',(69.492171724275,226.54787710922,
    -1.000000596205));
#2706 = PCURVE('',#418,#2707);
#2707 = DEFINITIONAL_REPRESENTATION('',(#2708),#2732);
#2708 = B_SPLINE_CURVE_WITH_KNOTS('',8,(#2709,#2710,#2711,#2712,#2713,
    #2714,#2715,#2716,#2717,#2718,#2719,#2720,#2721,#2722,#2723,#2724,
    #2725,#2726,#2727,#2728,#2729,#2730,#2731),.UNSPECIFIED.,.F.,.F.,(9,
    7,7,9),(0.,0.161305549148,0.499853503758,1.),.UNSPECIFIED.);
#2709 = CARTESIAN_POINT('',(0.,529.85717519306));
#2710 = CARTESIAN_POINT('',(8.893126677414E-03,530.23442162672));
#2711 = CARTESIAN_POINT('',(1.736135107125E-02,530.61159974398));
#2712 = CARTESIAN_POINT('',(2.549723319637E-02,530.98958373541));
#2713 = CARTESIAN_POINT('',(3.336517079655E-02,531.36837303675));
#2714 = CARTESIAN_POINT('',(4.101014288186E-02,531.74752775033));
#2715 = CARTESIAN_POINT('',(4.846674018206E-02,532.12660337859));
#2716 = CARTESIAN_POINT('',(5.576848251595E-02,532.50558486983));
#2717 = CARTESIAN_POINT('',(7.804556564532E-02,533.68230770641));
#2718 = CARTESIAN_POINT('',(9.290632681956E-02,534.49685937991));
#2719 = CARTESIAN_POINT('',(0.10751864609,535.31706005724));
#2720 = CARTESIAN_POINT('',(0.121839623317,536.13225522575));
#2721 = CARTESIAN_POINT('',(0.135881550642,536.93868062717));
#2722 = CARTESIAN_POINT('',(0.149754670837,537.73958062401));
#2723 = CARTESIAN_POINT('',(0.163636982112,538.54330479562));
#2724 = CARTESIAN_POINT('',(0.198697715724,540.57438095269));
#2725 = CARTESIAN_POINT('',(0.219567779303,541.78443665306));
#2726 = CARTESIAN_POINT('',(0.240512314852,542.99399201467));
#2727 = CARTESIAN_POINT('',(0.261608974836,544.20383096656));
#2728 = CARTESIAN_POINT('',(0.282923759973,545.41437124901));
#2729 = CARTESIAN_POINT('',(0.304513642384,546.62535484937));
#2730 = CARTESIAN_POINT('',(0.326423994526,547.83570405413));
#2731 = CARTESIAN_POINT('',(0.348696205454,549.04352275806));
#2732 = ( GEOMETRIC_REPRESENTATION_CONTEXT(2) 
PARAMETRIC_REPRESENTATION_CONTEXT() REPRESENTATION_CONTEXT('2D SPACE',''
  ) );
#2733 = PCURVE('',#236,#2734);
#2734 = DEFINITIONAL_REPRESENTATION('',(#2735),#2745);
#2735 = B_SPLINE_CURVE_WITH_KNOTS('',8,(#2736,#2737,#2738,#2739,#2740,
    #2741,#2742,#2743,#2744),.UNSPECIFIED.,.F.,.F.,(9,9),(0.594143083511
    ,0.948946820238),.PIECEWISE_BEZIER_KNOTS.);
#2736 = CARTESIAN_POINT('',(6.790193905537,7.954098339749));
#2737 = CARTESIAN_POINT('',(6.820050287005,7.084956333389));
#2738 = CARTESIAN_POINT('',(6.850532146982,6.21605230769));
#2739 = CARTESIAN_POINT('',(6.881618276935,5.347115191548));
#2740 = CARTESIAN_POINT('',(6.913317319866,4.47793845108));
#2741 = CARTESIAN_POINT('',(6.945651469392,3.60844341249));
#2742 = CARTESIAN_POINT('',(6.978651122372,2.738724779169));
#2743 = CARTESIAN_POINT('',(7.012354453821,1.86907698122));
#2744 = CARTESIAN_POINT('',(7.046805882865,0.999999995584));
#2745 = ( GEOMETRIC_REPRESENTATION_CONTEXT(2) 
PARAMETRIC_REPRESENTATION_CONTEXT() REPRESENTATION_CONTEXT('2D SPACE',''
  ) );
#2746 = ORIENTED_EDGE('',*,*,#2747,.T.);
#2747 = EDGE_CURVE('',#2679,#2604,#2748,.T.);
#2748 = SURFACE_CURVE('',#2749,(#2754,#2767),.PCURVE_S1.);
#2749 = ELLIPSE('',#2750,10.382334988749,10.1);
#2750 = AXIS2_PLACEMENT_3D('',#2751,#2752,#2753);
#2751 = CARTESIAN_POINT('',(60.,229.85714285714,0.));
#2752 = DIRECTION('',(0.,0.,1.));
#2753 = DIRECTION('',(0.,1.,-0.));
#2754 = PCURVE('',#418,#2755);
#2755 = DEFINITIONAL_REPRESENTATION('',(#2756),#2766);
#2756 = B_SPLINE_CURVE_WITH_KNOTS('',8,(#2757,#2758,#2759,#2760,#2761,
    #2762,#2763,#2764,#2765),.UNSPECIFIED.,.F.,.F.,(9,9),(4.381777453512
    ,4.712388980385),.PIECEWISE_BEZIER_KNOTS.);
#2757 = CARTESIAN_POINT('',(0.330611526871,548.05657244544));
#2758 = CARTESIAN_POINT('',(0.289285086012,548.15057065767));
#2759 = CARTESIAN_POINT('',(0.247958645153,548.24609255952));
#2760 = CARTESIAN_POINT('',(0.206632204295,548.34289352351));
#2761 = CARTESIAN_POINT('',(0.165305763436,548.44072337198));
#2762 = CARTESIAN_POINT('',(0.123979322577,548.53932771422));
#2763 = CARTESIAN_POINT('',(8.265288171798E-02,548.63844933302));
#2764 = CARTESIAN_POINT('',(4.132644085904E-02,548.73782959397));
#2765 = CARTESIAN_POINT('',(1.15463194561E-14,548.83720984461));
#2766 = ( GEOMETRIC_REPRESENTATION_CONTEXT(2) 
PARAMETRIC_REPRESENTATION_CONTEXT() REPRESENTATION_CONTEXT('2D SPACE',''
  ) );
#2767 = PCURVE('',#72,#2768);
#2768 = DEFINITIONAL_REPRESENTATION('',(#2769),#2773);
#2769 = ELLIPSE('',#2770,10.382334988749,10.1);
#2770 = AXIS2_PLACEMENT_2D('',#2771,#2772);
#2771 = CARTESIAN_POINT('',(15.,19.857142857143));
#2772 = DIRECTION('',(0.,1.));
#2773 = ( GEOMETRIC_REPRESENTATION_CONTEXT(2) 
PARAMETRIC_REPRESENTATION_CONTEXT() REPRESENTATION_CONTEXT('2D SPACE',''
  ) );
#2774 = ORIENTED_EDGE('',*,*,#2603,.F.);
#2775 = ORIENTED_EDGE('',*,*,#384,.T.);
#2776 = ADVANCED_FACE('',(#2777,#2871),#297,.T.);
#2777 = FACE_BOUND('',#2778,.T.);
#2778 = EDGE_LOOP('',(#2779,#2804,#2827,#2850));
#2779 = ORIENTED_EDGE('',*,*,#2780,.F.);
#2780 = EDGE_CURVE('',#2781,#2783,#2785,.T.);
#2781 = VERTEX_POINT('',#2782);
#2782 = CARTESIAN_POINT('',(75.,210.,0.));
#2783 = VERTEX_POINT('',#2784);
#2784 = CARTESIAN_POINT('',(75.,210.,50.));
#2785 = SURFACE_CURVE('',#2786,(#2790,#2797),.PCURVE_S1.);
#2786 = LINE('',#2787,#2788);
#2787 = CARTESIAN_POINT('',(75.,210.,0.));
#2788 = VECTOR('',#2789,1.);
#2789 = DIRECTION('',(0.,0.,1.));
#2790 = PCURVE('',#297,#2791);
#2791 = DEFINITIONAL_REPRESENTATION('',(#2792),#2796);
#2792 = LINE('',#2793,#2794);
#2793 = CARTESIAN_POINT('',(0.,0.));
#2794 = VECTOR('',#2795,1.);
#2795 = DIRECTION('',(1.,0.));
#2796 = ( GEOMETRIC_REPRESENTATION_CONTEXT(2) 
PARAMETRIC_REPRESENTATION_CONTEXT() REPRESENTATION_CONTEXT('2D SPACE',''
  ) );
#2797 = PCURVE('',#44,#2798);
#2798 = DEFINITIONAL_REPRESENTATION('',(#2799),#2803);
#2799 = LINE('',#2800,#2801);
#2800 = CARTESIAN_POINT('',(0.,30.));
#2801 = VECTOR('',#2802,1.);
#2802 = DIRECTION('',(1.,0.));
#2803 = ( GEOMETRIC_REPRESENTATION_CONTEXT(2) 
PARAMETRIC_REPRESENTATION_CONTEXT() REPRESENTATION_CONTEXT('2D SPACE',''
  ) );
#2804 = ORIENTED_EDGE('',*,*,#2805,.T.);
#2805 = EDGE_CURVE('',#2781,#2806,#2808,.T.);
#2806 = VERTEX_POINT('',#2807);
#2807 = CARTESIAN_POINT('',(75.,240.,0.));
#2808 = SURFACE_CURVE('',#2809,(#2813,#2820),.PCURVE_S1.);
#2809 = LINE('',#2810,#2811);
#2810 = CARTESIAN_POINT('',(75.,210.,0.));
#2811 = VECTOR('',#2812,1.);
#2812 = DIRECTION('',(-0.,1.,0.));
#2813 = PCURVE('',#297,#2814);
#2814 = DEFINITIONAL_REPRESENTATION('',(#2815),#2819);
#2815 = LINE('',#2816,#2817);
#2816 = CARTESIAN_POINT('',(0.,0.));
#2817 = VECTOR('',#2818,1.);
#2818 = DIRECTION('',(0.,-1.));
#2819 = ( GEOMETRIC_REPRESENTATION_CONTEXT(2) 
PARAMETRIC_REPRESENTATION_CONTEXT() REPRESENTATION_CONTEXT('2D SPACE',''
  ) );
#2820 = PCURVE('',#72,#2821);
#2821 = DEFINITIONAL_REPRESENTATION('',(#2822),#2826);
#2822 = LINE('',#2823,#2824);
#2823 = CARTESIAN_POINT('',(30.,0.));
#2824 = VECTOR('',#2825,1.);
#2825 = DIRECTION('',(0.,1.));
#2826 = ( GEOMETRIC_REPRESENTATION_CONTEXT(2) 
PARAMETRIC_REPRESENTATION_CONTEXT() REPRESENTATION_CONTEXT('2D SPACE',''
  ) );
#2827 = ORIENTED_EDGE('',*,*,#2828,.T.);
#2828 = EDGE_CURVE('',#2806,#2829,#2831,.T.);
#2829 = VERTEX_POINT('',#2830);
#2830 = CARTESIAN_POINT('',(75.,240.,50.));
#2831 = SURFACE_CURVE('',#2832,(#2836,#2843),.PCURVE_S1.);
#2832 = LINE('',#2833,#2834);
#2833 = CARTESIAN_POINT('',(75.,240.,0.));
#2834 = VECTOR('',#2835,1.);
#2835 = DIRECTION('',(0.,0.,1.));
#2836 = PCURVE('',#297,#2837);
#2837 = DEFINITIONAL_REPRESENTATION('',(#2838),#2842);
#2838 = LINE('',#2839,#2840);
#2839 = CARTESIAN_POINT('',(0.,-30.));
#2840 = VECTOR('',#2841,1.);
#2841 = DIRECTION('',(1.,0.));
#2842 = ( GEOMETRIC_REPRESENTATION_CONTEXT(2) 
PARAMETRIC_REPRESENTATION_CONTEXT() REPRESENTATION_CONTEXT('2D SPACE',''
  ) );
#2843 = PCURVE('',#100,#2844);
#2844 = DEFINITIONAL_REPRESENTATION('',(#2845),#2849);
#2845 = LINE('',#2846,#2847);
#2846 = CARTESIAN_POINT('',(0.,30.));
#2847 = VECTOR('',#2848,1.);
#2848 = DIRECTION('',(1.,0.));
#2849 = ( GEOMETRIC_REPRESENTATION_CONTEXT(2) 
PARAMETRIC_REPRESENTATION_CONTEXT() REPRESENTATION_CONTEXT('2D SPACE',''
  ) );
#2850 = ORIENTED_EDGE('',*,*,#2851,.F.);
#2851 = EDGE_CURVE('',#2783,#2829,#2852,.T.);
#2852 = SURFACE_CURVE('',#2853,(#2857,#2864),.PCURVE_S1.);
#2853 = LINE('',#2854,#2855);
#2854 = CARTESIAN_POINT('',(75.,210.,50.));
#2855 = VECTOR('',#2856,1.);
#2856 = DIRECTION('',(-0.,1.,0.));
#2857 = PCURVE('',#297,#2858);
#2858 = DEFINITIONAL_REPRESENTATION('',(#2859),#2863);
#2859 = LINE('',#2860,#2861);
#2860 = CARTESIAN_POINT('',(50.,0.));
#2861 = VECTOR('',#2862,1.);
#2862 = DIRECTION('',(0.,-1.));
#2863 = ( GEOMETRIC_REPRESENTATION_CONTEXT(2) 
PARAMETRIC_REPRESENTATION_CONTEXT() REPRESENTATION_CONTEXT('2D SPACE',''
  ) );
#2864 = PCURVE('',#126,#2865);
#2865 = DEFINITIONAL_REPRESENTATION('',(#2866),#2870);
#2866 = LINE('',#2867,#2868);
#2867 = CARTESIAN_POINT('',(30.,0.));
#2868 = VECTOR('',#2869,1.);
#2869 = DIRECTION('',(0.,1.));
#2870 = ( GEOMETRIC_REPRESENTATION_CONTEXT(2) 
PARAMETRIC_REPRESENTATION_CONTEXT() REPRESENTATION_CONTEXT('2D SPACE',''
  ) );
#2871 = FACE_BOUND('',#2872,.T.);
#2872 = EDGE_LOOP('',(#2873));
#2873 = ORIENTED_EDGE('',*,*,#282,.F.);
#2874 = ADVANCED_FACE('',(#2875),#236,.F.);
#2875 = FACE_BOUND('',#2876,.F.);
#2876 = EDGE_LOOP('',(#2877,#2899,#2900,#2901,#2902));
#2877 = ORIENTED_EDGE('',*,*,#2878,.T.);
#2878 = EDGE_CURVE('',#2304,#2679,#2879,.T.);
#2879 = SURFACE_CURVE('',#2880,(#2885,#2892),.PCURVE_S1.);
#2880 = CIRCLE('',#2881,2.15);
#2881 = AXIS2_PLACEMENT_3D('',#2882,#2883,#2884);
#2882 = CARTESIAN_POINT('',(68.,225.,0.));
#2883 = DIRECTION('',(0.,0.,1.));
#2884 = DIRECTION('',(-0.230696869279,-0.973025670013,0.));
#2885 = PCURVE('',#236,#2886);
#2886 = DEFINITIONAL_REPRESENTATION('',(#2887),#2891);
#2887 = LINE('',#2888,#2889);
#2888 = CARTESIAN_POINT('',(4.479595170286,1.));
#2889 = VECTOR('',#2890,1.);
#2890 = DIRECTION('',(1.,0.));
#2891 = ( GEOMETRIC_REPRESENTATION_CONTEXT(2) 
PARAMETRIC_REPRESENTATION_CONTEXT() REPRESENTATION_CONTEXT('2D SPACE',''
  ) );
#2892 = PCURVE('',#72,#2893);
#2893 = DEFINITIONAL_REPRESENTATION('',(#2894),#2898);
#2894 = CIRCLE('',#2895,2.15);
#2895 = AXIS2_PLACEMENT_2D('',#2896,#2897);
#2896 = CARTESIAN_POINT('',(23.,15.));
#2897 = DIRECTION('',(-0.230696869279,-0.973025670013));
#2898 = ( GEOMETRIC_REPRESENTATION_CONTEXT(2) 
PARAMETRIC_REPRESENTATION_CONTEXT() REPRESENTATION_CONTEXT('2D SPACE',''
  ) );
#2899 = ORIENTED_EDGE('',*,*,#2678,.F.);
#2900 = ORIENTED_EDGE('',*,*,#310,.F.);
#2901 = ORIENTED_EDGE('',*,*,#172,.F.);
#2902 = ORIENTED_EDGE('',*,*,#2347,.F.);
#2903 = ADVANCED_FACE('',(#2904),#100,.T.);
#2904 = FACE_BOUND('',#2905,.T.);
#2905 = EDGE_LOOP('',(#2906,#2927,#2928,#2949,#2950,#2971));
#2906 = ORIENTED_EDGE('',*,*,#2907,.F.);
#2907 = EDGE_CURVE('',#57,#2274,#2908,.T.);
#2908 = SURFACE_CURVE('',#2909,(#2913,#2920),.PCURVE_S1.);
#2909 = LINE('',#2910,#2911);
#2910 = CARTESIAN_POINT('',(45.,240.,0.));
#2911 = VECTOR('',#2912,1.);
#2912 = DIRECTION('',(1.,0.,-0.));
#2913 = PCURVE('',#100,#2914);
#2914 = DEFINITIONAL_REPRESENTATION('',(#2915),#2919);
#2915 = LINE('',#2916,#2917);
#2916 = CARTESIAN_POINT('',(0.,0.));
#2917 = VECTOR('',#2918,1.);
#2918 = DIRECTION('',(0.,1.));
#2919 = ( GEOMETRIC_REPRESENTATION_CONTEXT(2) 
PARAMETRIC_REPRESENTATION_CONTEXT() REPRESENTATION_CONTEXT('2D SPACE',''
  ) );
#2920 = PCURVE('',#72,#2921);
#2921 = DEFINITIONAL_REPRESENTATION('',(#2922),#2926);
#2922 = LINE('',#2923,#2924);
#2923 = CARTESIAN_POINT('',(0.,30.));
#2924 = VECTOR('',#2925,1.);
#2925 = DIRECTION('',(1.,0.));
#2926 = ( GEOMETRIC_REPRESENTATION_CONTEXT(2) 
PARAMETRIC_REPRESENTATION_CONTEXT() REPRESENTATION_CONTEXT('2D SPACE',''
  ) );
#2927 = ORIENTED_EDGE('',*,*,#84,.T.);
#2928 = ORIENTED_EDGE('',*,*,#2929,.T.);
#2929 = EDGE_CURVE('',#85,#2829,#2930,.T.);
#2930 = SURFACE_CURVE('',#2931,(#2935,#2942),.PCURVE_S1.);
#2931 = LINE('',#2932,#2933);
#2932 = CARTESIAN_POINT('',(45.,240.,50.));
#2933 = VECTOR('',#2934,1.);
#2934 = DIRECTION('',(1.,0.,-0.));
#2935 = PCURVE('',#100,#2936);
#2936 = DEFINITIONAL_REPRESENTATION('',(#2937),#2941);
#2937 = LINE('',#2938,#2939);
#2938 = CARTESIAN_POINT('',(50.,0.));
#2939 = VECTOR('',#2940,1.);
#2940 = DIRECTION('',(0.,1.));
#2941 = ( GEOMETRIC_REPRESENTATION_CONTEXT(2) 
PARAMETRIC_REPRESENTATION_CONTEXT() REPRESENTATION_CONTEXT('2D SPACE',''
  ) );
#2942 = PCURVE('',#126,#2943);
#2943 = DEFINITIONAL_REPRESENTATION('',(#2944),#2948);
#2944 = LINE('',#2945,#2946);
#2945 = CARTESIAN_POINT('',(0.,30.));
#2946 = VECTOR('',#2947,1.);
#2947 = DIRECTION('',(1.,0.));
#2948 = ( GEOMETRIC_REPRESENTATION_CONTEXT(2) 
PARAMETRIC_REPRESENTATION_CONTEXT() REPRESENTATION_CONTEXT('2D SPACE',''
  ) );
#2949 = ORIENTED_EDGE('',*,*,#2828,.F.);
#2950 = ORIENTED_EDGE('',*,*,#2951,.F.);
#2951 = EDGE_CURVE('',#2276,#2806,#2952,.T.);
#2952 = SURFACE_CURVE('',#2953,(#2957,#2964),.PCURVE_S1.);
#2953 = LINE('',#2954,#2955);
#2954 = CARTESIAN_POINT('',(45.,240.,0.));
#2955 = VECTOR('',#2956,1.);
#2956 = DIRECTION('',(1.,0.,-0.));
#2957 = PCURVE('',#100,#2958);
#2958 = DEFINITIONAL_REPRESENTATION('',(#2959),#2963);
#2959 = LINE('',#2960,#2961);
#2960 = CARTESIAN_POINT('',(0.,0.));
#2961 = VECTOR('',#2962,1.);
#2962 = DIRECTION('',(0.,1.));
#2963 = ( GEOMETRIC_REPRESENTATION_CONTEXT(2) 
PARAMETRIC_REPRESENTATION_CONTEXT() REPRESENTATION_CONTEXT('2D SPACE',''
  ) );
#2964 = PCURVE('',#72,#2965);
#2965 = DEFINITIONAL_REPRESENTATION('',(#2966),#2970);
#2966 = LINE('',#2967,#2968);
#2967 = CARTESIAN_POINT('',(0.,30.));
#2968 = VECTOR('',#2969,1.);
#2969 = DIRECTION('',(1.,0.));
#2970 = ( GEOMETRIC_REPRESENTATION_CONTEXT(2) 
PARAMETRIC_REPRESENTATION_CONTEXT() REPRESENTATION_CONTEXT('2D SPACE',''
  ) );
#2971 = ORIENTED_EDGE('',*,*,#2273,.F.);
#2972 = ADVANCED_FACE('',(#2973),#72,.F.);
#2973 = FACE_BOUND('',#2974,.F.);
#2974 = EDGE_LOOP('',(#2975,#2976,#2977,#2998,#2999,#3000,#3001,#3002,
    #3003));
#2975 = ORIENTED_EDGE('',*,*,#2907,.F.);
#2976 = ORIENTED_EDGE('',*,*,#56,.F.);
#2977 = ORIENTED_EDGE('',*,*,#2978,.T.);
#2978 = EDGE_CURVE('',#22,#2781,#2979,.T.);
#2979 = SURFACE_CURVE('',#2980,(#2984,#2991),.PCURVE_S1.);
#2980 = LINE('',#2981,#2982);
#2981 = CARTESIAN_POINT('',(45.,210.,0.));
#2982 = VECTOR('',#2983,1.);
#2983 = DIRECTION('',(1.,0.,-0.));
#2984 = PCURVE('',#72,#2985);
#2985 = DEFINITIONAL_REPRESENTATION('',(#2986),#2990);
#2986 = LINE('',#2987,#2988);
#2987 = CARTESIAN_POINT('',(0.,0.));
#2988 = VECTOR('',#2989,1.);
#2989 = DIRECTION('',(1.,0.));
#2990 = ( GEOMETRIC_REPRESENTATION_CONTEXT(2) 
PARAMETRIC_REPRESENTATION_CONTEXT() REPRESENTATION_CONTEXT('2D SPACE',''
  ) );
#2991 = PCURVE('',#44,#2992);
#2992 = DEFINITIONAL_REPRESENTATION('',(#2993),#2997);
#2993 = LINE('',#2994,#2995);
#2994 = CARTESIAN_POINT('',(0.,0.));
#2995 = VECTOR('',#2996,1.);
#2996 = DIRECTION('',(0.,1.));
#2997 = ( GEOMETRIC_REPRESENTATION_CONTEXT(2) 
PARAMETRIC_REPRESENTATION_CONTEXT() REPRESENTATION_CONTEXT('2D SPACE',''
  ) );
#2998 = ORIENTED_EDGE('',*,*,#2805,.T.);
#2999 = ORIENTED_EDGE('',*,*,#2951,.F.);
#3000 = ORIENTED_EDGE('',*,*,#2626,.F.);
#3001 = ORIENTED_EDGE('',*,*,#2747,.F.);
#3002 = ORIENTED_EDGE('',*,*,#2878,.F.);
#3003 = ORIENTED_EDGE('',*,*,#2303,.F.);
#3004 = ADVANCED_FACE('',(#3005),#126,.T.);
#3005 = FACE_BOUND('',#3006,.T.);
#3006 = EDGE_LOOP('',(#3007,#3008,#3009,#3030,#3031,#3032,#3053));
#3007 = ORIENTED_EDGE('',*,*,#2929,.F.);
#3008 = ORIENTED_EDGE('',*,*,#112,.F.);
#3009 = ORIENTED_EDGE('',*,*,#3010,.T.);
#3010 = EDGE_CURVE('',#24,#2519,#3011,.T.);
#3011 = SURFACE_CURVE('',#3012,(#3016,#3023),.PCURVE_S1.);
#3012 = LINE('',#3013,#3014);
#3013 = CARTESIAN_POINT('',(45.,210.,50.));
#3014 = VECTOR('',#3015,1.);
#3015 = DIRECTION('',(1.,0.,-0.));
#3016 = PCURVE('',#126,#3017);
#3017 = DEFINITIONAL_REPRESENTATION('',(#3018),#3022);
#3018 = LINE('',#3019,#3020);
#3019 = CARTESIAN_POINT('',(0.,0.));
#3020 = VECTOR('',#3021,1.);
#3021 = DIRECTION('',(1.,0.));
#3022 = ( GEOMETRIC_REPRESENTATION_CONTEXT(2) 
PARAMETRIC_REPRESENTATION_CONTEXT() REPRESENTATION_CONTEXT('2D SPACE',''
  ) );
#3023 = PCURVE('',#44,#3024);
#3024 = DEFINITIONAL_REPRESENTATION('',(#3025),#3029);
#3025 = LINE('',#3026,#3027);
#3026 = CARTESIAN_POINT('',(50.,0.));
#3027 = VECTOR('',#3028,1.);
#3028 = DIRECTION('',(0.,1.));
#3029 = ( GEOMETRIC_REPRESENTATION_CONTEXT(2) 
PARAMETRIC_REPRESENTATION_CONTEXT() REPRESENTATION_CONTEXT('2D SPACE',''
  ) );
#3030 = ORIENTED_EDGE('',*,*,#2548,.F.);
#3031 = ORIENTED_EDGE('',*,*,#2467,.F.);
#3032 = ORIENTED_EDGE('',*,*,#3033,.T.);
#3033 = EDGE_CURVE('',#2468,#2783,#3034,.T.);
#3034 = SURFACE_CURVE('',#3035,(#3039,#3046),.PCURVE_S1.);
#3035 = LINE('',#3036,#3037);
#3036 = CARTESIAN_POINT('',(45.,210.,50.));
#3037 = VECTOR('',#3038,1.);
#3038 = DIRECTION('',(1.,0.,-0.));
#3039 = PCURVE('',#126,#3040);
#3040 = DEFINITIONAL_REPRESENTATION('',(#3041),#3045);
#3041 = LINE('',#3042,#3043);
#3042 = CARTESIAN_POINT('',(0.,0.));
#3043 = VECTOR('',#3044,1.);
#3044 = DIRECTION('',(1.,0.));
#3045 = ( GEOMETRIC_REPRESENTATION_CONTEXT(2) 
PARAMETRIC_REPRESENTATION_CONTEXT() REPRESENTATION_CONTEXT('2D SPACE',''
  ) );
#3046 = PCURVE('',#44,#3047);
#3047 = DEFINITIONAL_REPRESENTATION('',(#3048),#3052);
#3048 = LINE('',#3049,#3050);
#3049 = CARTESIAN_POINT('',(50.,0.));
#3050 = VECTOR('',#3051,1.);
#3051 = DIRECTION('',(0.,1.));
#3052 = ( GEOMETRIC_REPRESENTATION_CONTEXT(2) 
PARAMETRIC_REPRESENTATION_CONTEXT() REPRESENTATION_CONTEXT('2D SPACE',''
  ) );
#3053 = ORIENTED_EDGE('',*,*,#2851,.T.);
#3054 = ADVANCED_FACE('',(#3055),#44,.F.);
#3055 = FACE_BOUND('',#3056,.F.);
#3056 = EDGE_LOOP('',(#3057,#3058,#3059,#3060,#3061,#3062));
#3057 = ORIENTED_EDGE('',*,*,#2780,.F.);
#3058 = ORIENTED_EDGE('',*,*,#2978,.F.);
#3059 = ORIENTED_EDGE('',*,*,#21,.T.);
#3060 = ORIENTED_EDGE('',*,*,#3010,.T.);
#3061 = ORIENTED_EDGE('',*,*,#2518,.F.);
#3062 = ORIENTED_EDGE('',*,*,#3033,.T.);
#3063 = ( GEOMETRIC_REPRESENTATION_CONTEXT(3) 
GLOBAL_UNCERTAINTY_ASSIGNED_CONTEXT((#3067)) 
GLOBAL_UNIT_ASSIGNED_CONTEXT((#3064,#3065,#3066)) REPRESENTATION_CONTEXT
('Context #1','3D Context with UNIT and UNCERTAINTY') );
#3064 = ( LENGTH_UNIT() NAMED_UNIT(*) SI_UNIT(.MILLI.,.METRE.) );
#3065 = ( NAMED_UNIT(*) PLANE_ANGLE_UNIT() SI_UNIT($,.RADIAN.) );
#3066 = ( NAMED_UNIT(*) SI_UNIT($,.STERADIAN.) SOLID_ANGLE_UNIT() );
#3067 = UNCERTAINTY_MEASURE_WITH_UNIT(LENGTH_MEASURE(1.E-07),#3064,
  'distance_accuracy_value','confusion accuracy');
#3068 = PRODUCT_RELATED_PRODUCT_CATEGORY('part',$,(#7));
ENDSEC;
END-ISO-10303-21;
